Unnamed: 0,Account Name,DBA,City,State,County,Business License App Category Name,Expire Date,Latitude,Longitude,Zip Code,Year,name,synonyms,street_address,city,state,zip,long,lat
0.0,5280 Ragdolls LLC,,Brighton,CO,ADAMS,Cat Breeder,3/2/2026,39.9852617,-104.8205283,,2024.0,,,,,,,,
1.0,5280 Reptile Room LLC,5280 Reptile Room (North),Northglenn,CO,ADAMS,Retail / Wholesale of Pet Animals,3/2/2026,39.91331960000001,-104.9762129,80233.0,2024.0,,,,,,,,
2.0,5280 Reptile Room LLC,5280 Reptile Room (North),Northglenn,CO,ADAMS,Reptile / Amphibian Breeder,3/2/2026,39.91331960000001,-104.9762129,80233.0,2024.0,,,,,,,,
3.0,5280 Reptile Room LLC,5280 Reptile Room (North),Northglenn,CO,ADAMS,Small Animal Breeder,3/2/2026,39.91331960000001,-104.9762129,80233.0,2024.0,,,,,,,,
4.0,5280 Reptile Room LLC,5280 Reptile Room (North),Northglenn,CO,ADAMS,Pet Animal Small Shelter,3/2/2026,39.91331960000001,-104.9762129,80233.0,2024.0,,,,,,,,
5.0,5th Avenue Pets Inc,Pet Ranch,Denver,CO,ADAMS,Retail / Wholesale of Pet Animals,3/2/2026,39.7243638,-104.9310826,,2024.0,,,,,,,,
6.0,5th Avenue Pets Inc,Pet Ranch,Denver,CO,ADAMS,Small Animal Breeder,3/2/2026,39.7243638,-104.9310826,,2024.0,,,,,,,,
7.0,Adams County Animal Shelter / Adoption Center,Riverdale Animal Shelter,Brighton,CO,ADAMS,Pet Animal Large Shelter,3/2/2026,39.9852617,-104.8205283,,2024.0,,,,,,,,
8.0,Agents of Chaos TNR,Agents of Chaos TNR,Northglenn,CO,ADAMS,Pet Animal Small Rescue,3/2/2026,39.8961821,-104.9811468,,2024.0,,,,,,,,
9.0,Alexis Oldham,,Brighton,CO,ADAMS,Independent Contractor (IC) Pet Groomer,3/2/2026,39.9852617,-104.8205283,,2024.0,,,,,,,,
10.0,All Points West German Shorthaired Pointer Rescue,,Northglenn,CO,ADAMS,Pet Animal Small Rescue,3/2/2026,39.8961821,-104.9811468,,2024.0,,,,,,,,
11.0,Allbrick Veterinary Clinic,Allbrick Veterinary Clinic,Denver,CO,ADAMS,Pet Boarding and/or Training,3/2/2026,39.85436,-105.0149737,80260.0,2024.0,,,,,,,,
12.0,Allbrick Veterinary Clinic,Allbrick Veterinary Clinic,Denver,CO,ADAMS,Pet Grooming Facility - Primary Facility Owner,3/2/2026,39.85436,-105.0149737,80260.0,2024.0,,,,,,,,
13.0,"American Canine Academy, LLC",,Henderson,CO,ADAMS,Pet Boarding and/or Training,3/2/2026,39.9202178,-104.8660597,,2024.0,,,,,,,,
14.0,"American Canine Academy, LLC",,Henderson,CO,ADAMS,Pet Grooming Facility - Primary Facility Owner,3/2/2026,39.9202178,-104.8660597,,2024.0,,,,,,,,
15.0,Autowash Larkridge Operating Company,Autowash@Larkridge,Thornton,CO,ADAMS,Pet Grooming Facility - Self Wash Facility,3/2/2026,39.99166659999999,-104.9813177,80023.0,2024.0,,,,,,,,
16.0,Baphomatic Grooming Ltd,,Northglenn,CO,ADAMS,Pet Grooming Facility - Primary Facility Owner,3/2/2026,39.8994163,-104.990445,80234.0,2024.0,,,,,,,,
17.0,Baphomatic Grooming Ltd,,Northglenn,CO,ADAMS,Pet Grooming Facility - Mobile Groomer,3/2/2026,39.8994163,-104.990445,80234.0,2024.0,,,,,,,,
18.0,Beauty Spa for Paws LLC,,Brighton,CO,ADAMS,Pet Grooming Facility - Primary Facility Owner,3/2/2026,39.9995058,-104.9502359,80602.0,2024.0,,,,,,,,
19.0,Black Ops Rescue,,Northglenn,CO,ADAMS,Pet Animal Small Rescue,3/2/2026,39.8961821,-104.9811468,,2024.0,,,,,,,,
20.0,Brianna A Dickson,Classy Pawz,Commerce City,CO,ADAMS,Pet Grooming Facility - Primary Facility Owner,3/2/2026,39.8083196,-104.9338675,,2024.0,,,,,,,,
21.0,Brighton Car Wash and Detail,,Brighton,CO,ADAMS,Pet Grooming Facility - Self Wash Facility,3/2/2026,39.9754029,-104.8285837,80601.0,2024.0,,,,,,,,
22.0,BZ Dog Training LLC,,Thornton,CO,ADAMS,Pet Handler,3/2/2026,39.8680412,-104.9719243,,2024.0,,,,,,,,
23.0,"Calae's Pet Resort, LLC",,Brighton,CO,ADAMS,Pet Boarding and/or Training,3/2/2026,39.9878492,-104.8835417,80602.0,2024.0,,,,,,,,
24.0,"Calae's Pet Resort, LLC",,Brighton,CO,ADAMS,Pet Grooming Facility - Primary Facility Owner,3/2/2026,39.9878492,-104.8835417,80602.0,2024.0,,,,,,,,
25.0,Calvert Dog Academy,,Denver,CO,ADAMS,Pet Handler,3/2/2026,39.8187468,-105.0095129,80221.0,2024.0,,,,,,,,
26.0,Caring 4 Paws LLC,,Westminster,CO,ADAMS,Pet Grooming Facility - Mobile Groomer,3/2/2026,39.8366528,-105.0372046,,2024.0,,,,,,,,
27.0,City of Aurora Animal Shelter,,Aurora,CO,ADAMS,Pet Animal Large Shelter,3/2/2026,39.7612667,-104.8042062,80011.0,2024.0,,,,,,,,
28.0,City of Aurora Animal Shelter,,Aurora,CO,ADAMS,Bird Band,3/2/2026,39.7612667,-104.8042062,80011.0,2024.0,,,,,,,,
29.0,CityVet Westminster,CityVet Westminster + Urgent Care,Westminster,CO,ADAMS,Pet Grooming Facility - Primary Facility Owner,3/2/2026,39.8837904,-105.027455,80260.0,2024.0,,,,,,,,
30.0,CLAWA Animal Rescue,,Thornton,CO,ADAMS,Pet Animal Large Rescue,3/2/2026,39.8680412,-104.9719243,,2024.0,,,,,,,,
31.0,Clear Water Reptiles LLC,Scales 'N Tails,Northglenn,CO,ADAMS,Retail / Wholesale of Pet Animals,3/2/2026,39.8961821,-104.9811468,,2024.0,,,,,,,,
32.0,Clear Water Reptiles LLC,Scales 'N Tails,Northglenn,CO,ADAMS,Reptile / Amphibian Breeder,3/2/2026,39.8961821,-104.9811468,,2024.0,,,,,,,,
33.0,Clear Water Reptiles LLC,Scales 'N Tails,Northglenn,CO,ADAMS,Pet Animal Small Shelter,3/2/2026,39.8961821,-104.9811468,,2024.0,,,,,,,,
34.0,Clovers Car Wash Inc.,Clover?s Car & Dog Wash,Thornton,CO,ADAMS,Pet Grooming Facility - Self Wash Facility,3/2/2026,39.9289538,-104.9820223,80241.0,2024.0,,,,,,,,
35.0,"Club Pet DIA, Inc",,Aurora,CO,ADAMS,Pet Boarding and/or Training,3/2/2026,39.74963,-104.79053,80011.0,2024.0,,,,,,,,
36.0,"Club Pet DIA, Inc",,Aurora,CO,ADAMS,Pet Grooming Facility - Primary Facility Owner,3/2/2026,39.74963,-104.79053,80011.0,2024.0,,,,,,,,
37.0,"Colorado Beagle Rescue, Inc.",,Westminster,CO,ADAMS,Pet Animal Small Rescue,3/2/2026,39.8366528,-105.0372046,,2024.0,,,,,,,,
38.0,Colorado Corgis and Friends,,Henderson,CO,ADAMS,Pet Animal Large Rescue,3/2/2026,39.8943663,-104.8783226,80640.0,2024.0,,,,,,,,
39.0,Complete Canine (K9) Training,,Brighton,CO,ADAMS,Pet Boarding and/or Training,3/2/2026,39.9901543,-104.7932119,80601.0,2024.0,,,,,,,,
40.0,Corgibutt Grooming,Corgibutt Grooming,Englewood,CO,ADAMS,Independent Contractor (IC) Pet Groomer,3/2/2026,39.6477653,-104.9877597,,2024.0,,,,,,,,
41.0,Courtney C. Clow,,Brighton,CO,ADAMS,Pet Grooming Facility - Mobile Groomer,3/2/2026,39.9852617,-104.8205283,,2024.0,,,,,,,,
42.0,Crestie King,Crestie King,Denver,CO,ADAMS,Reptile / Amphibian Breeder,3/2/2026,39.7548575,-105.0331086,,2024.0,,,,,,,,
43.0,CV DEN0046 Thornton LLC,CityVet - Thornton,Thornton,CO,ADAMS,Pet Grooming Facility - Primary Facility Owner,3/2/2026,39.8635118,-105.0013495,80260.0,2024.0,,,,,,,,
44.0,"Dancing Dog Rescue and Recovery Ranch, Inc.",,Commerce City,CO,ADAMS,Pet Animal Large Rescue,3/2/2026,39.8083196,-104.9338675,,2024.0,,,,,,,,
45.0,David Beattie,,Watkins,CO,ADAMS,Pet Transporter,3/2/2026,39.7435442,-104.6080353,80137.0,2024.0,,,,,,,,
46.0,Dawg Gon'It Grooming LLC,Dawg Gon'It Grooming LLC,Brighton,CO,ADAMS,Pet Grooming Facility - Primary Facility Owner,3/2/2026,39.9852617,-104.8205283,,2024.0,,,,,,,,
47.0,Dayna VanSickle,303D.O.G.,Brighton,CO,ADAMS,Pet Grooming Facility - Secondary Facility Owner,3/2/2026,39.9852617,-104.8205283,,2024.0,,,,,,,,
48.0,DD & S Family Inc.,Reef Encounters,Thornton,CO,ADAMS,Aquarium Only,3/2/2026,39.855178,-104.9787239,80229.0,2024.0,,,,,,,,
49.0,Debbie Grace,Debbie Grace,Westminister,CO,ADAMS,Pet Transporter,3/2/2026,39.8366528,-105.0372046,,2024.0,,,,,,,,
50.0,Deez Muttz LLC,,Brighton,CO,ADAMS,Pet Grooming Facility - Mobile Groomer,3/2/2026,39.9852617,-104.8205283,,2024.0,,,,,,,,
51.0,Dionne L DiPentima,,Brighton,CO,ADAMS,Pet Grooming Facility - Primary Facility Owner,3/2/2026,39.9852617,-104.8205283,,2024.0,,,,,,,,
52.0,Dna Slithers & Critters,,Federal Heights,CO,ADAMS,Retail / Wholesale of Pet Animals,3/2/2026,39.8624618,-105.0241516,80260.0,2024.0,,,,,,,,
53.0,Dna Slithers & Critters,,Federal Heights,CO,ADAMS,Small Animal Breeder,3/2/2026,39.8624618,-105.0241516,80260.0,2024.0,,,,,,,,
54.0,DoggEdayz,,Westminster,CO,ADAMS,Pet Boarding and/or Training,3/2/2026,39.8421745,-105.0522689,80030.0,2024.0,,,,,,,,
55.0,DoggEdayz,,Westminster,CO,ADAMS,Pet Boarding and/or Training,3/2/2026,39.8421745,-105.0522689,80030.0,2024.0,,,,,,,,
56.0,Doggie Do's,Doggie-Do's,Westminster,CO,ADAMS,Independent Contractor (IC) Pet Groomer,3/2/2026,39.8366528,-105.0372046,,2024.0,,,,,,,,
57.0,Doodle Me This LLC,,Westminster,CO,ADAMS,Pet Grooming Facility - Primary Facility Owner,3/2/2026,39.8728778,-105.0348162,80031.0,2024.0,,,,,,,,
58.0,El Dogo Pet grooming,El Dogo Pet Grooming,Westminster,CO,ADAMS,Pet Grooming Facility - Primary Facility Owner,3/2/2026,39.8806831,-105.0306676,80031.0,2024.0,,,,,,,,
59.0,Elite Reef LLC,,Denver,CO,ADAMS,Aquarium Only,3/2/2026,39.8124972,-104.9855889,80221.0,2024.0,,,,,,,,
60.0,Feeder Frenzy Ltd.,Feeder Frenzy Reptiles,Arvada,CO,ADAMS,Retail / Wholesale of Pet Animals,3/2/2026,39.8193475,-105.0528611,80003.0,2024.0,,,,,,,,
61.0,Feeder Frenzy Ltd.,Feeder Frenzy Reptiles,Arvada,CO,ADAMS,Reptile / Amphibian Breeder,3/2/2026,39.8193475,-105.0528611,80003.0,2024.0,,,,,,,,
62.0,Feeder Frenzy Ltd.,Feeder Frenzy Reptiles,Arvada,CO,ADAMS,Small Animal Breeder,3/2/2026,39.8193475,-105.0528611,80003.0,2024.0,,,,,,,,
63.0,Furry Tails LLC,Furry Tail Pet Grooming,Thornton,CO,ADAMS,Pet Grooming Facility - Mobile Groomer,3/2/2026,39.8680412,-104.9719243,,2024.0,,,,,,,,
64.0,Furtastic Mobile Grooming,,Denver,CO,ADAMS,Pet Grooming Facility - Mobile Groomer,3/2/2026,39.6884999,-104.988415,80223.0,2024.0,,,,,,,,
65.0,Furzzaflyin Pet Salon,,Thornton,CO,ADAMS,Pet Grooming Facility - Primary Facility Owner,3/2/2026,39.9164419,-104.9409524,80233.0,2024.0,,,,,,,,
66.0,Golden Grooming LLC,Zoomin Groomin,Denver,CO,ADAMS,Pet Grooming Facility - Mobile Groomer,3/2/2026,39.7408416,-104.986019,80121.0,2024.0,,,,,,,,
67.0,Golden Grooms LLC,,Brighton,CO,ADAMS,Pet Grooming Facility - Primary Facility Owner,3/2/2026,39.9852617,-104.8205283,,2024.0,,,,,,,,
68.0,Groombuggy Inc,Barkbus,Denver,CO,ADAMS,Pet Grooming Facility - Mobile Groomer,3/2/2026,39.77620599999999,-105.0150595,80211.0,2024.0,,,,,,,,
69.0,Grooming by Solange,,Thornton,CO,ADAMS,Independent Contractor (IC) Pet Groomer,3/2/2026,39.8680412,-104.9719243,,2024.0,,,,,,,,
70.0,Groomingdale Pet Spa LLC,,Thornton,CO,ADAMS,Pet Grooming Facility - Primary Facility Owner,3/2/2026,39.8680412,-104.9719243,,2024.0,,,,,,,,
71.0,Hannah Raymond,Shag Professional Pet Grooming,Denver,CO,ADAMS,Independent Contractor (IC) Pet Groomer,3/2/2026,39.7890162,-104.852997,80239.0,2024.0,,,,,,,,
72.0,Hermosa Veterinary Clinic,,Denver,CO,ADAMS,Pet Boarding and/or Training,3/2/2026,39.7957,-105.0257091,80221.0,2024.0,,,,,,,,
73.0,Hoffman Unlimited LLC,Pet Supplies Plus,Thornton,CO,ADAMS,Retail / Wholesale of Pet Animals,3/2/2026,39.8621027,-104.9709187,80229.0,2024.0,,,,,,,,
74.0,Hoffman Unlimited LLC,Pet Supplies Plus,Thornton,CO,ADAMS,Pet Grooming Facility - Primary Facility Owner,3/2/2026,39.8621027,-104.9709187,80229.0,2024.0,,,,,,,,
75.0,In Good Paws Dog Training LLC,,Thornton,CO,ADAMS,Pet Handler,3/2/2026,39.8680412,-104.9719243,,2024.0,,,,,,,,
76.0,Iridian Ramos,Barkin Barbers,Commerce City,CO,ADAMS,Independent Contractor (IC) Pet Groomer,3/2/2026,39.8083196,-104.9338675,,2024.0,,,,,,,,
77.0,Jennifer Green,Dogtopia,Federal Heights,CO,ADAMS,Independent Contractor (IC) Pet Groomer,3/2/2026,39.8598956,-105.0160712,,2024.0,,,,,,,,
78.0,Johnny Wallace,House of Slithering,Denver,CO,ADAMS,Reptile / Amphibian Breeder,3/2/2026,39.6339536,-104.8942169,80237.0,2024.0,,,,,,,,
79.0,Johnny Wallace,House of Slithering,Denver,CO,ADAMS,Small Animal Breeder,3/2/2026,39.6339536,-104.8942169,80237.0,2024.0,,,,,,,,
80.0,Journey K9 LLC,,Westminster,CO,ADAMS,Pet Boarding and/or Training,3/2/2026,39.8366528,-105.0372046,,2024.0,,,,,,,,
81.0,JW Pet Care LLC,,Commerce City,CO,ADAMS,Pet Grooming Facility - Primary Facility Owner,3/2/2026,39.7975184,-104.9137678,80022.0,2024.0,,,,,,,,
82.0,JW Pet Care LLC,,Westminster,CO,ADAMS,Pet Grooming Facility - Primary Facility Owner,3/2/2026,39.8366528,-105.0372046,,2024.0,,,,,,,,
83.0,Katherine Wilson,,Broomfield,CO,ADAMS,Independent Contractor (IC) Pet Groomer,3/2/2026,39.9205411,-105.0866504,,2024.0,,,,,,,,
84.0,Kindness Matters LLC,Kindness Matters Dog Boutique,Broomfield,CO,ADAMS,Pet Grooming Facility - Mobile Groomer,3/2/2026,39.9838749,-105.1316683,80027.0,2024.0,,,,,,,,
85.0,Kristen R. Stanley,Kris's Kids Pet Grooming,Westminster,CO,ADAMS,Pet Grooming Facility - Primary Facility Owner,3/2/2026,39.8275292,-105.0209422,80030.0,2024.0,,,,,,,,
86.0,Lifeline Puppy Rescue,,Brighton,CO,ADAMS,Pet Animal Small Shelter,3/2/2026,39.971998,-104.8546056,80602.0,2024.0,,,,,,,,
87.0,Living Springs Veterinary Care LLC,Living Springs Vet Care Boarding and Daycare Pet Spa,Bennett,CO,ADAMS,Pet Grooming Facility - Primary Facility Owner,3/2/2026,39.7574213,-104.4231383,80102.0,2024.0,,,,,,,,
88.0,Living Springs Veterinary Care LLC,Living Springs Vet Care Boarding and Daycare Pet Spa,Bennett,CO,ADAMS,Pet Boarding and/or Training,3/2/2026,39.7574213,-104.4231383,80102.0,2024.0,,,,,,,,
89.0,Lizbeth Bueno,Groomingdale's Pet Grooming,Thornton,CO,ADAMS,Pet Grooming Facility - Primary Facility Owner,3/2/2026,39.8680412,-104.9719243,,2024.0,,,,,,,,
90.0,Loves Beautiful Bitches LLC,Groomingdales,Thornton,CO,ADAMS,Pet Grooming Facility - Secondary Facility Owner,3/2/2026,39.8680412,-104.9719243,,2024.0,,,,,,,,
91.0,Maine Coon Maniacs,,Brighton,CO,ADAMS,Retail / Wholesale of Pet Animals,3/2/2026,39.981138,-104.6427515,80603.0,2024.0,,,,,,,,
92.0,Marc Sherman,About Fish,Westminster,CO,ADAMS,Aquarium Only,3/2/2026,39.8366528,-105.0372046,,2024.0,,,,,,,,
93.0,Marisa Salazar,Dog groomer,Westminster,CO,ADAMS,Independent Contractor (IC) Pet Groomer,3/2/2026,39.8366528,-105.0372046,,2024.0,,,,,,,,
94.0,Maw & Paw Pet Market LLC,,Aurora,CO,ADAMS,Pet Grooming Facility - Primary Facility Owner,3/2/2026,39.7476309,-104.8768795,80010.0,2024.0,,,,,,,,
95.0,Melinda L. Green,Green Valley Kennel Colorado,Byers,CO,ADAMS,Small Scale Dog Breeder,3/2/2026,39.5500507,-105.7820674,,2024.0,,,,,,,,
96.0,"Mile High Parrot Supply, LLC",,Strasburg,CO,ADAMS,Bird Breeder,3/2/2026,39.7493104,-104.3187599,80136.0,2024.0,,,,,,,,
97.0,"Mile High Parrot Supply, LLC",,Strasburg,CO,ADAMS,Pet Animal Small Shelter,3/2/2026,39.7493104,-104.3187599,80136.0,2024.0,,,,,,,,
98.0,"Mile High Parrot Supply, LLC",,Strasburg,CO,ADAMS,Pet Grooming Facility - Primary Facility Owner,3/2/2026,39.7493104,-104.3187599,80136.0,2024.0,,,,,,,,
99.0,"Mile High Parrot Supply, LLC",,Strasburg,CO,ADAMS,Bird Band,3/2/2026,39.7493104,-104.3187599,80136.0,2024.0,,,,,,,,
100.0,Mile High Weimaraner Rescue,,Commerce City,CO,ADAMS,Pet Animal Small Rescue,3/2/2026,39.8083196,-104.9338675,,2024.0,,,,,,,,
101.0,Misfit Mutts LLC,,Brighton,CO,ADAMS,Pet Grooming Facility - Secondary Facility Owner,3/2/2026,39.9852617,-104.8205283,,2024.0,,,,,,,,
102.0,Mystic Grooming,,Brighton,CO,ADAMS,Pet Grooming Facility - Secondary Facility Owner,3/2/2026,39.9852617,-104.8205283,,2024.0,,,,,,,,
103.0,Nicole Lynn Clark,Over the Top Pet Salon,Brighton,CO,ADAMS,Pet Grooming Facility - Primary Facility Owner,3/2/2026,39.9827411,-104.7997283,80601.0,2024.0,,,,,,,,
104.0,Oleg A. Vdovich,Mirabell Bengals,Commerce City,CO,ADAMS,Cat Breeder,3/2/2026,39.8582835,-104.9093673,80640.0,2024.0,,,,,,,,
105.0,Pathway Vet Alliance LLC,Eastlake Veterinary Services,Thornton,CO,ADAMS,Pet Grooming Facility - Primary Facility Owner,3/2/2026,39.8680412,-104.9719243,,2024.0,,,,,,,,
106.0,Patricia L. Lauterbach,Paws Pet Grooming,Northglenn,CO,ADAMS,Pet Grooming Facility - Primary Facility Owner,3/2/2026,39.8961821,-104.9811468,,2024.0,,,,,,,,
107.0,Pawprints Pet Rescue,Pawprints Pet Rescue,Keenesburg,CO,ADAMS,Pet Animal Small Rescue,3/2/2026,40.1083158,-104.5199585,80643.0,2024.0,,,,,,,,
108.0,Pawsitively Heaven Dog Spa LLC,,Brighton,CO,ADAMS,Pet Grooming Facility - Mobile Groomer,3/2/2026,39.9852617,-104.8205283,,2024.0,,,,,,,,
109.0,People's Pups Grooming LLC,,Westminster,CO,ADAMS,Pet Grooming Facility - Primary Facility Owner,3/2/2026,39.9631007,-104.9920286,80023.0,2024.0,,,,,,,,
110.0,Perros Y Gatos Pet Grooming LLC,Perros Y Gatos Pet Grooming,Westminster,CO,ADAMS,Pet Grooming Facility - Primary Facility Owner,3/2/2026,39.84203050000001,-105.0497808,80030.0,2024.0,,,,,,,,
111.0,"Petco Animal Supplies Store, Inc",,Aurora,CO,ADAMS,Retail / Wholesale of Pet Animals,3/2/2026,39.7294319,-104.8319195,,2024.0,,,,,,,,
112.0,"Petco Animal Supplies Store, Inc",,Aurora,CO,ADAMS,Pet Grooming Facility - Primary Facility Owner,3/2/2026,39.7294319,-104.8319195,,2024.0,,,,,,,,
113.0,"Petco Animal Supplies Store, Inc",Petco - #0920,Northglenn,CO,ADAMS,Retail / Wholesale of Pet Animals,3/2/2026,39.8961821,-104.9811468,,2024.0,,,,,,,,
114.0,"Petco Animal Supplies Store, Inc",Petco - #0920,Northglenn,CO,ADAMS,Pet Grooming Facility - Primary Facility Owner,3/2/2026,39.8961821,-104.9811468,,2024.0,,,,,,,,
115.0,"Petco Animal Supplies Stores, Inc.",Petco #2482,Westminster,CO,ADAMS,Retail / Wholesale of Pet Animals,3/2/2026,39.8571266,-105.0724551,80031.0,2024.0,,,,,,,,
116.0,"Petco Animal Supplies Stores, Inc.",Petco #2482,Westminster,CO,ADAMS,Pet Grooming Facility - Primary Facility Owner,3/2/2026,39.8571266,-105.0724551,80031.0,2024.0,,,,,,,,
117.0,"PetSmart, Inc.",PetSmart - 253,Northglenn,CO,ADAMS,Pet Boarding and/or Training,3/2/2026,39.88794499999999,-104.9926469,80234.0,2024.0,,,,,,,,
118.0,"PetSmart, Inc.",PetSmart - 253,Northglenn,CO,ADAMS,Retail / Wholesale of Pet Animals,3/2/2026,39.88794499999999,-104.9926469,80234.0,2024.0,,,,,,,,
119.0,"PetSmart, Inc.",PetSmart - 253,Northglenn,CO,ADAMS,Pet Grooming Facility - Primary Facility Owner,3/2/2026,39.88794499999999,-104.9926469,80234.0,2024.0,,,,,,,,
120.0,"PetSmart, Inc.",PetSmart #2725,Westminster,CO,ADAMS,Pet Boarding and/or Training,3/2/2026,39.8896001,-105.0753599,80021.0,2024.0,,,,,,,,
121.0,"PetSmart, Inc.",PetSmart #2725,Westminster,CO,ADAMS,Retail / Wholesale of Pet Animals,3/2/2026,39.8896001,-105.0753599,80021.0,2024.0,,,,,,,,
122.0,"PetSmart, Inc.",PetSmart #2725,Westminster,CO,ADAMS,Pet Grooming Facility - Primary Facility Owner,3/2/2026,39.8896001,-105.0753599,80021.0,2024.0,,,,,,,,
123.0,"Petsmart, Inc.",PetSmart - 1343,Thornton,CO,ADAMS,Pet Boarding and/or Training,3/2/2026,39.8680412,-104.9719243,,2024.0,,,,,,,,
124.0,"Petsmart, Inc.",PetSmart - 1343,Thornton,CO,ADAMS,Retail / Wholesale of Pet Animals,3/2/2026,39.8680412,-104.9719243,,2024.0,,,,,,,,
125.0,"Petsmart, Inc.",PetSmart - 1343,Thornton,CO,ADAMS,Pet Grooming Facility - Primary Facility Owner,3/2/2026,39.8680412,-104.9719243,,2024.0,,,,,,,,
126.0,"Petsmart, Inc.",PetSmart - 1855,Brighton,CO,ADAMS,Pet Boarding and/or Training,3/2/2026,39.9517417,-104.7854694,80601.0,2024.0,,,,,,,,
127.0,"Petsmart, Inc.",PetSmart - 1855,Brighton,CO,ADAMS,Retail / Wholesale of Pet Animals,3/2/2026,39.9517417,-104.7854694,80601.0,2024.0,,,,,,,,
128.0,"Petsmart, Inc.",PetSmart - 1855,Brighton,CO,ADAMS,Pet Grooming Facility - Primary Facility Owner,3/2/2026,39.9517417,-104.7854694,80601.0,2024.0,,,,,,,,
129.0,"PETSuites of America, LLC",City Bark,Thornton,CO,ADAMS,Pet Boarding and/or Training,3/2/2026,39.9428964,-104.9847163,80241.0,2024.0,,,,,,,,
130.0,"PETSuites of America, LLC",City Bark,Thornton,CO,ADAMS,Pet Grooming Facility - Primary Facility Owner,3/2/2026,39.9428964,-104.9847163,80241.0,2024.0,,,,,,,,
131.0,PetVet Operating LLC,Caring Hands Veterinary Hospital,Thornton,CO,ADAMS,Pet Boarding and/or Training,3/2/2026,39.8680412,-104.9719243,,2024.0,,,,,,,,
132.0,PetVet Operating LLC,Caring Hands Veterinary Hospital,Thornton,CO,ADAMS,Pet Grooming Facility - Primary Facility Owner,3/2/2026,39.8680412,-104.9719243,,2024.0,,,,,,,,
133.0,Poodles N Doodles Pet Grooming LLC,,Brighton,CO,ADAMS,Pet Grooming Facility - Primary Facility Owner,3/2/2026,39.9833064,-104.8221217,80601.0,2024.0,,,,,,,,
134.0,Rafael A Leon,Mundo del Perico,Aurora,CO,ADAMS,Retail / Wholesale of Pet Animals,3/2/2026,39.7294319,-104.8319195,,2024.0,,,,,,,,
135.0,Raiana Lopez,,Thornton,CO,ADAMS,Independent Contractor (IC) Pet Groomer,3/2/2026,39.8680412,-104.9719243,,2024.0,,,,,,,,
136.0,Rays Tank LLC,,Northglenn,CO,ADAMS,Aquarium Only,3/2/2026,39.8897406,-104.9940357,80234.0,2024.0,,,,,,,,
137.0,Rocky Mountain Puppy Rescue,,Thornton,CO,ADAMS,Pet Animal Large Rescue,3/2/2026,39.8680412,-104.9719243,,2024.0,,,,,,,,
138.0,Rustic Paw Grooming LLC,Groomer,Brighton,CO,ADAMS,Pet Grooming Facility - Secondary Facility Owner,3/2/2026,39.9833064,-104.8221217,80601.0,2024.0,,,,,,,,
139.0,Shampooch Grooming LLC,,Brighton,CO,ADAMS,Pet Grooming Facility - Secondary Facility Owner,3/2/2026,39.9833064,-104.8221217,80601.0,2024.0,,,,,,,,
140.0,Shara L Ashmore,Groomingdales,Thornton,CO,ADAMS,Pet Grooming Facility - Secondary Facility Owner,3/2/2026,39.8680412,-104.9719243,,2024.0,,,,,,,,
141.0,Sit Happens Dog Training Denver LLC,,Thornton,CO,ADAMS,Pet Handler,3/2/2026,39.8680412,-104.9719243,,2024.0,,,,,,,,
142.0,Spawlash Pet Salon LLC,,Thornton,CO,ADAMS,Pet Grooming Facility - Primary Facility Owner,3/2/2026,39.9019151,-104.9801803,80233.0,2024.0,,,,,,,,
143.0,Spawlash Pet Salon LLC,,Thornton,CO,ADAMS,Pet Grooming Facility - Self Wash Facility,3/2/2026,39.9019151,-104.9801803,80233.0,2024.0,,,,,,,,
144.0,Special Needs Animal Rescue League,,Thornton,CO,ADAMS,Pet Animal Small Rescue,3/2/2026,39.8680412,-104.9719243,,2024.0,,,,,,,,
145.0,St. Mark Inc.,Pets R Us Animal Hospital Commerce City,Commerce City,CO,ADAMS,Pet Boarding and/or Training,3/2/2026,39.8083196,-104.9338675,,2024.0,,,,,,,,
146.0,Susan Daniels,Barkin Barbers,westminster,CO,ADAMS,Pet Grooming Facility - Primary Facility Owner,3/2/2026,39.8250119,-105.0435126,80030.0,2024.0,,,,,,,,
147.0,TacoDogs LLC,Adorable Dog Grooming,Thornton,CO,ADAMS,Pet Grooming Facility - Primary Facility Owner,3/2/2026,39.8680412,-104.9719243,,2024.0,,,,,,,,
148.0,Tail Waggin LLC,,Hudson,CO,ADAMS,Pet Boarding and/or Training,3/2/2026,39.9404431,-104.4812559,80102.0,2024.0,,,,,,,,
149.0,Tail Waggin LLC,,Hudson,CO,ADAMS,Pet Grooming Facility - Primary Facility Owner,3/2/2026,39.9404431,-104.4812559,80102.0,2024.0,,,,,,,,
150.0,The Connected Canine,,Brighton,CO,ADAMS,Pet Boarding and/or Training,3/2/2026,39.9852617,-104.8205283,,2024.0,,,,,,,,
151.0,The Feline Fix,Divine Feline,Commerce City,CO,ADAMS,Pet Animal Large Rescue,3/2/2026,39.8076062,-104.9299851,80022.0,2024.0,,,,,,,,
152.0,"The Four Legged Inn, Inc.",,Bennett,CO,ADAMS,Pet Boarding and/or Training,3/2/2026,39.7869266,-104.4877269,80102.0,2024.0,,,,,,,,
153.0,"The Four Legged Inn, Inc.",,Bennett,CO,ADAMS,Pet Handler,3/2/2026,39.7869266,-104.4877269,80102.0,2024.0,,,,,,,,
154.0,The Spaw LLC,The Spaw,Thornton,CO,ADAMS,Pet Grooming Facility - Mobile Groomer,3/2/2026,39.8680412,-104.9719243,,2024.0,,,,,,,,
155.0,The Top Dog Resort,,Thornton,CO,ADAMS,Pet Handler,3/2/2026,39.8680412,-104.9719243,,2024.0,,,,,,,,
156.0,The Velvet Spaw,The Velvet Spaw,Westminster,CO,ADAMS,Pet Grooming Facility - Primary Facility Owner,3/2/2026,39.8625718,-105.0349117,80031.0,2024.0,,,,,,,,
157.0,Tonya Weaver,All Four Paws Dog Grooming,Thornton,CO,ADAMS,Pet Grooming Facility - Primary Facility Owner,3/2/2026,39.8680412,-104.9719243,,2024.0,,,,,,,,
158.0,T's Tidy Tails LLC,,Thornton,CO,ADAMS,Pet Grooming Facility - Primary Facility Owner,3/2/2026,39.8680412,-104.9719243,,2024.0,,,,,,,,
159.0,Up Pup and Away Inc,,Commerce City,CO,ADAMS,Pet Animal Small Rescue,3/2/2026,39.8083196,-104.9338675,,2024.0,,,,,,,,
160.0,Vanity Poms,",Ezmarae Cordova",Westminster,CO,ADAMS,Small Scale Dog Breeder,3/2/2026,39.8366528,-105.0372046,,2024.0,,,,,,,,
161.0,Vroom 'N Groom LLC,,Thornton,CO,ADAMS,Pet Grooming Facility - Primary Facility Owner,3/2/2026,39.8680412,-104.9719243,,2024.0,,,,,,,,
162.0,Waggin' Tails Dog Resort LLC,Waggin' Tails Dog Resort and Spa,Northglenn,CO,ADAMS,Pet Boarding and/or Training,3/2/2026,39.9052368,-104.9910296,80234.0,2024.0,,,,,,,,
163.0,Waggin' Tails Dog Resort LLC,Waggin' Tails Dog Resort and Spa,Northglenn,CO,ADAMS,Pet Grooming Facility - Primary Facility Owner,3/2/2026,39.9052368,-104.9910296,80234.0,2024.0,,,,,,,,
164.0,Western Border Collie Rescue,,Westminster,CO,ADAMS,Pet Animal Small Rescue,3/2/2026,39.8366528,-105.0372046,,2024.0,,,,,,,,
165.0,Wolfdog Wash LLC,The Pooch Mobile Aurora West,Aurora,CO,ADAMS,Pet Grooming Facility - Mobile Groomer,3/2/2026,39.7294319,-104.8319195,,2024.0,,,,,,,,
166.0,Yazmin Espino,Dog groomer,Northglenn,CO,ADAMS,Independent Contractor (IC) Pet Groomer,3/2/2026,39.8961821,-104.9811468,,2024.0,,,,,,,,
167.0,Yoga Animals Rescue Foundation,,Westminster,CO,ADAMS,Pet Animal Large Rescue,3/2/2026,39.8366528,-105.0372046,,2024.0,,,,,,,,
168.0,Yoga Animals Rescue Foundation,,Westminster,CO,ADAMS,Pet Transporter,3/2/2026,39.8366528,-105.0372046,,2024.0,,,,,,,,
169.0,Zoom N Groom Pet Salon LLC,,Strasburg,CO,ADAMS,Pet Grooming Facility - Primary Facility Owner,3/2/2026,39.7386842,-104.3257096,80136.0,2024.0,,,,,,,,
170.0,"All 4 Paws, LLC",,Alamosa,CO,ALAMOSA,Pet Boarding and/or Training,3/2/2026,37.4487919,-105.866232,81101.0,2024.0,,,,,,,,
171.0,"All 4 Paws, LLC",All-4-Paws Grooming,Alamosa,CO,ALAMOSA,Pet Grooming Facility - Primary Facility Owner,3/2/2026,37.4487919,-105.866232,81101.0,2024.0,,,,,,,,
172.0,Debora Ann Black,Poore Girl's Cockers,Alamosa,CO,ALAMOSA,Small Scale Dog Breeder,3/2/2026,37.4694491,-105.8700214,81101.0,2024.0,,,,,,,,
173.0,Dumb Friends League,Humane Colorado - SLV Animal Center,Alamosa,CO,ALAMOSA,Pet Animal Small Shelter,3/2/2026,37.4449386,-105.8673629,81101.0,2024.0,,,,,,,,
174.0,Mountain Breeze Kennels Ltd,Mountain Breeze Kennel,Alamosa,CO,ALAMOSA,Small Scale Dog Breeder,3/2/2026,37.4694491,-105.8700214,81101.0,2024.0,,,,,,,,
175.0,Tab's Grab & Groom LLC,,Alamosa,CO,ALAMOSA,Pet Grooming Facility - Primary Facility Owner,3/2/2026,37.4717363,-105.8562739,81101.0,2024.0,,,,,,,,
176.0,VanGo Paw Spaw,,Mosca,CO,ALAMOSA,Pet Grooming Facility - Mobile Groomer,3/2/2026,37.6508908,-105.872992,81146.0,2024.0,,,,,,,,
177.0,"38th State Enterprises, LLC",Zoomin Groomin Littleton,Littleton,CO,ARAPAHOE,Pet Grooming Facility - Mobile Groomer,3/2/2026,39.613321,-105.0166498,,2024.0,,,,,,,,
178.0,"4 Healthy Paws, Inc.",Wag N' Wash Natural Food & Bakery,Aurora,CO,ARAPAHOE,Pet Grooming Facility - Primary Facility Owner,3/2/2026,39.7294319,-104.8319195,,2024.0,,,,,,,,
179.0,Adrian L. Martinez,Scales 'N Tails South,Englewood,CO,ARAPAHOE,Retail / Wholesale of Pet Animals,3/2/2026,39.6477653,-104.9877597,,2024.0,,,,,,,,
180.0,Adrian L. Martinez,Scales 'N Tails South,Englewood,CO,ARAPAHOE,Small Animal Breeder,3/2/2026,39.6477653,-104.9877597,,2024.0,,,,,,,,
181.0,"AHC, Inc.",Arapahoe Hunt Club,Watkins,CO,ARAPAHOE,Commercial Pet Animal Facility,3/2/2026,39.7435442,-104.6080353,80137.0,2024.0,,,,,,,,
182.0,AJ Pet Services,,aurora,CO,ARAPAHOE,Cat Breeder,3/2/2026,39.7294319,-104.8319195,,2024.0,,,,,,,,
183.0,Altitude Exotics,,Aurora,CO,ARAPAHOE,Reptile / Amphibian Breeder,3/2/2026,39.5819001,-104.6706628,80016.0,2024.0,,,,,,,,
184.0,Angela M. Francis,Pet Clips,Aurora,CO,ARAPAHOE,Pet Grooming Facility - Primary Facility Owner,3/2/2026,39.7490429,-104.826991,,2024.0,,,,,,,,
185.0,Angella M. Finney,Fur the Luv of Dogz,Englewood,CO,ARAPAHOE,Pet Grooming Facility - Primary Facility Owner,3/2/2026,39.6477653,-104.9877597,,2024.0,,,,,,,,
186.0,Ark's Pet Grooming,,Englewood,CO,ARAPAHOE,Pet Grooming Facility - Primary Facility Owner,3/2/2026,39.6529765,-104.9730524,80113.0,2024.0,,,,,,,,
187.0,Autowash Dove Valley Operating Company,Autowash@Dove Valley,Englewood,CO,ARAPAHOE,Pet Grooming Facility - Self Wash Facility,3/2/2026,39.574965,-104.807247,80112.0,2024.0,,,,,,,,
188.0,Autowash Fox Hill Operating Company,Autowash@Fox Hill,Aurora,CO,ARAPAHOE,Pet Grooming Facility - Self Wash Facility,3/2/2026,39.6344106,-104.7596636,80015.0,2024.0,,,,,,,,
189.0,Averys Country Canines LLC,,Byers,CO,ARAPAHOE,Pet Boarding and/or Training,3/2/2026,39.663401,-104.133764,80103.0,2024.0,,,,,,,,
190.0,B & B Allen Endeavors,Round-Of-APaws,Centennial,CO,ARAPAHOE,Pet Boarding and/or Training,3/2/2026,39.5807452,-104.8771726,,2024.0,,,,,,,,
191.0,"B,A,D, Dogs Welcome LLC",B.A.D. Dogs Welcome LLC,Aurora,CO,ARAPAHOE,Pet Boarding and/or Training,3/2/2026,39.7294319,-104.8319195,,2024.0,,,,,,,,
192.0,"B,A,D, Dogs Welcome LLC",B.A.D. Dogs Welcome LLC,Aurora,CO,ARAPAHOE,Pet Handler,3/2/2026,39.7294319,-104.8319195,,2024.0,,,,,,,,
193.0,"Baily II, LLC",Camp Bow Wow,Centennial,CO,ARAPAHOE,Pet Boarding and/or Training,3/2/2026,39.5807452,-104.8771726,,2024.0,,,,,,,,
194.0,Bark N Wash,,Aurora,CO,ARAPAHOE,Pet Grooming Facility - Primary Facility Owner,3/2/2026,39.6100766,-104.8094973,80016.0,2024.0,,,,,,,,
195.0,Barks on Broadway LLC,,Englewood,CO,ARAPAHOE,Pet Boarding and/or Training,3/2/2026,39.6443048,-104.987489,80113.0,2024.0,,,,,,,,
196.0,Barks on Broadway LLC,,Englewood,CO,ARAPAHOE,Pet Grooming Facility - Primary Facility Owner,3/2/2026,39.6443048,-104.987489,80113.0,2024.0,,,,,,,,
197.0,"BJ, Inc.",Pet Supplies Plus,Littleton,CO,ARAPAHOE,Retail / Wholesale of Pet Animals,3/2/2026,39.613321,-105.0166498,,2024.0,,,,,,,,
198.0,"BJ, Inc.",Pet Supplies Plus,Littleton,CO,ARAPAHOE,Pet Grooming Facility - Primary Facility Owner,3/2/2026,39.613321,-105.0166498,,2024.0,,,,,,,,
199.0,"BLG Dawgs, LLC",Dogtopia of Denver Tech Center,Englewood,CO,ARAPAHOE,Pet Boarding and/or Training,3/2/2026,39.6477653,-104.9877597,,2024.0,,,,,,,,
200.0,"BLG Dawgs, LLC",Dogtopia of Denver Tech Center,Englewood,CO,ARAPAHOE,Pet Grooming Facility - Primary Facility Owner,3/2/2026,39.6477653,-104.9877597,,2024.0,,,,,,,,
201.0,"BRM CO MGMT, LLC",Homestead Animal Hospital,Centennial,CO,ARAPAHOE,Pet Boarding and/or Training,3/2/2026,39.5807452,-104.8771726,,2024.0,,,,,,,,
202.0,Bruce Elsey,All Cat Clinic,Englewood,CO,ARAPAHOE,Pet Boarding and/or Training,3/2/2026,39.6477653,-104.9877597,,2024.0,,,,,,,,
203.0,Bruce Elsey,All Cat Clinic,Englewood,CO,ARAPAHOE,Pet Grooming Facility - Primary Facility Owner,3/2/2026,39.6477653,-104.9877597,,2024.0,,,,,,,,
204.0,Butternut Squash Dog Sitting,,Littleton,CO,ARAPAHOE,Pet Handler,3/2/2026,39.613321,-105.0166498,,2024.0,,,,,,,,
205.0,Canine Partners of the Rockies,,Aurora,CO,ARAPAHOE,Retail / Wholesale of Pet Animals,3/2/2026,39.72693940000001,-104.8290184,80011.0,2024.0,,,,,,,,
206.0,"Carson Family Enterprises, Inc.",Exotic Birds of Denver,Englewood,CO,ARAPAHOE,Pet Grooming Facility - Primary Facility Owner,3/2/2026,39.6746243,-105.0091287,80110.0,2024.0,,,,,,,,
207.0,"Carson Family Enterprises, Inc.",Exotic Birds of Denver,Englewood,CO,ARAPAHOE,Bird Band,3/2/2026,39.6746243,-105.0091287,80110.0,2024.0,,,,,,,,
208.0,"Carson Family Enterprises, Inc.",Exotic Birds of Denver,Englewood,CO,ARAPAHOE,Pet Boarding and/or Training,3/2/2026,39.6746243,-105.0091287,80110.0,2024.0,,,,,,,,
209.0,"Carson Family Enterprises, Inc.",Exotic Birds of Denver,Englewood,CO,ARAPAHOE,Retail / Wholesale of Pet Animals,3/2/2026,39.6746243,-105.0091287,80110.0,2024.0,,,,,,,,
210.0,"Carson Family Enterprises, Inc.",Exotic Birds of Denver,Englewood,CO,ARAPAHOE,Bird Breeder,3/2/2026,39.6746243,-105.0091287,80110.0,2024.0,,,,,,,,
211.0,Cavy Care Inc,,Aurora,CO,ARAPAHOE,Pet Boarding and/or Training,3/2/2026,39.6370717,-104.8055535,80015.0,2024.0,,,,,,,,
212.0,Cavy Care Inc,,Aurora,CO,ARAPAHOE,Pet Animal Small Rescue,3/2/2026,39.6370717,-104.8055535,80015.0,2024.0,,,,,,,,
213.0,Colfax Pet LLC,Hobnob,Greenwood Village,CO,ARAPAHOE,Pet Boarding and/or Training,3/2/2026,39.6172101,-104.9508141,,2024.0,,,,,,,,
214.0,Colfax Pet LLC,Hobnob,Greenwood Village,CO,ARAPAHOE,Pet Grooming Facility - Primary Facility Owner,3/2/2026,39.6172101,-104.9508141,,2024.0,,,,,,,,
215.0,"Colorado Japanese Chin Rescue, Inc.",,Aurora,CO,ARAPAHOE,Pet Animal Small Rescue,3/2/2026,39.7294319,-104.8319195,,2024.0,,,,,,,,
216.0,"Colorado St. Bernard Rescue, Inc.",,Littleton,CO,ARAPAHOE,Pet Animal Small Rescue,3/2/2026,39.613321,-105.0166498,,2024.0,,,,,,,,
217.0,Cornellia Kern,Cuddle Bug Chinchillas,Aurora,CO,ARAPAHOE,Pet Boarding and/or Training,3/2/2026,39.7653018,-104.8461921,80010.0,2024.0,,,,,,,,
218.0,Cornellia Kern,Cuddle Bug Chinchillas,Aurora,CO,ARAPAHOE,Small Animal Breeder,3/2/2026,39.7653018,-104.8461921,80010.0,2024.0,,,,,,,,
219.0,Cornellia Kern,Cuddle Bug Chinchillas,Aurora,CO,ARAPAHOE,Pet Animal Small Rescue,3/2/2026,39.7653018,-104.8461921,80010.0,2024.0,,,,,,,,
220.0,Creekside Kennels & Training LLC,,Bennett,CO,ARAPAHOE,Pet Boarding and/or Training,3/2/2026,39.6274428,-104.4444398,80102.0,2024.0,,,,,,,,
221.0,Cuddle & Cut LLC,,Littleton,CO,ARAPAHOE,Pet Grooming Facility - Primary Facility Owner,3/2/2026,39.613321,-105.0166498,,2024.0,,,,,,,,
222.0,"CV DEN0073 Aurora, LLC",CityVet Aurora,Aurora,CO,ARAPAHOE,Pet Boarding and/or Training,3/2/2026,39.7294319,-104.8319195,,2024.0,,,,,,,,
223.0,"CV DEN0073 Aurora, LLC",CityVet Aurora,Aurora,CO,ARAPAHOE,Pet Grooming Facility - Primary Facility Owner,3/2/2026,39.7294319,-104.8319195,,2024.0,,,,,,,,
224.0,Daniel M. Waitz,Pretty Paws Grooming By Kaila,Aurora,CO,ARAPAHOE,Pet Grooming Facility - Primary Facility Owner,3/2/2026,39.7490429,-104.826991,,2024.0,,,,,,,,
225.0,David C Foley,Camp Bow Wow - Littleton,Littleton,CO,ARAPAHOE,Pet Boarding and/or Training,3/2/2026,39.613321,-105.0166498,,2024.0,,,,,,,,
226.0,Debra J Kozak,"Happy Tail Barber,Happy Tail Barber Mobile Grooming",Aurora,CO,ARAPAHOE,Pet Grooming Facility - Mobile Groomer,3/2/2026,39.6755042,-104.8640582,80014.0,2024.0,,,,,,,,
227.0,Demi's Animal Rescue,,Aurora,CO,ARAPAHOE,Pet Animal Large Rescue,3/2/2026,39.678912,-104.918929,80222.0,2024.0,,,,,,,,
228.0,Denise A. Bailey,Gentle Loving Care Dog Grooming,Aurora,CO,ARAPAHOE,Pet Grooming Facility - Primary Facility Owner,3/2/2026,39.7294319,-104.8319195,,2024.0,,,,,,,,
229.0,"Destination Pet, LLC",Dugan's Veterinary Hospital,Aurora,CO,ARAPAHOE,Pet Boarding and/or Training,3/2/2026,39.7294319,-104.8319195,,2024.0,,,,,,,,
230.0,"Destination Pet, LLC",Dugan's Veterinary Hospital,Aurora,CO,ARAPAHOE,Pet Grooming Facility - Primary Facility Owner,3/2/2026,39.7294319,-104.8319195,,2024.0,,,,,,,,
231.0,DHJ Enterprise,Aunt Su's House,Englewood,CO,ARAPAHOE,Pet Boarding and/or Training,3/2/2026,39.6477653,-104.9877597,,2024.0,,,,,,,,
232.0,Dogcation Boarding & Daycare LLC,,Bennett,CO,ARAPAHOE,Pet Boarding and/or Training,3/2/2026,39.579468,-104.4583421,80102.0,2024.0,,,,,,,,
233.0,Dogcation Boarding & Daycare LLC,,Bennett,CO,ARAPAHOE,Pet Handler,3/2/2026,39.579468,-104.4583421,80102.0,2024.0,,,,,,,,
234.0,Dogcation Boarding & Daycare LLC,,Bennett,CO,ARAPAHOE,Pet Grooming Facility - Primary Facility Owner,3/2/2026,39.579468,-104.4583421,80102.0,2024.0,,,,,,,,
235.0,Duntuff Inc,Aurora Pet Grooming,Aurora,CO,ARAPAHOE,Pet Grooming Facility - Primary Facility Owner,3/2/2026,39.7294319,-104.8319195,,2024.0,,,,,,,,
236.0,Elevated Dog Grooming,,Littleton,CO,ARAPAHOE,Pet Grooming Facility - Secondary Facility Owner,3/2/2026,39.5979871,-104.9879226,80121.0,2024.0,,,,,,,,
237.0,Elvira Valencia Sullivan,Pet Grooming Facility,Aurora,CO,ARAPAHOE,Pet Grooming Facility - Primary Facility Owner,3/2/2026,39.7294319,-104.8319195,,2024.0,,,,,,,,
238.0,Fetching Feathers,,Bennett,CO,ARAPAHOE,Pet Boarding and/or Training,3/2/2026,39.60990899999999,-104.449691,80102.0,2024.0,,,,,,,,
239.0,Fetching Fido LLC,,Centennial,CO,ARAPAHOE,Pet Grooming Facility - Primary Facility Owner,3/2/2026,39.5979871,-104.9879226,80121.0,2024.0,,,,,,,,
240.0,"For the Love of Dog, LLC",,Denver,CO,ARAPAHOE,Pet Boarding and/or Training,3/2/2026,39.7076095,-104.9314153,80246.0,2024.0,,,,,,,,
241.0,"For the Love of Dog, LLC",,Denver,CO,ARAPAHOE,Pet Grooming Facility - Primary Facility Owner,3/2/2026,39.7076095,-104.9314153,80246.0,2024.0,,,,,,,,
242.0,Forgotten Felines Rescue,,Aurora,CO,ARAPAHOE,Pet Animal Large Rescue,3/2/2026,39.7294319,-104.8319195,,2024.0,,,,,,,,
243.0,"Freedom Service Dogs, Inc.",,Englewood,CO,ARAPAHOE,Small Scale Dog Breeder,3/2/2026,39.6321312,-105.0123861,80110.0,2024.0,,,,,,,,
244.0,"Freedom Service Dogs, Inc.",,Englewood,CO,ARAPAHOE,Pet Transporter,3/2/2026,39.6321312,-105.0123861,80110.0,2024.0,,,,,,,,
245.0,Furry Paws Care LLC,,Englewood,CO,ARAPAHOE,Pet Handler,3/2/2026,39.6385213,-104.9878159,80110.0,2024.0,,,,,,,,
246.0,"Gina Puppy Love, LLC",,Aurora,CO,ARAPAHOE,Pet Grooming Facility - Primary Facility Owner,3/2/2026,39.7294319,-104.8319195,,2024.0,,,,,,,,
247.0,Give A Dog A Bath LLC,Scenthound Smoky Hill,Centennial,CO,ARAPAHOE,Pet Grooming Facility - Primary Facility Owner,3/2/2026,39.5807452,-104.8771726,,2024.0,,,,,,,,
248.0,Give A Dog A Bath LLC,Scenthound - Centennial West,Centennial,CO,ARAPAHOE,Pet Grooming Facility - Primary Facility Owner,3/2/2026,39.5807452,-104.8771726,,2024.0,,,,,,,,
249.0,Gloria Craig LLC,Dean's Groom Shop,Littleton,CO,ARAPAHOE,Pet Grooming Facility - Primary Facility Owner,3/2/2026,39.6099755,-104.9863353,80121.0,2024.0,,,,,,,,
250.0,"Great Grooms, Inc.",,Aurora,CO,ARAPAHOE,Pet Grooming Facility - Primary Facility Owner,3/2/2026,39.672183,-104.7932846,80013.0,2024.0,,,,,,,,
251.0,Grooming by aly llc.,Pet grooming,Centennial,CO,ARAPAHOE,Pet Grooming Facility - Primary Facility Owner,3/2/2026,39.6019536,-104.8415959,80111.0,2024.0,,,,,,,,
252.0,Halee's Puppy Love LLC,Dog Grooming,Centennial,CO,ARAPAHOE,Pet Grooming Facility - Primary Facility Owner,3/2/2026,39.5958054,-104.8474468,80112.0,2024.0,,,,,,,,
253.0,Hannah L Yiannos,"Blue Diamond,Blue Diamond Bordeaux,Muphy Creek Ranch & Rentals",Aurora,CO,ARAPAHOE,Pet Boarding and/or Training,3/2/2026,39.7294319,-104.8319195,,2024.0,,,,,,,,
254.0,"Happy Barks, LLC",Pawdner's Pet Resort,ENGLEWOOD,CO,ARAPAHOE,Pet Boarding and/or Training,3/2/2026,39.6477653,-104.9877597,,2024.0,,,,,,,,
255.0,Happy Buddy Grooming,Happy Buddy Cherry Hills,Englewood,CO,ARAPAHOE,Pet Grooming Facility - Primary Facility Owner,3/2/2026,39.6528156,-104.9904304,80110.0,2024.0,,,,,,,,
256.0,"Happy Buddy Grooming, LLC",Happy Buddy Grooming,Englewood,CO,ARAPAHOE,Pet Grooming Facility - Mobile Groomer,3/2/2026,39.6528156,-104.9904304,80110.0,2024.0,,,,,,,,
257.0,"Happy Hounds Dog Training, LLC",,Aurora,CO,ARAPAHOE,Pet Boarding and/or Training,3/2/2026,39.7294319,-104.8319195,,2024.0,,,,,,,,
258.0,Happy Paws Grooming,,Centennial,CO,ARAPAHOE,Pet Grooming Facility - Primary Facility Owner,3/2/2026,39.59452599999999,-104.8601013,80112.0,2024.0,,,,,,,,
259.0,Happy Paws LLC,Happy Paws Mobile Grooming,Aurora,CO,ARAPAHOE,Pet Grooming Facility - Mobile Groomer,3/2/2026,39.7268805,-104.6656829,80018.0,2024.0,,,,,,,,
260.0,Hawkeye?s Dog Spa,,Centennial,CO,ARAPAHOE,Pet Grooming Facility - Primary Facility Owner,3/2/2026,39.5811576,-104.8098497,80112.0,2024.0,,,,,,,,
261.0,"Herpetorama, Inc.",Repticon,Aurora,CO,ARAPAHOE,Retail / Wholesale of Pet Animals,3/2/2026,39.7294319,-104.8319195,,2024.0,,,,,,,,
262.0,Hope for Paws Colorado,,Englewood,CO,ARAPAHOE,Pet Transporter,3/2/2026,39.6477653,-104.9877597,,2024.0,,,,,,,,
263.0,"Humane Society of South Platte Valley, Inc.",,Littleton,CO,ARAPAHOE,Pet Animal Small Shelter,3/2/2026,39.6280447,-105.0132122,80120.0,2024.0,,,,,,,,
264.0,"IPP Buyer Acquisition, LLC",Kriser's Natural Pet,Englewood,CO,ARAPAHOE,Pet Grooming Facility - Primary Facility Owner,3/2/2026,39.6477653,-104.9877597,,2024.0,,,,,,,,
265.0,"IPP Buyer Acquisition, LLC",Kriser's Natural Pet,Greenwood Village,CO,ARAPAHOE,Pet Grooming Facility - Primary Facility Owner,3/2/2026,39.6172101,-104.9508141,,2024.0,,,,,,,,
266.0,"IPP Buyer Acquisition, LLC",Chuck and Don's,Greenwood Village,CO,ARAPAHOE,Pet Grooming Facility - Self Wash Facility,3/2/2026,39.6172101,-104.9508141,,2024.0,,,,,,,,
267.0,"IPP Buyer Acquisition, LLC",Chuck & Don's,Aurora,CO,ARAPAHOE,Pet Grooming Facility - Primary Facility Owner,3/2/2026,39.7294319,-104.8319195,,2024.0,,,,,,,,
268.0,Irina Filatova,Irina's Grooming Place,Aurora,CO,ARAPAHOE,Pet Grooming Facility - Primary Facility Owner,3/2/2026,39.7294319,-104.8319195,,2024.0,,,,,,,,
269.0,J W Kennel Care LLC,Doggie Dude Ranch and The O'cat Coral,Watkins,CO,ARAPAHOE,Pet Boarding and/or Training,3/2/2026,39.7435442,-104.6080353,80137.0,2024.0,,,,,,,,
270.0,J W Kennel Care LLC,Doggie Dude Ranch and The O'cat Coral,Watkins,CO,ARAPAHOE,Pet Grooming Facility - Primary Facility Owner,3/2/2026,39.7435442,-104.6080353,80137.0,2024.0,,,,,,,,
271.0,Janey A Jackman,Little Doggie Paradise,Denver,CO,ARAPAHOE,Pet Boarding and/or Training,3/2/2026,39.7392358,-104.990251,,2024.0,,,,,,,,
272.0,Jennifer Ghioldi,Dog Holliday Grooming,Englewood,CO,ARAPAHOE,Pet Grooming Facility - Primary Facility Owner,3/2/2026,39.6477653,-104.9877597,,2024.0,,,,,,,,
273.0,Jessica Haslage,Campfire Pet Spaw,Aurora,CO,ARAPAHOE,Pet Grooming Facility - Primary Facility Owner,3/2/2026,39.7294319,-104.8319195,,2024.0,,,,,,,,
274.0,JJJ Limited,The Pooch Mobile,Centennial,CO,ARAPAHOE,Pet Grooming Facility - Mobile Groomer,3/2/2026,39.5807452,-104.8771726,,2024.0,,,,,,,,
275.0,"KLM Enterprise, LLC","A Clip Above,KLM Enterprise, LLC",Centennial,CO,ARAPAHOE,Pet Grooming Facility - Primary Facility Owner,3/2/2026,39.5807452,-104.8771726,,2024.0,,,,,,,,
276.0,L.O.L.A.'s Rescue,LOLA's Rescue Center,Aurora,CO,ARAPAHOE,Pet Boarding and/or Training,3/2/2026,39.7159627,-104.7269803,80018.0,2024.0,,,,,,,,
277.0,L.O.L.A.'s Rescue,LOLA's Rescue Center,Aurora,CO,ARAPAHOE,Pet Handler,3/2/2026,39.7159627,-104.7269803,80018.0,2024.0,,,,,,,,
278.0,L.O.L.A.'s Rescue,LOLA's Rescue Center,Aurora,CO,ARAPAHOE,Pet Animal Small Shelter,3/2/2026,39.7159627,-104.7269803,80018.0,2024.0,,,,,,,,
279.0,L.O.L.A.'s Rescue,LOLA's Rescue Center,Aurora,CO,ARAPAHOE,Pet Grooming Facility - Primary Facility Owner,3/2/2026,39.7159627,-104.7269803,80018.0,2024.0,,,,,,,,
280.0,Ligaya M. Chapman,Pup Star Clips,Aurora,CO,ARAPAHOE,Pet Grooming Facility - Mobile Groomer,3/2/2026,39.7430921,-104.8335143,80045.0,2024.0,,,,,,,,
281.0,Little Paw LLC,Little Paw Mobile Grooming,Aurora,CO,ARAPAHOE,Pet Grooming Facility - Mobile Groomer,3/2/2026,39.7426294,-104.8420288,80045.0,2024.0,,,,,,,,
282.0,Lovely Pet Spa,bon,Parker,CO,ARAPAHOE,Pet Grooming Facility - Primary Facility Owner,3/2/2026,39.5322531,-104.7953973,80134.0,2024.0,,,,,,,,
283.0,Lynn A Dougherty,Lynn's Loving Pet Care,Aurora,CO,ARAPAHOE,Pet Boarding and/or Training,3/2/2026,39.7430921,-104.8335143,80045.0,2024.0,,,,,,,,
284.0,Mac's Pack,,Englewood,CO,ARAPAHOE,Pet Boarding and/or Training,3/2/2026,39.6392503,-105.0009557,80110.0,2024.0,,,,,,,,
285.0,Mac's Pack,,Englewood,CO,ARAPAHOE,Pet Handler,3/2/2026,39.6392503,-105.0009557,80110.0,2024.0,,,,,,,,
286.0,Mac's Pack,,Englewood,CO,ARAPAHOE,Pet Grooming Facility - Primary Facility Owner,3/2/2026,39.6392503,-105.0009557,80110.0,2024.0,,,,,,,,
287.0,Mac's Pack LLC,,Littletion,CO,ARAPAHOE,Pet Boarding and/or Training,3/2/2026,39.5675826,-104.9405737,80122.0,2024.0,,,,,,,,
288.0,Mac's Pack LLC,,Littletion,CO,ARAPAHOE,Pet Handler,3/2/2026,39.5675826,-104.9405737,80122.0,2024.0,,,,,,,,
289.0,Mac's Pack LLC,,Littletion,CO,ARAPAHOE,Pet Grooming Facility - Primary Facility Owner,3/2/2026,39.5675826,-104.9405737,80122.0,2024.0,,,,,,,,
290.0,McAllister & May Denver LLC,Off-Leash K9 Training Denver LLC,Englewood,CO,ARAPAHOE,Pet Boarding and/or Training,3/2/2026,39.6477653,-104.9877597,,2024.0,,,,,,,,
291.0,McAllister & May Denver LLC,Off-Leash K9 Training Denver LLC,Englewood,CO,ARAPAHOE,Pet Handler,3/2/2026,39.6477653,-104.9877597,,2024.0,,,,,,,,
292.0,Meggo's Gentle Grooming,,Centennial,CO,ARAPAHOE,Pet Grooming Facility - Primary Facility Owner,3/2/2026,39.5682444,-104.9026863,80112.0,2024.0,,,,,,,,
293.0,MidAmerica Boston Terrier Rescue,,Littleton,CO,ARAPAHOE,Pet Animal Small Rescue,3/2/2026,39.5625936,-104.9891727,80129.0,2024.0,,,,,,,,
294.0,"Mile High Cavaliers, LLC",,Centennial,CO,ARAPAHOE,Small Scale Dog Breeder,3/2/2026,39.5939422,-104.824761,80112.0,2024.0,,,,,,,,
295.0,Mile High Dachshunds Rescue Inc.,,Englewood,CO,ARAPAHOE,Pet Animal Small Rescue,3/2/2026,39.6783445,-105.0163377,80219.0,2024.0,,,,,,,,
296.0,Mile High German Shorthaired Pointer Rescue,,Centennial,CO,ARAPAHOE,Pet Animal Small Rescue,3/2/2026,39.5807452,-104.8771726,,2024.0,,,,,,,,
297.0,Mile High Grooming LLC,,Englewood,CO,ARAPAHOE,Pet Grooming Facility - Primary Facility Owner,3/2/2026,39.6398358,-104.9880716,80113.0,2024.0,,,,,,,,
298.0,Mindy Martinez,Trucompanion K-9 Spa Mobile Dog Grooming,Aurora,CO,ARAPAHOE,Pet Grooming Facility - Mobile Groomer,3/2/2026,39.7294319,-104.8319195,,2024.0,,,,,,,,
299.0,Mobile Paws N Spa,,Centennial,CO,ARAPAHOE,Pet Grooming Facility - Mobile Groomer,3/2/2026,39.5807452,-104.8771726,,2024.0,,,,,,,,
300.0,Mobile Pet Shine LLC,Mobile Pet Shine,Englewoood,CO,ARAPAHOE,Pet Grooming Facility - Primary Facility Owner,3/2/2026,39.6477653,-104.9877597,,2024.0,,,,,,,,
301.0,Mooses Mutt Cuts Ltd.,Mooses Mutt Cuts Ltd.,Aurora,CO,ARAPAHOE,Independent Contractor (IC) Pet Groomer,3/2/2026,39.7010321,-104.7899974,80017.0,2024.0,,,,,,,,
302.0,Mooses Mutt Cuts Ltd.,Mooses Mutt Cuts Ltd.,Aurora,CO,ARAPAHOE,Pet Grooming Facility - Mobile Groomer,3/2/2026,39.7010321,-104.7899974,80017.0,2024.0,,,,,,,,
303.0,Mountain Mutts Grooming,,Aurora,CO,ARAPAHOE,Pet Grooming Facility - Primary Facility Owner,3/2/2026,39.7294319,-104.8319195,,2024.0,,,,,,,,
304.0,Mountain Mutts LLC,Hike Doggie,Centennial,CO,ARAPAHOE,Pet Handler,3/2/2026,39.5807452,-104.8771726,,2024.0,,,,,,,,
305.0,"My Fairy Dawg MOther Rescue, Inc.",,Aurora,CO,ARAPAHOE,Pet Animal Large Rescue,3/2/2026,39.7294319,-104.8319195,,2024.0,,,,,,,,
306.0,Nature Box Pet Emporium Company,,Aurora,CO,ARAPAHOE,Retail / Wholesale of Pet Animals,3/2/2026,39.6374404,-104.8273128,80015.0,2024.0,,,,,,,,
307.0,Nature Box Pet Emporium Company,,Aurora,CO,ARAPAHOE,Small Animal Breeder,3/2/2026,39.6374404,-104.8273128,80015.0,2024.0,,,,,,,,
308.0,NestPark Inc,Zoomin Groomin DTC-Centennial,Aurora,CO,ARAPAHOE,Pet Grooming Facility - Mobile Groomer,3/2/2026,39.7294319,-104.8319195,,2024.0,,,,,,,,
309.0,"Nick's Garden Center, Inc.",,Aurora,CO,ARAPAHOE,Retail / Wholesale of Pet Animals,3/2/2026,39.6794735,-104.8112403,80014.0,2024.0,,,,,,,,
310.0,No Ruff Housing,,Aurora,CO,ARAPAHOE,Pet Boarding and/or Training,3/2/2026,39.7493525,-104.8273542,,2024.0,,,,,,,,
311.0,PaWash Pet Spa LLC,,Englewood,CO,ARAPAHOE,Pet Grooming Facility - Primary Facility Owner,3/2/2026,39.6527265,-104.9833151,80113.0,2024.0,,,,,,,,
312.0,Pawfectly Pampered Pet Grooming Salon,,Centennial,CO,ARAPAHOE,Pet Grooming Facility - Primary Facility Owner,3/2/2026,39.5807452,-104.8771726,,2024.0,,,,,,,,
313.0,Pawsitive Restorations Animal Rescue,,Aurora,CO,ARAPAHOE,Pet Animal Large Rescue,3/2/2026,39.767548,-104.817997,80011.0,2024.0,,,,,,,,
314.0,Peace Paws Mobile Dog Spa,Peace Paws Pet Spa,Englewood,Co,ARAPAHOE,Pet Grooming Facility - Mobile Groomer,3/2/2026,39.6477653,-104.9877597,,2024.0,,,,,,,,
315.0,Pearly Paws Dog Grooming LLC,,Aurora,CO,ARAPAHOE,Pet Grooming Facility - Mobile Groomer,3/2/2026,39.7294319,-104.8319195,,2024.0,,,,,,,,
316.0,Pet Palace Inc,,Aurora,CO,ARAPAHOE,Aquarium Only,3/2/2026,39.6405105,-104.8270633,80014.0,2024.0,,,,,,,,
317.0,Pet Palace Inc,,Aurora,CO,ARAPAHOE,Pet Grooming Facility - Self Wash Facility,3/2/2026,39.6405105,-104.8270633,80014.0,2024.0,,,,,,,,
318.0,"Petco Animal Supplies Store, Inc",,Aurora,CO,ARAPAHOE,Retail / Wholesale of Pet Animals,3/2/2026,39.7294319,-104.8319195,,2024.0,,,,,,,,
319.0,"Petco Animal Supplies Store, Inc",,Aurora,CO,ARAPAHOE,Pet Grooming Facility - Primary Facility Owner,3/2/2026,39.7294319,-104.8319195,,2024.0,,,,,,,,
320.0,"Petco Animal Supplies Store, Inc",Petco - #1406,Englewood,CO,ARAPAHOE,Retail / Wholesale of Pet Animals,3/2/2026,39.6477653,-104.9877597,,2024.0,,,,,,,,
321.0,"Petco Animal Supplies Store, Inc",Petco - #1406,Englewood,CO,ARAPAHOE,Pet Grooming Facility - Primary Facility Owner,3/2/2026,39.6477653,-104.9877597,,2024.0,,,,,,,,
322.0,"Petco Animal Supplies Store, Inc #0912",,Englewood,CO,ARAPAHOE,Retail / Wholesale of Pet Animals,3/2/2026,39.6477653,-104.9877597,,2024.0,,,,,,,,
323.0,"Petco Animal Supplies Store, Inc #0912",,Englewood,CO,ARAPAHOE,Pet Grooming Facility - Primary Facility Owner,3/2/2026,39.6477653,-104.9877597,,2024.0,,,,,,,,
324.0,"Petco Animal Supplies Store, Inc #0913",,Aurora,CO,ARAPAHOE,Retail / Wholesale of Pet Animals,3/2/2026,39.6927832,-104.8630568,80012.0,2024.0,,,,,,,,
325.0,"Petco Animal Supplies Store, Inc #0913",,Aurora,CO,ARAPAHOE,Pet Grooming Facility - Primary Facility Owner,3/2/2026,39.6927832,-104.8630568,80012.0,2024.0,,,,,,,,
326.0,"Petco Animal Supplies Store, Inc #1434",,Aurora,CO,ARAPAHOE,Retail / Wholesale of Pet Animals,3/2/2026,39.6927832,-104.8630568,80012.0,2024.0,,,,,,,,
327.0,"Petco Animal Supplies Store, Inc #1434",,Aurora,CO,ARAPAHOE,Pet Grooming Facility - Primary Facility Owner,3/2/2026,39.6927832,-104.8630568,80012.0,2024.0,,,,,,,,
328.0,Pets Plus LLC,Aquatic Dog,Denver,CO,ARAPAHOE,Commercial Pet Animal Facility,3/2/2026,39.7465693,-104.9969404,80202.0,2024.0,,,,,,,,
329.0,Pets Plus LLC,Aquatic Dog,Denver,CO,ARAPAHOE,Retail / Wholesale of Pet Animals,3/2/2026,39.7465693,-104.9969404,80202.0,2024.0,,,,,,,,
330.0,Pets Plus LLC,Aquatic Dog,Denver,CO,ARAPAHOE,Reptile / Amphibian Breeder,3/2/2026,39.7465693,-104.9969404,80202.0,2024.0,,,,,,,,
331.0,Pets Plus LLC,Aquatic Dog,Denver,CO,ARAPAHOE,Small Animal Breeder,3/2/2026,39.7465693,-104.9969404,80202.0,2024.0,,,,,,,,
332.0,Pets Plus LLC,Aquatic Dog,Denver,CO,ARAPAHOE,Pet Animal Small Shelter,3/2/2026,39.7465693,-104.9969404,80202.0,2024.0,,,,,,,,
333.0,"PetSmart, Inc",PetSmart #3041,Englewood,CO,ARAPAHOE,Pet Boarding and/or Training,3/2/2026,39.6477653,-104.9877597,,2024.0,,,,,,,,
334.0,"PetSmart, Inc",PetSmart #3041,Englewood,CO,ARAPAHOE,Retail / Wholesale of Pet Animals,3/2/2026,39.6477653,-104.9877597,,2024.0,,,,,,,,
335.0,"PetSmart, Inc",PetSmart #3041,Englewood,CO,ARAPAHOE,Pet Grooming Facility - Primary Facility Owner,3/2/2026,39.6477653,-104.9877597,,2024.0,,,,,,,,
336.0,"Petsmart, Inc.",PetSmart - 1072,Aurora,CO,ARAPAHOE,Pet Boarding and/or Training,3/2/2026,39.5823125,-104.7206027,80016.0,2024.0,,,,,,,,
337.0,"Petsmart, Inc.",PetSmart - 1072,Aurora,CO,ARAPAHOE,Retail / Wholesale of Pet Animals,3/2/2026,39.5823125,-104.7206027,80016.0,2024.0,,,,,,,,
338.0,"Petsmart, Inc.",PetSmart - 1072,Aurora,CO,ARAPAHOE,Pet Grooming Facility - Primary Facility Owner,3/2/2026,39.5823125,-104.7206027,80016.0,2024.0,,,,,,,,
339.0,"Petsmart, Inc.",PetSmart - 1032,Aurora,CO,ARAPAHOE,Pet Boarding and/or Training,3/2/2026,39.5823125,-104.7206027,80016.0,2024.0,,,,,,,,
340.0,"Petsmart, Inc.",PetSmart - 1032,Aurora,CO,ARAPAHOE,Retail / Wholesale of Pet Animals,3/2/2026,39.5823125,-104.7206027,80016.0,2024.0,,,,,,,,
341.0,"Petsmart, Inc.",PetSmart - 1032,Aurora,CO,ARAPAHOE,Pet Grooming Facility - Primary Facility Owner,3/2/2026,39.5823125,-104.7206027,80016.0,2024.0,,,,,,,,
342.0,"Petsmart, Inc.",PetSmart - 1421,Aurora,CO,ARAPAHOE,Pet Boarding and/or Training,3/2/2026,39.5823125,-104.7206027,80016.0,2024.0,,,,,,,,
343.0,"Petsmart, Inc.",PetSmart - 1421,Aurora,CO,ARAPAHOE,Retail / Wholesale of Pet Animals,3/2/2026,39.5823125,-104.7206027,80016.0,2024.0,,,,,,,,
344.0,"Petsmart, Inc.",PetSmart - 1421,Aurora,CO,ARAPAHOE,Pet Grooming Facility - Primary Facility Owner,3/2/2026,39.5823125,-104.7206027,80016.0,2024.0,,,,,,,,
345.0,"PetSmart, Inc.",PetSmart #229,Centennial,CO,ARAPAHOE,Pet Boarding and/or Training,3/2/2026,39.5807452,-104.8771726,,2024.0,,,,,,,,
346.0,"PetSmart, Inc.",PetSmart #229,Centennial,CO,ARAPAHOE,Retail / Wholesale of Pet Animals,3/2/2026,39.5807452,-104.8771726,,2024.0,,,,,,,,
347.0,"PetSmart, Inc.",PetSmart #229,Centennial,CO,ARAPAHOE,Pet Grooming Facility - Primary Facility Owner,3/2/2026,39.5807452,-104.8771726,,2024.0,,,,,,,,
348.0,"PETSuites of America, LLC",City Bark,Centennial,CO,ARAPAHOE,Pet Boarding and/or Training,3/2/2026,39.5807452,-104.8771726,,2024.0,,,,,,,,
349.0,"PETSuites of America, LLC",City Bark,Centennial,CO,ARAPAHOE,Pet Grooming Facility - Primary Facility Owner,3/2/2026,39.5807452,-104.8771726,,2024.0,,,,,,,,
350.0,Prima Dogna Spa LLC,Fetching Fido,Centennial,CO,ARAPAHOE,Pet Grooming Facility - Secondary Facility Owner,3/2/2026,39.5979871,-104.9879226,80121.0,2024.0,,,,,,,,
351.0,Rachel Diller,The Poodle Shop,Littleton,CO,ARAPAHOE,Pet Grooming Facility - Primary Facility Owner,3/2/2026,39.613321,-105.0166498,,2024.0,,,,,,,,
352.0,Rainbow Grooming Company,,Aurora,CO,ARAPAHOE,Pet Grooming Facility - Mobile Groomer,3/2/2026,39.65466079999999,-104.7773452,80013.0,2024.0,,,,,,,,
353.0,Reiber Inc,Pet Supplies Plus,Englewood,CO,ARAPAHOE,Retail / Wholesale of Pet Animals,3/2/2026,39.6477653,-104.9877597,,2024.0,,,,,,,,
354.0,Reiber Inc,Pet Supplies Plus,Englewood,CO,ARAPAHOE,Pet Grooming Facility - Primary Facility Owner,3/2/2026,39.6477653,-104.9877597,,2024.0,,,,,,,,
355.0,"Rescued for Life, Inc.",,Aurora,CO,ARAPAHOE,Pet Animal Small Rescue,3/2/2026,39.7294319,-104.8319195,,2024.0,,,,,,,,
356.0,RezDawg Rescue Inc,,Centennial,CO,ARAPAHOE,Pet Animal Large Rescue,3/2/2026,39.5807452,-104.8771726,,2024.0,,,,,,,,
357.0,RezDawg Rescue Inc,,Centennial,CO,ARAPAHOE,Pet Transporter,3/2/2026,39.5807452,-104.8771726,,2024.0,,,,,,,,
358.0,Rian's Pet Styling,,Centennial,CO,ARAPAHOE,Pet Grooming Facility - Primary Facility Owner,3/2/2026,39.5979871,-104.9879226,80121.0,2024.0,,,,,,,,
359.0,Ricardo Alas,Bird Store Alas,Aurora,CO,ARAPAHOE,Bird Breeder,3/2/2026,39.7294319,-104.8319195,,2024.0,,,,,,,,
360.0,Ricardo Alas,Bird Store Alas,Aurora,CO,ARAPAHOE,Bird Band,3/2/2026,39.7294319,-104.8319195,,2024.0,,,,,,,,
361.0,"Rocky Mountain Scottie Rescue, inc",,Aurora,CO,ARAPAHOE,Pet Animal Small Rescue,3/2/2026,39.7629642,-104.8502203,80010.0,2024.0,,,,,,,,
362.0,Roverdose LLC,Camp Bow Wow - Aurora,Aurora,CO,ARAPAHOE,Pet Boarding and/or Training,3/2/2026,39.7294319,-104.8319195,,2024.0,,,,,,,,
363.0,Roxy Paws llc,Roxy Paws,aurora,CO,ARAPAHOE,Pet Grooming Facility - Mobile Groomer,3/2/2026,39.7294319,-104.8319195,,2024.0,,,,,,,,
364.0,Sandra Manzer,,Aurora,CO,ARAPAHOE,Pet Grooming Facility - Primary Facility Owner,3/2/2026,39.7294319,-104.8319195,,2024.0,,,,,,,,
365.0,Sarah Wert,Centennial Frenchies,Centennial,CO,ARAPAHOE,Small Scale Dog Breeder,3/2/2026,39.5807452,-104.8771726,,2024.0,,,,,,,,
366.0,Shaggy Doggy Grooming,,Aurora,CO,ARAPAHOE,Pet Grooming Facility - Primary Facility Owner,3/2/2026,39.7294319,-104.8319195,,2024.0,,,,,,,,
367.0,Shanes Halo LLC,Aussie Pet Mobile,Centennial,CO,ARAPAHOE,Pet Grooming Facility - Mobile Groomer,3/2/2026,39.5807452,-104.8771726,,2024.0,,,,,,,,
368.0,"Shylo Kennels, Inc",Shylo Country Club for Dogs,Watkins,CO,ARAPAHOE,Pet Boarding and/or Training,3/2/2026,39.6859664,-104.5703735,80137.0,2024.0,,,,,,,,
369.0,"Shylo Kennels, Inc",Shylo Country Club for Dogs,Watkins,CO,ARAPAHOE,Pet Handler,3/2/2026,39.6859664,-104.5703735,80137.0,2024.0,,,,,,,,
370.0,"Shylo Kennels, Inc",Shylo Country Club for Dogs,Watkins,CO,ARAPAHOE,Pet Grooming Facility - Primary Facility Owner,3/2/2026,39.6859664,-104.5703735,80137.0,2024.0,,,,,,,,
371.0,Shylo's Adventures LLC,The Pooch Mobile,Aurora,CO,ARAPAHOE,Pet Grooming Facility - Mobile Groomer,3/2/2026,39.7294319,-104.8319195,,2024.0,,,,,,,,
372.0,Sit and Stay Grooming,,Englewood,CO,ARAPAHOE,Pet Grooming Facility - Primary Facility Owner,3/2/2026,39.6468851,-104.9875118,80113.0,2024.0,,,,,,,,
373.0,Sloppy Kisses Animal Rescue,,Bennett,CO,ARAPAHOE,Pet Animal Large Rescue,3/2/2026,39.7588736,-104.4274609,80102.0,2024.0,,,,,,,,
374.0,Sloppy Kisses Animal Rescue,,Bennett,CO,ARAPAHOE,Pet Transporter,3/2/2026,39.7588736,-104.4274609,80102.0,2024.0,,,,,,,,
375.0,Snow Capped Shepherd Rescue,,Centennial,CO,ARAPAHOE,Pet Animal Small Rescue,3/2/2026,39.5807452,-104.8771726,,2024.0,,,,,,,,
376.0,Southern Veterinary Partners LLC,Special Friends Veterinary Clinic,Aurora,CO,ARAPAHOE,Pet Grooming Facility - Primary Facility Owner,3/2/2026,39.7294319,-104.8319195,,2024.0,,,,,,,,
377.0,"Southwest Veterinary Hospital, P.C.",,Littleton,CO,ARAPAHOE,Pet Boarding and/or Training,3/2/2026,39.5801106,-104.9859305,80122.0,2024.0,,,,,,,,
378.0,"Sparkling Dog Grooming, LLC",,Centennial,CO,ARAPAHOE,Pet Grooming Facility - Primary Facility Owner,3/2/2026,39.595714,-104.8474867,80112.0,2024.0,,,,,,,,
379.0,SPCAI,,Aurora,CO,ARAPAHOE,Pet Animal Small Rescue,3/2/2026,39.7294319,-104.8319195,,2024.0,,,,,,,,
380.0,St. Mark Inc.,Pets R Us Animal Hospital,Aurora,CO,ARAPAHOE,Pet Boarding and/or Training,3/2/2026,39.7288605,-104.8438658,80011.0,2024.0,,,,,,,,
381.0,Stephanie MacLennan,Valhalla Kennels,Bennett,CO,ARAPAHOE,Pet Boarding and/or Training,3/2/2026,39.7588736,-104.4274609,80102.0,2024.0,,,,,,,,
382.0,Stephanie MacLennan,Valhalla Kennels,Bennett,CO,ARAPAHOE,Pet Handler,3/2/2026,39.7588736,-104.4274609,80102.0,2024.0,,,,,,,,
383.0,Stephanie MacLennan,Valhalla Kennels,Bennett,CO,ARAPAHOE,Small Scale Dog Breeder,3/2/2026,39.7588736,-104.4274609,80102.0,2024.0,,,,,,,,
384.0,Stephanie MacLennan,Valhalla Kennels,Bennett,CO,ARAPAHOE,Pet Grooming Facility - Primary Facility Owner,3/2/2026,39.7588736,-104.4274609,80102.0,2024.0,,,,,,,,
385.0,Summerhill LLC,,Centennial,CO,ARAPAHOE,Pet Grooming Facility - Primary Facility Owner,3/2/2026,39.5807452,-104.8771726,,2024.0,,,,,,,,
386.0,Susan Daugherty,As the Fur Fly's Mobile Pet Grooming,Aurora,CO,ARAPAHOE,Pet Grooming Facility - Mobile Groomer,3/2/2026,39.7294319,-104.8319195,,2024.0,,,,,,,,
387.0,Tenaker Pet Care,,Aurora,CO,ARAPAHOE,Pet Boarding and/or Training,3/2/2026,39.73053669999999,-104.8015976,80011.0,2024.0,,,,,,,,
388.0,Tenaker Pet Care,,Aurora,CO,ARAPAHOE,Pet Grooming Facility - Primary Facility Owner,3/2/2026,39.73053669999999,-104.8015976,80011.0,2024.0,,,,,,,,
389.0,The Barker Lounge,,Littleton,CO,ARAPAHOE,Pet Grooming Facility - Primary Facility Owner,3/2/2026,39.6020873,-105.0211075,80120.0,2024.0,,,,,,,,
390.0,"The Big Tool Box, Inc",,Centennial,CO,ARAPAHOE,Aquarium Only,3/2/2026,39.5720047,-104.9221855,80122.0,2024.0,,,,,,,,
391.0,The Denver Dog Academy,Denver Dog Academy,Aurora,CO,ARAPAHOE,Pet Handler,3/2/2026,39.7294319,-104.8319195,,2024.0,,,,,,,,
392.0,The Pet Parlor LLC,,Aurora,CO,ARAPAHOE,Pet Grooming Facility - Primary Facility Owner,3/2/2026,39.6847606,-104.7801502,80017.0,2024.0,,,,,,,,
393.0,The Prancing Puppy,Pet grooming,littleton,CO,ARAPAHOE,Pet Grooming Facility - Primary Facility Owner,3/2/2026,39.61267,-105.002835,80120.0,2024.0,,,,,,,,
394.0,The Snuggle is Real Animal Rescue,The Snuggle Is Real Animal Rescue (TSIR),Denver,CO,ARAPAHOE,Pet Animal Small Rescue,3/2/2026,39.7203308,-104.9873093,80203.0,2024.0,,,,,,,,
395.0,Top to Tail Dog Grooming Inc.,,Littleton,CO,ARAPAHOE,Pet Grooming Facility - Primary Facility Owner,3/2/2026,39.56757959999999,-104.985435,80122.0,2024.0,,,,,,,,
396.0,Total Pawfection Dog Grooming LLC,Total Pawfection Dog Grooming,Aurora,CO,ARAPAHOE,Pet Grooming Facility - Mobile Groomer,3/2/2026,39.683989,-104.7923485,80017.0,2024.0,,,,,,,,
397.0,"Triple Five Ventures, LLC",Boarding & Beyond,Aurora,CO,ARAPAHOE,Pet Boarding and/or Training,3/2/2026,39.7294319,-104.8319195,,2024.0,,,,,,,,
398.0,"Triple Five Ventures, LLC",Boarding & Beyond,Aurora,CO,ARAPAHOE,Pet Grooming Facility - Primary Facility Owner,3/2/2026,39.7294319,-104.8319195,,2024.0,,,,,,,,
399.0,Tub Time Doggie Salon LLC,,Aurora,CO,ARAPAHOE,Pet Grooming Facility - Primary Facility Owner,3/2/2026,39.6851083,-104.8082678,80017.0,2024.0,,,,,,,,
400.0,"Urban Sophisticats, LLC",,Littleton,CO,ARAPAHOE,Pet Boarding and/or Training,3/2/2026,39.6121359,-105.0197288,80120.0,2024.0,,,,,,,,
401.0,"Urban Sophisticats, LLC",,Littleton,CO,ARAPAHOE,Pet Grooming Facility - Primary Facility Owner,3/2/2026,39.6121359,-105.0197288,80120.0,2024.0,,,,,,,,
402.0,Ury Enterprises LLC,Scales 'N Tails Aurora,Aurora,CO,ARAPAHOE,Retail / Wholesale of Pet Animals,3/2/2026,39.7294319,-104.8319195,,2024.0,,,,,,,,
403.0,Ury Enterprises LLC,Scales 'N Tails Aurora,Aurora,CO,ARAPAHOE,Small Animal Breeder,3/2/2026,39.7294319,-104.8319195,,2024.0,,,,,,,,
404.0,Ury Enterprises LLC,Scales 'N Tails Aurora,Aurora,CO,ARAPAHOE,Pet Animal Small Shelter,3/2/2026,39.7294319,-104.8319195,,2024.0,,,,,,,,
405.0,"VCA Animal Hospitals, Inc.",VCA Wingate Animal Hospital,Englewood,CO,ARAPAHOE,Pet Boarding and/or Training,3/2/2026,39.6477653,-104.9877597,,2024.0,,,,,,,,
406.0,"VCA Animal Hospitals, Inc.",VCA Wingate Animal Hospital,Englewood,CO,ARAPAHOE,Pet Grooming Facility - Primary Facility Owner,3/2/2026,39.6477653,-104.9877597,,2024.0,,,,,,,,
407.0,Wendy K Jones,,Aurora,CO,ARAPAHOE,Independent Contractor (IC) Pet Groomer,3/2/2026,39.7294319,-104.8319195,,2024.0,,,,,,,,
408.0,Whiskers Paws & Tails LLC,,Centennial,CO,ARAPAHOE,Pet Grooming Facility - Mobile Groomer,3/2/2026,39.5807452,-104.8771726,,2024.0,,,,,,,,
409.0,"Wrinkle Dog Wash, LLC",Ace Grooming,Centennial,CO,ARAPAHOE,Pet Grooming Facility - Primary Facility Owner,3/2/2026,39.601646,-104.9873471,80121.0,2024.0,,,,,,,,
410.0,WVP of Colorado LLC,Cherrelyn Animal Hospital,Englewood,CO,ARAPAHOE,Pet Boarding and/or Training,3/2/2026,39.6477653,-104.9877597,,2024.0,,,,,,,,
411.0,WVP of Colorado LLC,Cherrelyn Animal Hospital,Englewood,CO,ARAPAHOE,Pet Grooming Facility - Primary Facility Owner,3/2/2026,39.6477653,-104.9877597,,2024.0,,,,,,,,
412.0,WVP Of Colorado LLC,South Park Animal Hospital,Littleton,CO,ARAPAHOE,Pet Grooming Facility - Primary Facility Owner,3/2/2026,39.613321,-105.0166498,,2024.0,,,,,,,,
413.0,"X and B Pets, Inc.",Perfect Pets,Centennial,CO,ARAPAHOE,Retail / Wholesale of Pet Animals,3/2/2026,39.5807452,-104.8771726,,2024.0,,,,,,,,
414.0,"X and B Pets, Inc.",Perfect Pets,Centennial,CO,ARAPAHOE,Pet Animal Small Shelter,3/2/2026,39.5807452,-104.8771726,,2024.0,,,,,,,,
415.0,Anna Ramirez,The Peaceful Groomer,Pagosa Springs,CO,ARCHULETA,Pet Grooming Facility - Primary Facility Owner,3/2/2026,37.26945,-107.0097617,81147.0,2024.0,,,,,,,,
416.0,AVPM CO PC 1 LLC,Elk Park Animal Hospital,Pagosa Springs,CO,ARCHULETA,Pet Boarding and/or Training,3/2/2026,37.26945,-107.0097617,81147.0,2024.0,,,,,,,,
417.0,AVPM CO PC 1 LLC,Elk Park Animal Hospital,Pagosa Springs,CO,ARCHULETA,Pet Grooming Facility - Primary Facility Owner,3/2/2026,37.26945,-107.0097617,81147.0,2024.0,,,,,,,,
418.0,Chow Down Inc,Chow Down VI,Pagosa Springs,CO,ARCHULETA,Pet Grooming Facility - Primary Facility Owner,3/2/2026,37.2556576,-107.0766637,81147.0,2024.0,,,,,,,,
419.0,"Humane Society of Pagosa Springs, Inc.",,Pagosa Springs,CO,ARCHULETA,Pet Animal Small Shelter,3/2/2026,37.268554,-107.0076235,81147.0,2024.0,,,,,,,,
420.0,Joy Marx,Mountain Paws Dog Sled Tours,Pagosa Springs,CO,ARCHULETA,Commercial Pet Animal Facility,3/2/2026,37.2536203,-107.0811335,81147.0,2024.0,,,,,,,,
421.0,"Pagosa Veterinary Clinic, Inc.",Pagosa Veterinary Clinic,Pagosa Springs,CO,ARCHULETA,Pet Boarding and/or Training,3/2/2026,37.27243989999999,-107.0133193,81147.0,2024.0,,,,,,,,
422.0,Rugby's Rescue House,,Pagosa Springs,CO,ARCHULETA,Pet Animal Large Rescue,3/2/2026,37.26945,-107.0097617,81147.0,2024.0,,,,,,,,
423.0,Rugby's Rescue House,,Pagosa Springs,CO,ARCHULETA,Pet Transporter,3/2/2026,37.26945,-107.0097617,81147.0,2024.0,,,,,,,,
424.0,"San Juan Properties, LLC",Doggie Day Care 81147,Pagosa Springs,CO,ARCHULETA,Pet Boarding and/or Training,3/2/2026,37.2657696,-107.0185067,81147.0,2024.0,,,,,,,,
425.0,"San Juan Properties, LLC",Doggie Day Care 81147,Pagosa Springs,CO,ARCHULETA,Pet Grooming Facility - Primary Facility Owner,3/2/2026,37.2657696,-107.0185067,81147.0,2024.0,,,,,,,,
426.0,San Juan Sled Dogs LLC,San Juan Sled Dogs,Bayfield,CO,ARCHULETA,Commercial Pet Animal Facility,3/2/2026,37.2255593,-107.5981123,81122.0,2024.0,,,,,,,,
427.0,The Spotted Pup,The Spotted Pup,Pagosa Springs,CO,ARCHULETA,Pet Grooming Facility - Primary Facility Owner,3/2/2026,37.2586186,-107.0706678,81147.0,2024.0,,,,,,,,
428.0,WVP Of Colorado LLC,San Juan Veterinary Clinic,Pagosa Springs,CO,ARCHULETA,Pet Boarding and/or Training,3/2/2026,37.26945,-107.0097617,81147.0,2024.0,,,,,,,,
429.0,Edwin D Parks,Holeshot Bullies,Springfield,CO,BACA,Large Scale Dog Breeder,3/2/2026,37.4083485,-102.6143616,81073.0,2024.0,,,,,,,,
430.0,Town of Springfield,,Springfield,CO,BACA,Pet Animal Small Shelter,3/2/2026,37.4083485,-102.6143616,81073.0,2024.0,,,,,,,,
431.0,Town of Walsh,,Walsh,CO,BACA,Pet Animal Small Shelter,3/2/2026,37.3861271,-102.2782394,81090.0,2024.0,,,,,,,,
432.0,City of Las Animas,County of Bent/City of Las Animas Shelter,Las Animas,CO,BENT,Pet Animal Small Shelter,3/2/2026,38.0670012,-103.2211726,81054.0,2024.0,,,,,,,,
433.0,John Ebright,Bright Star Kennels,Hasty,CO,BENT,Small Scale Dog Breeder,3/2/2026,38.0952438,-102.9608246,,2024.0,,,,,,,,
434.0,"101 Clean Dogs ""LLC""",,Erie,CO,BOULDER,Pet Grooming Facility - Mobile Groomer,3/2/2026,40.0502623,-105.0499817,,2024.0,,,,,,,,
435.0,4 Paws Ride & Play,,Erie,CO,BOULDER,Pet Handler,3/2/2026,40.0502623,-105.0499817,,2024.0,,,,,,,,
436.0,Airedale Terrier Rescue & Adoption,,Boulder,CO,BOULDER,Pet Animal Small Rescue,3/2/2026,40.0189728,-105.2747406,,2024.0,,,,,,,,
437.0,Alexandra B. Sherer,,Longmont,CO,BOULDER,Independent Contractor (IC) Pet Groomer,3/2/2026,40.1672068,-105.1019275,,2024.0,,,,,,,,
438.0,Amanda Landreth,,Longmont,CO,BOULDER,Independent Contractor (IC) Pet Groomer,3/2/2026,40.1672068,-105.1019275,,2024.0,,,,,,,,
439.0,"Art of the Dog 2, LLC",Art of the Dog Canine Academy,Longmont,CO,BOULDER,Pet Boarding and/or Training,3/2/2026,40.15931500000001,-105.1243279,80501.0,2024.0,,,,,,,,
440.0,Aubree Evans,pet groomer,Longmont,CO,BOULDER,Independent Contractor (IC) Pet Groomer,3/2/2026,40.1701584,-105.0849802,80504.0,2024.0,,,,,,,,
441.0,"Bark Me Beautiful Pet Grooming, Inc.",,Longmont,CO,BOULDER,Pet Grooming Facility - Primary Facility Owner,3/2/2026,40.1787501,-105.1159256,80501.0,2024.0,,,,,,,,
442.0,Barrett Stanley Emprise LLC,Camp Bow Wow Boulder,Boulder,CO,BOULDER,Pet Boarding and/or Training,3/2/2026,40.0165656,-105.2857108,80302.0,2024.0,,,,,,,,
443.0,Barrett Stanley Emprise LLC,Camp Bow Wow Boulder,Boulder,CO,BOULDER,Pet Grooming Facility - Primary Facility Owner,3/2/2026,40.0165656,-105.2857108,80302.0,2024.0,,,,,,,,
444.0,Bernese Mountain Dog Club of the Rockies,,Longmont,CO,BOULDER,Pet Animal Small Rescue,3/2/2026,40.1672068,-105.1019275,,2024.0,,,,,,,,
445.0,BlackPaw LLC,,Louisville,CO,BOULDER,Pet Grooming Facility - Primary Facility Owner,3/2/2026,39.9648828,-105.1641315,80027.0,2024.0,,,,,,,,
446.0,"BP Dog Training, LLC",Blackpaw Corporation,Lafayette,CO,BOULDER,Pet Boarding and/or Training,3/2/2026,39.9935959,-105.0897058,,2024.0,,,,,,,,
447.0,Braco Pet LLC,Woof Gang Bakery & Grooming Boulder,Boulder,CO,BOULDER,Pet Handler,3/2/2026,40.0189728,-105.2747406,,2024.0,,,,,,,,
448.0,Braco Pet LLC,Woof Gang Bakery & Grooming Boulder,Boulder,CO,BOULDER,Pet Grooming Facility - Primary Facility Owner,3/2/2026,40.0189728,-105.2747406,,2024.0,,,,,,,,
449.0,Brighter Days Dog Rescue,,Superior,CO,BOULDER,Pet Animal Large Rescue,3/2/2026,39.95276339999999,-105.1685977,,2024.0,,,,,,,,
450.0,Camp Berner LLC,Dog daycare/boarding facility,Blackhawk,CO,BOULDER,Pet Boarding and/or Training,3/2/2026,39.9412641,-105.4747687,80422.0,2024.0,,,,,,,,
451.0,Camp Berner LLC,Dog daycare/boarding facility,Blackhawk,CO,BOULDER,Pet Handler,3/2/2026,39.9412641,-105.4747687,80422.0,2024.0,,,,,,,,
452.0,Camp Bow Wow Longmont,Camp Bow Wow Longmont,Longmont,CO,BOULDER,Pet Boarding and/or Training,3/2/2026,40.1506029,-105.1161414,80501.0,2024.0,,,,,,,,
453.0,Camp Bow Wow Longmont,Camp Bow Wow Longmont,Longmont,CO,BOULDER,Pet Grooming Facility - Primary Facility Owner,3/2/2026,40.1506029,-105.1161414,80501.0,2024.0,,,,,,,,
454.0,Canyon Critters LLc,,Golden,CO,BOULDER,Commercial Pet Animal Facility,3/2/2026,39.755543,-105.2210997,,2024.0,,,,,,,,
455.0,"Cavalier King Charles Spaniel Club Rescue, Inc.",CKSCSCR or Cavalier Rescue USA,Boulder,CO,BOULDER,Pet Animal Small Rescue,3/2/2026,40.0189728,-105.2747406,,2024.0,,,,,,,,
456.0,Chuck & Dons,,Boulder,CO,BOULDER,Pet Grooming Facility - Primary Facility Owner,3/2/2026,39.9998077,-105.2610505,80305.0,2024.0,,,,,,,,
457.0,Colorado Senior Dog Rescue and Hospice,,Golden,CO,BOULDER,Pet Animal Small Rescue,3/2/2026,39.755543,-105.2210997,,2024.0,,,,,,,,
458.0,Cottonwood Kennels,,Boulder,CO,BOULDER,Pet Boarding and/or Training,3/2/2026,40.0337336,-105.1838089,80301.0,2024.0,,,,,,,,
459.0,"Destination Pet, Inc.",Divine Canine Pet Hotel,Louisville,CO,BOULDER,Pet Boarding and/or Training,3/2/2026,39.977763,-105.1319296,,2024.0,,,,,,,,
460.0,"Destination Pet, Inc.",Divine Canine Pet Hotel,Louisville,CO,BOULDER,Pet Grooming Facility - Primary Facility Owner,3/2/2026,39.977763,-105.1319296,,2024.0,,,,,,,,
461.0,"DogTag Superior I, LLC",DogTag,Superior,CO,BOULDER,Pet Boarding and/or Training,3/2/2026,39.9623996,-105.1797213,80027.0,2024.0,,,,,,,,
462.0,"DogTag Superior I, LLC",DogTag,Superior,CO,BOULDER,Pet Handler,3/2/2026,39.9623996,-105.1797213,80027.0,2024.0,,,,,,,,
463.0,"DogTag Superior I, LLC",DogTag,Superior,CO,BOULDER,Pet Grooming Facility - Primary Facility Owner,3/2/2026,39.9623996,-105.1797213,80027.0,2024.0,,,,,,,,
464.0,Elevated Communities,Elevated Communities Cat Cafe,Longmont,CO,BOULDER,Pet Animal Small Shelter,3/2/2026,40.1668002,-105.1028955,80501.0,2024.0,,,,,,,,
465.0,Enchanted Mobile Pet Grooming,,Longmont,CO,BOULDER,Pet Grooming Facility - Mobile Groomer,3/2/2026,40.18936739999999,-105.0783692,80504.0,2024.0,,,,,,,,
466.0,"Farfel's Farm, LLC",Farfel's Farm and Rescue,Boulder,CO,BOULDER,Pet Animal Large Rescue,3/2/2026,40.016852,-105.2834589,80302.0,2024.0,,,,,,,,
467.0,Fenrir LLC,Updog,Boulder,CO,BOULDER,Pet Boarding and/or Training,3/2/2026,40.0189728,-105.2747406,,2024.0,,,,,,,,
468.0,Fenrir LLC,Updog,Boulder,CO,BOULDER,Pet Grooming Facility - Primary Facility Owner,3/2/2026,40.0189728,-105.2747406,,2024.0,,,,,,,,
469.0,Flatirons Natural Pet Market LLC,Flatirons Natural Pet Market & Wash,Boulder,CO,BOULDER,Pet Grooming Facility - Primary Facility Owner,3/2/2026,39.9835863,-105.249929,80305.0,2024.0,,,,,,,,
470.0,Four Paws & CO.,,Longmont,CO,BOULDER,Pet Grooming Facility - Primary Facility Owner,3/2/2026,40.15172949999999,-105.1139735,80501.0,2024.0,,,,,,,,
471.0,"Gone Wild Pet & Supply, LLC",Gone Wild Pet & Supply,Lafayette,CO,BOULDER,Pet Boarding and/or Training,3/2/2026,40.0135404,-105.1279529,80026.0,2024.0,,,,,,,,
472.0,"Gone Wild Pet & Supply, LLC",Gone Wild Pet & Supply,Lafayette,CO,BOULDER,Retail / Wholesale of Pet Animals,3/2/2026,40.0135404,-105.1279529,80026.0,2024.0,,,,,,,,
473.0,"Gone Wild Pet & Supply, LLC",Gone Wild Pet & Supply,Lafayette,CO,BOULDER,Pet Grooming Facility - Primary Facility Owner,3/2/2026,40.0135404,-105.1279529,80026.0,2024.0,,,,,,,,
474.0,Grand Central Grooming LLC,,Longmont,CO,BOULDER,Pet Grooming Facility - Primary Facility Owner,3/2/2026,40.1615553,-105.1029414,80501.0,2024.0,,,,,,,,
475.0,Grateful Groomers LLC,,Boulder,CO,BOULDER,Pet Grooming Facility - Mobile Groomer,3/2/2026,40.0189728,-105.2747406,,2024.0,,,,,,,,
476.0,"Hair of the Dog Mobile Dog Grooming, LLC",,Longmont,CO,BOULDER,Pet Grooming Facility - Mobile Groomer,3/2/2026,40.18936739999999,-105.0783692,80504.0,2024.0,,,,,,,,
477.0,Haley McCann,Haley McCann,Longmont,CO,BOULDER,Independent Contractor (IC) Pet Groomer,3/2/2026,40.1672068,-105.1019275,,2024.0,,,,,,,,
478.0,Happy Dog LLC,Gunbarrel Grooming,Boulder,CO,BOULDER,Pet Grooming Facility - Primary Facility Owner,3/2/2026,40.0189728,-105.2747406,,2024.0,,,,,,,,
479.0,Happy Paws Veterinary Hospital,,Lafayette,CO,BOULDER,Pet Boarding and/or Training,3/2/2026,39.9874188,-105.1178098,80026.0,2024.0,,,,,,,,
480.0,Happy Tail Mobile Dog Grooming LLC,,Longmont,CO,BOULDER,Pet Grooming Facility - Mobile Groomer,3/2/2026,40.18936739999999,-105.0783692,80504.0,2024.0,,,,,,,,
481.0,"Haystack Acres, Inc",,Longmont,CO,BOULDER,Small Scale Dog Breeder,3/2/2026,40.099823,-105.213933,80503.0,2024.0,,,,,,,,
482.0,"Hediger Ventures, Inc.",Woofie's of Boulder,Boulder,CO,BOULDER,Pet Grooming Facility - Mobile Groomer,3/2/2026,40.0189728,-105.2747406,,2024.0,,,,,,,,
483.0,High Drive Ventures LLC,High Drive Dog Company,Longmont,CO,BOULDER,Pet Boarding and/or Training,3/2/2026,40.1608112,-105.1077922,80501.0,2024.0,,,,,,,,
484.0,"Humane Society of Boulder Valley, Inc.",,Boulder,CO,BOULDER,Pet Animal Large Shelter,3/2/2026,40.0223702,-105.2264543,80301.0,2024.0,,,,,,,,
485.0,"Humane Society of Boulder Valley, Inc.",,Boulder,CO,BOULDER,Bird Band,3/2/2026,40.0223702,-105.2264543,80301.0,2024.0,,,,,,,,
486.0,"IPP Buyer Acquisition, LLC",Chuck & Don's,Lafayette,CO,BOULDER,Pet Grooming Facility - Primary Facility Owner,3/2/2026,39.9935959,-105.0897058,,2024.0,,,,,,,,
487.0,J & M Farm Enterprises LLC,HydroDog,Longmont,CO,BOULDER,Pet Grooming Facility - Mobile Groomer,3/2/2026,40.1672068,-105.1019275,,2024.0,,,,,,,,
488.0,Jacqueline A. Forsberg,Wags & Wiggles Grooming Salon,Longmont,CO,BOULDER,Pet Grooming Facility - Primary Facility Owner,3/2/2026,40.1672068,-105.1019275,,2024.0,,,,,,,,
489.0,Jasper's Dock Inc,Jasper's Splash Zone,Lafayette,CO,BOULDER,Pet Boarding and/or Training,3/2/2026,39.9825774,-105.0687961,80026.0,2024.0,,,,,,,,
490.0,Jasper's Dock Inc,Jasper's Splash Zone,Lafayette,CO,BOULDER,Pet Handler,3/2/2026,39.9825774,-105.0687961,80026.0,2024.0,,,,,,,,
491.0,Jasper's Dock Inc,Jasper's Splash Zone,Lafayette,CO,BOULDER,Pet Grooming Facility - Self Wash Facility,3/2/2026,39.9825774,-105.0687961,80026.0,2024.0,,,,,,,,
492.0,Kaoru Yago Yim,South Gay Drive Pet Grooming Room,Longmont,CO,BOULDER,Pet Grooming Facility - Primary Facility Owner,3/2/2026,40.1672068,-105.1019275,,2024.0,,,,,,,,
493.0,Kaya Enterprises LLC,Struttin Pup,Lafayette,CO,BOULDER,Pet Grooming Facility - Primary Facility Owner,3/2/2026,39.9935959,-105.0897058,,2024.0,,,,,,,,
494.0,Kennas Devine K9,,Longmont,CO,BOULDER,Pet Grooming Facility - Mobile Groomer,3/2/2026,40.1672068,-105.1019275,,2024.0,,,,,,,,
495.0,Kimberly Bair,Groomer,Longmont,CO,BOULDER,Independent Contractor (IC) Pet Groomer,3/2/2026,40.1419754,-105.1674683,80503.0,2024.0,,,,,,,,
496.0,Knick O'Time Horse Rescue,KOT Kitten Korner,Longmont,CO,BOULDER,Pet Animal Small Shelter,3/2/2026,40.2378903,-105.1614828,80503.0,2024.0,,,,,,,,
497.0,"Lafayette Dog, LP",Dogtopia Lafayette,Lafayette,CO,BOULDER,Pet Boarding and/or Training,3/2/2026,39.9935959,-105.0897058,,2024.0,,,,,,,,
498.0,"Little Lion Cat Grooming, LLC",,Longmont,CO,BOULDER,Pet Grooming Facility - Primary Facility Owner,3/2/2026,40.19635700000001,-105.0829725,80504.0,2024.0,,,,,,,,
499.0,Longmont Humane Society,,Longmont,CO,BOULDER,Pet Animal Large Shelter,3/2/2026,40.1528945,-105.1258748,80501.0,2024.0,,,,,,,,
500.0,Love Your Pet Care,A Sudsy Kind of Love,Longmont,CO,BOULDER,Pet Grooming Facility - Mobile Groomer,3/2/2026,40.1672068,-105.1019275,,2024.0,,,,,,,,
501.0,Luna and Pooch LLC,Dee-O-Gee,Longmont,CO,BOULDER,Pet Boarding and/or Training,3/2/2026,40.1672068,-105.1019275,,2024.0,,,,,,,,
502.0,Luna and Pooch LLC,Dee-O-Gee,Longmont,CO,BOULDER,Pet Grooming Facility - Primary Facility Owner,3/2/2026,40.1672068,-105.1019275,,2024.0,,,,,,,,
503.0,Margaret F Bowles,Ragamour Ragdolls,Boulder,CO,BOULDER,Cat Breeder,3/2/2026,40.0261255,-105.2836696,80304.0,2024.0,,,,,,,,
504.0,Mary Chris Miller,The Cat's Meow,Longmont,CO,BOULDER,Pet Grooming Facility - Primary Facility Owner,3/2/2026,40.1399361,-105.1270301,80501.0,2024.0,,,,,,,,
505.0,Mary Powell,,Longmont,CO,BOULDER,Pet Grooming Facility - Primary Facility Owner,3/2/2026,40.1672068,-105.1019275,,2024.0,,,,,,,,
506.0,"McCuiston Ventures, Inc.",Doggie Depot - Boulder,Boulder,CO,BOULDER,Pet Boarding and/or Training,3/2/2026,40.0189728,-105.2747406,,2024.0,,,,,,,,
507.0,"McCuiston Ventures, Inc.",Doggie Depot - Boulder,Boulder,CO,BOULDER,Pet Grooming Facility - Primary Facility Owner,3/2/2026,40.0189728,-105.2747406,,2024.0,,,,,,,,
508.0,Mother Gaia Animal Rescue,,Lafayette,CO,BOULDER,Pet Animal Large Rescue,3/2/2026,39.9935959,-105.0897058,,2024.0,,,,,,,,
509.0,Mountain Sun Labradoodles LLC,,Louisville,CO,BOULDER,Small Scale Dog Breeder,3/2/2026,39.977763,-105.1319296,,2024.0,,,,,,,,
510.0,"Mrs. Doolittle's Doggie Daycare, LLC",,Longmont,CO,BOULDER,Pet Boarding and/or Training,3/2/2026,40.1672068,-105.1019275,,2024.0,,,,,,,,
511.0,Nicole Henderson,Colorado Miniature Bernedoodle,Longmont,CO,BOULDER,Small Scale Dog Breeder,3/2/2026,40.1636563,-105.099196,80501.0,2024.0,,,,,,,,
512.0,NVA Valley Longmont Veterinary Management Inc,Valley Veterinary Hospital,Longmont,CO,BOULDER,Pet Grooming Facility - Primary Facility Owner,3/2/2026,40.1672068,-105.1019275,,2024.0,,,,,,,,
513.0,Old Dogs New Digs,,Boulder,CO,BOULDER,Pet Animal Small Rescue,3/2/2026,40.0189728,-105.2747406,,2024.0,,,,,,,,
514.0,"P2G, LLC",Paws 2 Groom,Longmont,CO,BOULDER,Pet Grooming Facility - Primary Facility Owner,3/2/2026,40.1672068,-105.1019275,,2024.0,,,,,,,,
515.0,"P2G, LLC",Paws 2 Groom,Longmont,CO,BOULDER,Pet Grooming Facility - Self Wash Facility,3/2/2026,40.1672068,-105.1019275,,2024.0,,,,,,,,
516.0,Patricia C Bragan,,Longmont,CO,BOULDER,Independent Contractor (IC) Pet Groomer,3/2/2026,40.1672068,-105.1019275,,2024.0,,,,,,,,
517.0,Paws & Claws LLC,Paws and Claws,Longmont,CO,BOULDER,Pet Grooming Facility - Primary Facility Owner,3/2/2026,40.1766459,-105.1026442,80501.0,2024.0,,,,,,,,
518.0,Pawsitive Energy LLC,Pawsitive Energy Dog Grooming,Boulder,CO,BOULDER,Pet Grooming Facility - Primary Facility Owner,3/2/2026,40.0322377,-105.2596672,80304.0,2024.0,,,,,,,,
519.0,Penny Trevithick,Pennys Yorkies,Longmont,CO,BOULDER,Small Scale Dog Breeder,3/2/2026,40.1672068,-105.1019275,,2024.0,,,,,,,,
520.0,Peppy Pet Rescue,,Longmont,CO,BOULDER,Pet Animal Small Rescue,3/2/2026,40.1672068,-105.1019275,,2024.0,,,,,,,,
521.0,"Petco Animal Supplies Store, Inc",,Longmont,CO,BOULDER,Retail / Wholesale of Pet Animals,3/2/2026,40.1672068,-105.1019275,,2024.0,,,,,,,,
522.0,"Petco Animal Supplies Store, Inc",,Longmont,CO,BOULDER,Pet Grooming Facility - Primary Facility Owner,3/2/2026,40.1672068,-105.1019275,,2024.0,,,,,,,,
523.0,"Petco Animal Supplies Store, Inc",,Boulder,CO,BOULDER,Retail / Wholesale of Pet Animals,3/2/2026,40.0189728,-105.2747406,,2024.0,,,,,,,,
524.0,"Petco Animal Supplies Store, Inc",,Boulder,CO,BOULDER,Pet Grooming Facility - Primary Facility Owner,3/2/2026,40.0189728,-105.2747406,,2024.0,,,,,,,,
525.0,"PetSmart, Inc",PetSmart - 1130,Longmont,CO,BOULDER,Retail / Wholesale of Pet Animals,3/2/2026,40.1455144,-105.1332176,80501.0,2024.0,,,,,,,,
526.0,"PetSmart, Inc",PetSmart - 1130,Longmont,CO,BOULDER,Pet Grooming Facility - Primary Facility Owner,3/2/2026,40.1455144,-105.1332176,80501.0,2024.0,,,,,,,,
527.0,"Petsmart, Inc.",PetSmart - 1915,Boulder,CO,BOULDER,Pet Boarding and/or Training,3/2/2026,40.0191035,-105.2519293,80301.0,2024.0,,,,,,,,
528.0,"Petsmart, Inc.",PetSmart - 1915,Boulder,CO,BOULDER,Retail / Wholesale of Pet Animals,3/2/2026,40.0191035,-105.2519293,80301.0,2024.0,,,,,,,,
529.0,"Petsmart, Inc.",PetSmart - 1915,Boulder,CO,BOULDER,Pet Grooming Facility - Primary Facility Owner,3/2/2026,40.0191035,-105.2519293,80301.0,2024.0,,,,,,,,
530.0,"PetSmart, Inc.",PetSmart -1015,Superior,CO,BOULDER,Pet Boarding and/or Training,3/2/2026,39.9554932,-105.1711279,80027.0,2024.0,,,,,,,,
531.0,"PetSmart, Inc.",PetSmart -1015,Superior,CO,BOULDER,Retail / Wholesale of Pet Animals,3/2/2026,39.9554932,-105.1711279,80027.0,2024.0,,,,,,,,
532.0,"PetSmart, Inc.",PetSmart -1015,Superior,CO,BOULDER,Pet Grooming Facility - Primary Facility Owner,3/2/2026,39.9554932,-105.1711279,80027.0,2024.0,,,,,,,,
533.0,"PETSuites of America, LLC",Bowhaus Boulder Dog Daycare & Boarding,Boulder,CO,BOULDER,Pet Boarding and/or Training,3/2/2026,40.0189728,-105.2747406,,2024.0,,,,,,,,
534.0,"PETSuites of America, LLC",Bowhaus Boulder Dog Daycare & Boarding,Boulder,CO,BOULDER,Pet Grooming Facility - Primary Facility Owner,3/2/2026,40.0189728,-105.2747406,,2024.0,,,,,,,,
535.0,POS Owner Dog Rescue,POSO Dog Rescue,Boulder,CO,BOULDER,Pet Animal Large Rescue,3/2/2026,40.0189728,-105.2747406,,2024.0,,,,,,,,
536.0,Purrfect Pause LLC,Purrfect Pause Cat Cafe,Boulder,CO,BOULDER,Pet Animal Small Shelter,3/2/2026,40.0141177,-105.2298146,80303.0,2024.0,,,,,,,,
537.0,Renette M. Berggren,Topknot & Tails,Longmont,CO,BOULDER,Pet Grooming Facility - Primary Facility Owner,3/2/2026,40.1672068,-105.1019275,,2024.0,,,,,,,,
538.0,Rocky Mountain French Bulldog Rescue,,Boulder,CO,BOULDER,Pet Animal Small Rescue,3/2/2026,40.0189728,-105.2747406,,2024.0,,,,,,,,
539.0,S T Boulder LLC,Scales N Tails,Boulder,CO,BOULDER,Retail / Wholesale of Pet Animals,3/2/2026,40.0189728,-105.2747406,,2024.0,,,,,,,,
540.0,S T Boulder LLC,Scales N Tails,Boulder,CO,BOULDER,Small Animal Breeder,3/2/2026,40.0189728,-105.2747406,,2024.0,,,,,,,,
541.0,S T Boulder LLC,Scales N Tails,Boulder,CO,BOULDER,Pet Animal Small Shelter,3/2/2026,40.0189728,-105.2747406,,2024.0,,,,,,,,
542.0,Sam & Charlie's LLC,Sam & Charles Farm,Lafayette,CO,BOULDER,Pet Boarding and/or Training,3/2/2026,39.9935959,-105.0897058,,2024.0,,,,,,,,
543.0,Southern Veterinary Partners LLC,Arapahoe Animal Hospital,Boulder,CO,BOULDER,Pet Boarding and/or Training,3/2/2026,40.0295967,-105.254683,80301.0,2024.0,,,,,,,,
544.0,"Southern Veterinary Partners, LLC",Gunbarrel Veterinary Hospital,Boulder,CO,BOULDER,Pet Boarding and/or Training,3/2/2026,40.0295967,-105.254683,80301.0,2024.0,,,,,,,,
545.0,Spawlash Pet Grooming and Selfwash LLC,The Peaceful Puppy,Boulder,CO,BOULDER,Pet Grooming Facility - Primary Facility Owner,3/2/2026,39.9019151,-104.9801803,80233.0,2024.0,,,,,,,,
546.0,Summit Dog Rescue,,Boulder,CO,BOULDER,Pet Animal Small Rescue,3/2/2026,40.0189728,-105.2747406,,2024.0,,,,,,,,
547.0,"T&B Aquatics, Inc.",Aqua Imports,Boulder,CO,BOULDER,Retail / Wholesale of Pet Animals,3/2/2026,40.0189728,-105.2747406,,2024.0,,,,,,,,
548.0,"The Hydrant, Inc.",,Boulder,CO,BOULDER,Pet Grooming Facility - Primary Facility Owner,3/2/2026,40.0286851,-105.2555386,80301.0,2024.0,,,,,,,,
549.0,"The Little Groomer, Inc.",,Louisville,CO,BOULDER,Pet Grooming Facility - Primary Facility Owner,3/2/2026,39.9767921,-105.1288078,80027.0,2024.0,,,,,,,,
550.0,The Pup Sitter,,Boulder,CO,BOULDER,Pet Boarding and/or Training,3/2/2026,40.0189728,-105.2747406,,2024.0,,,,,,,,
551.0,The Shepherd's Dog LLC,Scenthound South Boulder,Boulder,CO,BOULDER,Pet Grooming Facility - Primary Facility Owner,3/2/2026,40.0189728,-105.2747406,,2024.0,,,,,,,,
552.0,The Spot Holder LLC,The Pet Spot,Boulder,CO,BOULDER,Pet Boarding and/or Training,3/2/2026,40.171705,-105.102102,80501.0,2024.0,,,,,,,,
553.0,The Spot Holder LLC,The Pet Spot,Boulder,CO,BOULDER,Pet Grooming Facility - Primary Facility Owner,3/2/2026,40.171705,-105.102102,80501.0,2024.0,,,,,,,,
554.0,"Tumbleweed Veterinary Services, PLLC",Longs Peak Animal Hospital,Longmont,CO,BOULDER,Pet Boarding and/or Training,3/2/2026,40.1580328,-105.0480723,80504.0,2024.0,,,,,,,,
555.0,"Tumbleweed Veterinary Services, PLLC",Longs Peak Animal Hospital,Longmont,CO,BOULDER,Pet Grooming Facility - Primary Facility Owner,3/2/2026,40.1580328,-105.0480723,80504.0,2024.0,,,,,,,,
556.0,"VCA Animal Hospitals, Inc.",VCA Broadway Animal Hospital and Pet Center,Boulder,CO,BOULDER,Pet Boarding and/or Training,3/2/2026,40.0189728,-105.2747406,,2024.0,,,,,,,,
557.0,"VCG Mountain Ridge, LLC",Veterinary Care Group-Mountain Ridge Animal Hospital,Lafayette,CO,BOULDER,Pet Boarding and/or Training,3/2/2026,39.9985931,-105.1035029,80026.0,2024.0,,,,,,,,
558.0,VetCor of Colorado LLC,Uniquely Cats Veterinary Center,Boulder,CO,BOULDER,Pet Boarding and/or Training,3/2/2026,40.0189728,-105.2747406,,2024.0,,,,,,,,
559.0,Watermill Auto& Pet Wash,WaterMill Auto & Pet Wash,Louisville,CO,BOULDER,Pet Grooming Facility - Self Wash Facility,3/2/2026,39.962944,-105.1274591,80027.0,2024.0,,,,,,,,
560.0,"Wect Pets, LLC",Whispering Pines Pet Resorts,Longmont,CO,BOULDER,Pet Boarding and/or Training,3/2/2026,40.1672068,-105.1019275,,2024.0,,,,,,,,
561.0,"Wect Pets, LLC",Whispering Pines Pet Resorts,Longmont,CO,BOULDER,Pet Grooming Facility - Primary Facility Owner,3/2/2026,40.1672068,-105.1019275,,2024.0,,,,,,,,
562.0,Wendy Mariscal,Chico's Grooming Spa,Niwot,CO,BOULDER,Pet Grooming Facility - Primary Facility Owner,3/2/2026,40.103874,-105.1708193,80503.0,2024.0,,,,,,,,
563.0,"Whispering Pines Pet Resort, LLC",,Longmont,CO,BOULDER,Pet Boarding and/or Training,3/2/2026,40.2353423,-105.1582023,80503.0,2024.0,,,,,,,,
564.0,"Whispering Pines Pet Resort, LLC",,Longmont,CO,BOULDER,Pet Grooming Facility - Primary Facility Owner,3/2/2026,40.2353423,-105.1582023,80503.0,2024.0,,,,,,,,
565.0,Whole Pets Corporation,,Boulder,CO,BOULDER,Pet Grooming Facility - Primary Facility Owner,3/2/2026,40.0232541,-105.2570399,80301.0,2024.0,,,,,,,,
566.0,Woof Logic,,Longmont,CO,BOULDER,Pet Boarding and/or Training,3/2/2026,40.1338771,-105.139898,80503.0,2024.0,,,,,,,,
567.0,Woof Logic,,Longmont,CO,BOULDER,Pet Grooming Facility - Mobile Groomer,3/2/2026,40.1338771,-105.139898,80503.0,2024.0,,,,,,,,
568.0,ZFB LLC,DC Grooming,Lafayette,CO,BOULDER,Pet Grooming Facility - Primary Facility Owner,3/2/2026,39.9935959,-105.0897058,,2024.0,,,,,,,,
569.0,4 Paws Partners LLC,Wag N Wash Natural Food & Bakery,Broomfield,CO,BROOMFIELD,Pet Grooming Facility - Primary Facility Owner,3/2/2026,39.9186286,-105.0398806,80020.0,2024.0,,,,,,,,
570.0,"Collar Cuts, LLC",Collar Cuts Mobile Grooming,Broomfield,CO,BROOMFIELD,Pet Grooming Facility - Mobile Groomer,3/2/2026,39.92164289999999,-105.101333,80020.0,2024.0,,,,,,,,
571.0,"Colorado Dog Academy, Inc",,Broomfield,CO,BROOMFIELD,Pet Boarding and/or Training,3/2/2026,39.9172677,-105.0526371,80020.0,2024.0,,,,,,,,
572.0,"Colorado Dog Academy, Inc",,Broomfield,CO,BROOMFIELD,Pet Grooming Facility - Primary Facility Owner,3/2/2026,39.9172677,-105.0526371,80020.0,2024.0,,,,,,,,
573.0,Doglife Inc.,,Broomfield,CO,BROOMFIELD,Pet Boarding and/or Training,3/2/2026,39.9244066,-105.0928244,80020.0,2024.0,,,,,,,,
574.0,"Flash Dog Training, LLC",Flash Dog Training,Broomfield,CO,BROOMFIELD,Pet Boarding and/or Training,3/2/2026,39.9291513,-105.0893075,80020.0,2024.0,,,,,,,,
575.0,"Flash Dog Training, LLC",Flash Dog Training,Broomfield,CO,BROOMFIELD,Pet Handler,3/2/2026,39.9291513,-105.0893075,80020.0,2024.0,,,,,,,,
576.0,Grooming by Dee,,Broomfield,CO,BROOMFIELD,Independent Contractor (IC) Pet Groomer,3/2/2026,39.9205411,-105.0866504,,2024.0,,,,,,,,
577.0,GTC and TCP Family Inc,Zoomin Groomin-East Boulder,Superior,CO,BROOMFIELD,Pet Grooming Facility - Mobile Groomer,3/2/2026,39.95276339999999,-105.1685977,,2024.0,,,,,,,,
578.0,Leslie Villanueva,Le Chic Chienne,Broomfield,CO,BROOMFIELD,Pet Grooming Facility - Mobile Groomer,3/2/2026,39.9205411,-105.0866504,,2024.0,,,,,,,,
579.0,Lucy Peckham,PawLuvRescue,Broomfield,CO,BROOMFIELD,Pet Animal Small Rescue,3/2/2026,39.9205411,-105.0866504,,2024.0,,,,,,,,
580.0,Mile High Labrador Retriever Mission,"MHLRM,Mile High Lab Mission,Mile High Lab Rescue",Broomfield,CO,BROOMFIELD,Pet Animal Large Rescue,3/2/2026,39.93229669999999,-105.1320571,80021.0,2024.0,,,,,,,,
581.0,"P, Z and J, Inc.",Urban Dogg Broomfield,Broomfield,CO,BROOMFIELD,Pet Grooming Facility - Primary Facility Owner,3/2/2026,39.9205411,-105.0866504,,2024.0,,,,,,,,
582.0,"Paw Wares, Inc.",Doggie Style,Broomfield,CO,BROOMFIELD,Pet Grooming Facility - Self Wash Facility,3/2/2026,39.90658,-105.097778,80021.0,2024.0,,,,,,,,
583.0,"PawSpa, LLC","Aspen Arbor Animal Hospital, PC",Broomfield,CO,BROOMFIELD,Pet Grooming Facility - Primary Facility Owner,3/2/2026,39.90658,-105.097778,80021.0,2024.0,,,,,,,,
584.0,Pet Nanny Express LLC,,Broomfield,CO,BROOMFIELD,Pet Handler,3/2/2026,39.9205411,-105.0866504,,2024.0,,,,,,,,
585.0,"Petco Animal Supplies Store, Inc",,Broomfield,CO,BROOMFIELD,Retail / Wholesale of Pet Animals,3/2/2026,39.9205411,-105.0866504,,2024.0,,,,,,,,
586.0,"Petco Animal Supplies Store, Inc",,Broomfield,CO,BROOMFIELD,Pet Grooming Facility - Primary Facility Owner,3/2/2026,39.9205411,-105.0866504,,2024.0,,,,,,,,
587.0,"PETSuites of America, LLC",City Bark,Broomfield,CO,BROOMFIELD,Pet Boarding and/or Training,3/2/2026,39.9428964,-104.9847163,80241.0,2024.0,,,,,,,,
588.0,"PETSuites of America, LLC",City Bark,Broomfield,CO,BROOMFIELD,Pet Grooming Facility - Primary Facility Owner,3/2/2026,39.9428964,-104.9847163,80241.0,2024.0,,,,,,,,
589.0,Priscila Marinho,Furever pampered dog grooming,Broomfield,CO,BROOMFIELD,Pet Grooming Facility - Secondary Facility Owner,3/2/2026,39.9205411,-105.0866504,,2024.0,,,,,,,,
590.0,Raz's Grooming LLC,,Broomfield,CO,BROOMFIELD,Pet Grooming Facility - Primary Facility Owner,3/2/2026,39.9248145,-105.09153,80020.0,2024.0,,,,,,,,
591.0,"Related Endeavors, Inc.",Liquid Kingdom Inc.,Broomfield,CO,BROOMFIELD,Aquarium Only,3/2/2026,39.9205411,-105.0866504,,2024.0,,,,,,,,
592.0,Renee Martinez,Collarcuts mobile pet grooming,Denver,CO,BROOMFIELD,Independent Contractor (IC) Pet Groomer,3/2/2026,39.7392358,-104.990251,,2024.0,,,,,,,,
593.0,RJFrye LLC,The Dirty Dog Grooming,Broomfield,CO,BROOMFIELD,Pet Grooming Facility - Primary Facility Owner,3/2/2026,39.9205411,-105.0866504,,2024.0,,,,,,,,
594.0,Rock Creek Veterinary Hospital,Rock Creek Spa and Retail,Broomfield,CO,BROOMFIELD,Pet Grooming Facility - Primary Facility Owner,3/2/2026,39.9293489,-105.1262153,80021.0,2024.0,,,,,,,,
595.0,Rocky Mountain Dog Training LLC,,Broomfield,CO,BROOMFIELD,Pet Boarding and/or Training,3/2/2026,39.9102511,-105.0725561,80020.0,2024.0,,,,,,,,
596.0,Rocky Mountain Dog Training LLC,,Broomfield,CO,BROOMFIELD,Pet Handler,3/2/2026,39.9102511,-105.0725561,80020.0,2024.0,,,,,,,,
597.0,Shanan Lee Strewler,The Groom Room Health & Wellness Center,Broomfield,CO,BROOMFIELD,Pet Grooming Facility - Primary Facility Owner,3/2/2026,39.9219361,-105.086405,80020.0,2024.0,,,,,,,,
598.0,Southern Veterinary Partners LLC,Aspen Arbor Animal Hospital,Broomfield,CO,BROOMFIELD,Pet Boarding and/or Training,3/2/2026,39.9205411,-105.0866504,,2024.0,,,,,,,,
599.0,Southern Veterinary Partners LLC,Aspen Arbor Animal Hospital,Broomfield,CO,BROOMFIELD,Pet Grooming Facility - Primary Facility Owner,3/2/2026,39.9205411,-105.0866504,,2024.0,,,,,,,,
600.0,The Mobile Dog Wash LLC,The Pooch Mobile,Broomfield,CO,BROOMFIELD,Pet Grooming Facility - Mobile Groomer,3/2/2026,39.92164289999999,-105.101333,80020.0,2024.0,,,,,,,,
601.0,Their Spa,,Broomfield,CO,BROOMFIELD,Pet Grooming Facility - Primary Facility Owner,3/2/2026,39.9244033,-105.0925854,80020.0,2024.0,,,,,,,,
602.0,Alpha Dog Care LLC,,Salida,CO,CHAFFEE,Pet Boarding and/or Training,3/2/2026,38.5203868,-106.0646718,81242.0,2024.0,,,,,,,,
603.0,Alpha Dog Care LLC,,Salida,CO,CHAFFEE,Pet Grooming Facility - Self Wash Facility,3/2/2026,38.5203868,-106.0646718,81242.0,2024.0,,,,,,,,
604.0,Ark Valley Humane Society,AVHS South,Salida,CO,CHAFFEE,Pet Animal Small Shelter,3/2/2026,38.5347193,-105.9989022,81201.0,2024.0,,,,,,,,
605.0,"Ark Valley Humane Society, Inc",,Buena Vista,CO,CHAFFEE,Pet Animal Small Shelter,3/2/2026,38.8247828,-106.1376369,81211.0,2024.0,,,,,,,,
606.0,Australian Shepherds Furever,Australian Shepherds Furever,Buena Vista,CO,CHAFFEE,Pet Animal Small Rescue,3/2/2026,38.8422178,-106.1311288,81211.0,2024.0,,,,,,,,
607.0,Corner Paw Spa,,Buena Vista,CO,CHAFFEE,Pet Grooming Facility - Primary Facility Owner,3/2/2026,38.8409243,-106.1339093,81211.0,2024.0,,,,,,,,
608.0,Dawn L. Emel,Pearls Sunrize Sanctuary,Salida,CO,CHAFFEE,Pet Animal Sanctuary,3/2/2026,38.5382226,-105.9993894,81201.0,2024.0,,,,,,,,
609.0,Janis R. Stadler,Double J Cross Kennel,Nathrop,CO,CHAFFEE,Pet Boarding and/or Training,3/2/2026,38.7472183,-106.0755712,,2024.0,,,,,,,,
610.0,Jenna's Dog Grooming LLC,,Poncha Springs,CO,CHAFFEE,Pet Grooming Facility - Primary Facility Owner,3/2/2026,38.5127752,-106.0772384,,2024.0,,,,,,,,
611.0,Jessica F. Bennett,Jessica's Pet Grooming,Salida,CO,CHAFFEE,Pet Grooming Facility - Primary Facility Owner,3/2/2026,38.5374707,-105.9906049,81201.0,2024.0,,,,,,,,
612.0,K9 Haven,,Buena Vista,CO,CHAFFEE,Pet Boarding and/or Training,3/2/2026,38.826397,-106.111425,81211.0,2024.0,,,,,,,,
613.0,K9 Haven,,Buena Vista,CO,CHAFFEE,Pet Grooming Facility - Primary Facility Owner,3/2/2026,38.826397,-106.111425,81211.0,2024.0,,,,,,,,
614.0,K9 Haven,,Buena Vista,CO,CHAFFEE,Pet Grooming Facility - Self Wash Facility,3/2/2026,38.826397,-106.111425,81211.0,2024.0,,,,,,,,
615.0,Kristy Freeman,,Poncha Springs,CO,CHAFFEE,Pet Grooming Facility - Mobile Groomer,3/2/2026,38.5127752,-106.0772384,,2024.0,,,,,,,,
616.0,Le Soleil Ange's Grooming Salon,,Salida,CO,CHAFFEE,Pet Grooming Facility - Primary Facility Owner,3/2/2026,38.536613,-105.9953961,81201.0,2024.0,,,,,,,,
617.0,Le Soleil Ange's Grooming Salon,,Salida,CO,CHAFFEE,Pet Grooming Facility - Self Wash Facility,3/2/2026,38.536613,-105.9953961,81201.0,2024.0,,,,,,,,
618.0,"Mountain Shadows Animal Hospital, Inc.",,Salida,CO,CHAFFEE,Pet Boarding and/or Training,3/2/2026,38.5196852,-106.046257,81201.0,2024.0,,,,,,,,
619.0,Pet Pawradise LLC,Wag N Tails,Salida,CO,CHAFFEE,Pet Boarding and/or Training,3/2/2026,38.5347193,-105.9989022,81201.0,2024.0,,,,,,,,
620.0,Pet Pawradise LLC,Wag N Tails,Salida,CO,CHAFFEE,Pet Grooming Facility - Primary Facility Owner,3/2/2026,38.5347193,-105.9989022,81201.0,2024.0,,,,,,,,
621.0,Smalley Designs LLC,Gone to the Dogs,Salida,CO,CHAFFEE,Pet Grooming Facility - Primary Facility Owner,3/2/2026,38.5347193,-105.9989022,81201.0,2024.0,,,,,,,,
622.0,Smalley Designs LLC,Gone to the Dogs,Buena Vista,CO,CHAFFEE,Pet Grooming Facility - Primary Facility Owner,3/2/2026,38.8422178,-106.1311288,81211.0,2024.0,,,,,,,,
623.0,The Doghouse LTD,,Buena Vista,CO,CHAFFEE,Pet Grooming Facility - Primary Facility Owner,3/2/2026,38.8422178,-106.1311288,81211.0,2024.0,,,,,,,,
624.0,The Doghouse LTD,,Buena Vista,CO,CHAFFEE,Pet Grooming Facility - Mobile Groomer,3/2/2026,38.8422178,-106.1311288,81211.0,2024.0,,,,,,,,
625.0,The Travelling Dog Groomer,,Salida,CO,CHAFFEE,Pet Grooming Facility - Mobile Groomer,3/2/2026,38.5347193,-105.9989022,81201.0,2024.0,,,,,,,,
626.0,Jane Ardrey,Jane's Dog Grooming,Cheyenne Wells,CO,CHEYENNE,Pet Grooming Facility - Primary Facility Owner,3/2/2026,38.821395,-102.3532435,80810.0,2024.0,,,,,,,,
627.0,Leasa M. White,L&K Doxies APPROVED,Arapahoe Colorado,CO,CHEYENNE,Large Scale Dog Breeder,3/2/2026,39.62031,-104.332644,,2024.0,,,,,,,,
628.0,TLC Kennel LLC,,Kit Carson,CO,CHEYENNE,Large Scale Dog Breeder,3/2/2026,38.8863819,-102.7225259,80825.0,2024.0,,,,,,,,
629.0,Town of Cheyenne Wells,,Cheyenne Wells,CO,CHEYENNE,Pet Animal Small Shelter,3/2/2026,38.821395,-102.3532435,80810.0,2024.0,,,,,,,,
630.0,County of Clear Creek Animal Shelter,Charlie's Place,Dumont,CO,CLEAR CREEK,Pet Animal Small Shelter,3/2/2026,39.76350600000001,-105.610373,80436.0,2024.0,,,,,,,,
631.0,Happy Hounds Rescue Inc.,,Empire,CO,CLEAR CREEK,Pet Animal Small Rescue,3/2/2026,39.76137629999999,-105.6844479,,2024.0,,,,,,,,
632.0,"NGUE, LLC.",Bubbles With No Troubles,Evergreen,CO,CLEAR CREEK,Pet Grooming Facility - Mobile Groomer,3/2/2026,39.634584,-105.3155562,80439.0,2024.0,,,,,,,,
633.0,"Brazos Cattle Company, Inc.",Brazos Kennels,Alamosa,CO,CONEJOS,Small Scale Dog Breeder,3/2/2026,37.4694491,-105.8700214,81101.0,2024.0,,,,,,,,
634.0,Kelly West,Heaven Sent Aussies,Jaroso,CO,COSTILLA,Small Scale Dog Breeder,3/2/2026,37.0028954,-105.6245327,81138.0,2024.0,,,,,,,,
635.0,San Luis Valley Animal Welfare Society,SLVAWS,San Luis,CO,COSTILLA,Pet Animal Small Shelter,3/2/2026,37.2008482,-105.4239012,81152.0,2024.0,,,,,,,,
636.0,Bonnie Stoney,Stoneys,Olney Springs,CO,CROWLEY,Small Scale Dog Breeder,3/2/2026,38.1661162,-103.9446792,81062.0,2024.0,,,,,,,,
637.0,Crowley County Correctional Facility,,Olney Springs,CO,CROWLEY,Pet Boarding and/or Training,3/2/2026,38.1583862,-103.9573211,81062.0,2024.0,,,,,,,,
638.0,Town of Ordway,,Ordway,CO,CROWLEY,Pet Animal Small Shelter,3/2/2026,38.2180608,-103.7560606,81063.0,2024.0,,,,,,,,
639.0,Anne's Grooming,,Westcliffe,CO,CUSTER,Pet Grooming Facility - Primary Facility Owner,3/2/2026,38.1361181,-105.4628308,81252.0,2024.0,,,,,,,,
640.0,"Groom with a View, LLC",,Westcliffe,CO,CUSTER,Pet Grooming Facility - Primary Facility Owner,3/2/2026,38.1347219,-105.4658353,81252.0,2024.0,,,,,,,,
641.0,Heavenly Rottweilers,,Florence,CO,CUSTER,Small Scale Dog Breeder,3/2/2026,38.3069254,-105.1043141,81226.0,2024.0,,,,,,,,
642.0,High Peaks Animal Hospital LLC,,Silver Cliff,CO,CUSTER,Pet Boarding and/or Training,3/2/2026,38.1331509,-105.4377784,81252.0,2024.0,,,,,,,,
643.0,Howard Unrein,hobbyist,Westcliffe,CO,CUSTER,Bird Band,3/2/2026,38.1347219,-105.4658353,81252.0,2024.0,,,,,,,,
644.0,Town of Westcliffe,Town of Westcliffe Animal Shelter,Westcliffe,CO,CUSTER,Pet Animal Small Shelter,3/2/2026,38.1347219,-105.4658353,81252.0,2024.0,,,,,,,,
645.0,Wet Mountain Animal Welfare LLC,,Wescliffe,CO,CUSTER,Pet Animal Small Rescue,3/2/2026,38.1359233,-105.4671603,81252.0,2024.0,,,,,,,,
646.0,Barbara A. Bowman,"Colorful Bengals,Rainbow Schnauzers",Delta,CO,DELTA,Bird Breeder,3/2/2026,38.7422062,-108.0689582,81416.0,2024.0,,,,,,,,
647.0,Barbara A. Bowman,"Colorful Bengals,Rainbow Schnauzers",Delta,CO,DELTA,Cat Breeder,3/2/2026,38.7422062,-108.0689582,81416.0,2024.0,,,,,,,,
648.0,Barbara A. Bowman,"Colorful Bengals,Rainbow Schnauzers",Delta,CO,DELTA,Small Scale Dog Breeder,3/2/2026,38.7422062,-108.0689582,81416.0,2024.0,,,,,,,,
649.0,Barbara A. Bowman,"Colorful Bengals,Rainbow Schnauzers",Delta,CO,DELTA,Bird Band,3/2/2026,38.7422062,-108.0689582,81416.0,2024.0,,,,,,,,
650.0,Beckie S. Korthuis,Cottonwood Farm,Delta,CO,DELTA,Small Scale Dog Breeder,3/2/2026,38.7506583,-108.0534864,81416.0,2024.0,,,,,,,,
651.0,"Blooms Grooming, LLC",,Cedaredge,CO,DELTA,Pet Grooming Facility - Primary Facility Owner,3/2/2026,38.896583,-107.9249527,81413.0,2024.0,,,,,,,,
652.0,Blossom Dog Training LLC,Dog Trainer,Delta,CO,DELTA,Pet Boarding and/or Training,3/2/2026,38.7422062,-108.0689582,81416.0,2024.0,,,,,,,,
653.0,Brittany Rowley,Spaw,HOTCHKISS,CO,DELTA,Pet Grooming Facility - Primary Facility Owner,3/2/2026,38.799707,-107.7195032,,2024.0,,,,,,,,
654.0,"Canine Cottage, LLC",All Breed Mobile Pet Grooming,Delta,CO,DELTA,Small Scale Dog Breeder,3/2/2026,38.7422062,-108.0689582,81416.0,2024.0,,,,,,,,
655.0,"Canine Cottage, LLC",All Breed Mobile Pet Grooming,Delta,CO,DELTA,Independent Contractor (IC) Pet Groomer,3/2/2026,38.7422062,-108.0689582,81416.0,2024.0,,,,,,,,
656.0,Chazra J. Dotts,"F & E Bulldogs,Frenchies and English Bulldogs",Austin,CO,DELTA,Small Scale Dog Breeder,3/2/2026,38.78063849999999,-107.9508229,,2024.0,,,,,,,,
657.0,Chow Down VII Inc,,Delta,CO,DELTA,Pet Grooming Facility - Primary Facility Owner,3/2/2026,38.7487743,-108.0511527,81416.0,2024.0,,,,,,,,
658.0,Cinthia Y. Mendoza Dominguez,Puppy Love,Hotchkiss,CO,DELTA,Pet Grooming Facility - Primary Facility Owner,3/2/2026,38.799707,-107.7195032,,2024.0,,,,,,,,
659.0,"Clippin' Along Mobile Pet Grooming, LLC",,Delta,CO,DELTA,Pet Grooming Facility - Mobile Groomer,3/2/2026,38.7307241,-108.0543728,81416.0,2024.0,,,,,,,,
660.0,Colorado Rocky Mountain Rodents LLC,,Hotchkiss,CO,DELTA,Small Animal Breeder,3/2/2026,38.7955213,-107.7628666,81419.0,2024.0,,,,,,,,
661.0,Cottonwood Ranch & Kennel,,Crawford,CO,DELTA,Pet Boarding and/or Training,3/2/2026,38.7456041,-107.6146223,81415.0,2024.0,,,,,,,,
662.0,Covenant Keepers K9 Training Facility,,Delta,CO,DELTA,Pet Boarding and/or Training,3/2/2026,38.7356507,-107.9678297,81416.0,2024.0,,,,,,,,
663.0,Covenant Keepers K9 Training Facility,,Delta,CO,DELTA,Pet Handler,3/2/2026,38.7356507,-107.9678297,81416.0,2024.0,,,,,,,,
664.0,Covenant Keepers K9 Training Facility,,Delta,CO,DELTA,Pet Grooming Facility - Primary Facility Owner,3/2/2026,38.7356507,-107.9678297,81416.0,2024.0,,,,,,,,
665.0,Delta County Citizens for Animal Welfare & Shelter,"Barkin' Bargains,CAWS",Paonia,CO,DELTA,Pet Animal Small Shelter,3/2/2026,38.8683204,-107.5920017,81428.0,2024.0,,,,,,,,
666.0,Delta County Humane Society,,Delta,CO,DELTA,Pet Animal Large Rescue,3/2/2026,38.7422062,-108.0689582,81416.0,2024.0,,,,,,,,
667.0,"Dorr Veterinary Hospital, LLC",,Delta,CO,DELTA,Pet Boarding and/or Training,3/2/2026,38.7506675,-108.0575485,81416.0,2024.0,,,,,,,,
668.0,George DeLeff,DeLeff Kennels,Delta,CO,DELTA,Pet Boarding and/or Training,3/2/2026,38.68669269999999,-107.994481,81416.0,2024.0,,,,,,,,
669.0,George DeLeff,DeLeff Kennels,Delta,CO,DELTA,Pet Grooming Facility - Primary Facility Owner,3/2/2026,38.68669269999999,-107.994481,81416.0,2024.0,,,,,,,,
670.0,Heather D. Braslin,Sunny Patch Puppys,DELTA,CO,DELTA,Small Scale Dog Breeder,3/2/2026,38.7422062,-108.0689582,81416.0,2024.0,,,,,,,,
671.0,HHH Inc.,Cruisin Clean (Car Wash),Delta,CO,DELTA,Pet Grooming Facility - Self Wash Facility,3/2/2026,38.7422062,-108.0689582,81416.0,2024.0,,,,,,,,
672.0,High Bred Hybrids,,Cedaredge,CO,DELTA,Small Scale Dog Breeder,3/2/2026,38.9450051,-107.930825,81413.0,2024.0,,,,,,,,
673.0,J Bradley Mulqueen,Happy Tails Pet Lodge,Cedaredge,CO,DELTA,Pet Boarding and/or Training,3/2/2026,38.9016487,-107.926454,81413.0,2024.0,,,,,,,,
674.0,Janae Rycenga,DD Mini & Toy Aussies,Delta,CO,DELTA,Small Scale Dog Breeder,3/2/2026,38.7422062,-108.0689582,81416.0,2024.0,,,,,,,,
675.0,Julie A Butler,The Top Dogs Butler,Delta,CO,DELTA,Pet Boarding and/or Training,3/2/2026,38.7422062,-108.0689582,81416.0,2024.0,,,,,,,,
676.0,Julie A Butler,The Top Dogs Butler,Delta,CO,DELTA,Pet Grooming Facility - Primary Facility Owner,3/2/2026,38.7422062,-108.0689582,81416.0,2024.0,,,,,,,,
677.0,Julie A Butler,The Top Dogs Butler,Delta,CO,DELTA,Pet Grooming Facility - Mobile Groomer,3/2/2026,38.7422062,-108.0689582,81416.0,2024.0,,,,,,,,
678.0,Katherine M. Greer,KG Dog Grooming,Delta,CO,DELTA,Pet Grooming Facility - Primary Facility Owner,3/2/2026,38.7422062,-108.0689582,81416.0,2024.0,,,,,,,,
679.0,Kimber Dannheim,Silly-dogs,Paonia,CO,DELTA,Small Scale Dog Breeder,3/2/2026,38.8683204,-107.5920017,81428.0,2024.0,,,,,,,,
680.0,Laura Ryan,Pet Grooming,Delta,CO,DELTA,Pet Grooming Facility - Primary Facility Owner,3/2/2026,38.7422062,-108.0689582,81416.0,2024.0,,,,,,,,
681.0,Meredith M Mazutis,Rocky Mountain Dobermans,Crawford,CO,DELTA,Small Scale Dog Breeder,3/2/2026,38.7038767,-107.6089466,,2024.0,,,,,,,,
682.0,Modrn Pup LLC,Modern Pup,Delta,CO,DELTA,Pet Grooming Facility - Primary Facility Owner,3/2/2026,38.7268842,-108.0436454,81416.0,2024.0,,,,,,,,
683.0,"No Place Like Home, LLC",No Place Like Home Mobile Dog Grooming,Orchard City,CO,DELTA,Pet Grooming Facility - Mobile Groomer,3/2/2026,38.8390689,-107.964888,,2024.0,,,,,,,,
684.0,Patricia A. Gwinn,Katmandu Paonia,Paonia,CO,DELTA,Pet Animal Small Shelter,3/2/2026,38.8683204,-107.5920017,81428.0,2024.0,,,,,,,,
685.0,PTK Ranch LLC,,Delta,CO,DELTA,Small Scale Dog Breeder,3/2/2026,38.7256345,-108.0127456,81416.0,2024.0,,,,,,,,
686.0,"Roice Hurst Humane Society, Inc",Roice-Hurst Humane Society at Delta,Delta,CO,DELTA,Pet Animal Small Shelter,3/2/2026,38.7410932,-108.0798268,81416.0,2024.0,,,,,,,,
687.0,SATA Kennels,,Delta,CO,DELTA,Small Scale Dog Breeder,3/2/2026,38.7194935,-108.1260229,81416.0,2024.0,,,,,,,,
688.0,Scally Wags Pet Salon LLC,,Delta,CO,DELTA,Independent Contractor (IC) Pet Groomer,3/2/2026,38.7422062,-108.0689582,81416.0,2024.0,,,,,,,,
689.0,Shauna Demoss,Castle Guard Kennels,Cedaredge,CO,DELTA,Small Scale Dog Breeder,3/2/2026,38.9016487,-107.926454,81413.0,2024.0,,,,,,,,
690.0,Surface Creek Animal Shelter,",Formerly Friends of Cedaredge Animal Control",Cedaredge,CO,DELTA,Pet Animal Small Shelter,3/2/2026,38.8919448,-107.9249572,81413.0,2024.0,,,,,,,,
691.0,Tractor Supply Company,"Tractor Supply Company Store #1791,Tractor Supply Company West LLC",Delta,CO,DELTA,Pet Grooming Facility - Self Wash Facility,3/2/2026,38.74978249999999,-108.0722516,81416.0,2024.0,,,,,,,,
692.0,"Tug@YurHart, Inc",,Crawford,CO,DELTA,Large Scale Dog Breeder,3/2/2026,38.7879804,-107.9648165,81410.0,2024.0,,,,,,,,
693.0,Vicki L Watts,Colorado Jack Russell Terriers,Delta,CO,DELTA,Small Scale Dog Breeder,3/2/2026,38.7422062,-108.0689582,81416.0,2024.0,,,,,,,,
694.0,Wagging Tails & Angel Wings,The Dog House,Eckert,CO,DELTA,Pet Boarding and/or Training,3/2/2026,38.84262289999999,-107.9625794,81418.0,2024.0,,,,,,,,
695.0,"1480 Cafe, LLC",Pet Supplies Plus,Denver,CO,DENVER,Retail / Wholesale of Pet Animals,3/2/2026,39.734042,-104.9921728,80204.0,2024.0,,,,,,,,
696.0,"1480 Cafe, LLC",Pet Supplies Plus,Denver,CO,DENVER,Pet Grooming Facility - Primary Facility Owner,3/2/2026,39.734042,-104.9921728,80204.0,2024.0,,,,,,,,
697.0,A Friend of Jack Rescue,,Denver,CO,DENVER,Pet Animal Large Rescue,3/2/2026,39.7901458,-104.9860969,80216.0,2024.0,,,,,,,,
698.0,American latin grooming LLC,,Denver,CO,DENVER,Pet Grooming Facility - Primary Facility Owner,3/2/2026,39.67709,-104.9214559,80222.0,2024.0,,,,,,,,
699.0,Ancillary K9 Dog Training,,Denver,CO,DENVER,Pet Boarding and/or Training,3/2/2026,39.7087428,-104.9417617,80209.0,2024.0,,,,,,,,
700.0,Anita Piekarski,,Denver,CO,DENVER,Independent Contractor (IC) Pet Groomer,3/2/2026,39.6884547,-104.9399237,80222.0,2024.0,,,,,,,,
701.0,Annie Groom Your Dog,,DENVER,CO,DENVER,Pet Grooming Facility - Mobile Groomer,3/2/2026,39.7426977,-105.0520937,,2024.0,,,,,,,,
702.0,Art of the Dog,,Denver,CO,DENVER,Pet Boarding and/or Training,3/2/2026,39.6961161,-104.999996,80223.0,2024.0,,,,,,,,
703.0,Art of the Dog,,Denver,CO,DENVER,Pet Handler,3/2/2026,39.6961161,-104.999996,80223.0,2024.0,,,,,,,,
704.0,Autowash Northfield Operating Company,Autowash@Northfield,Denver,CO,DENVER,Pet Grooming Facility - Self Wash Facility,3/2/2026,39.789052,-104.8821058,80238.0,2024.0,,,,,,,,
705.0,Autowash Stapleton Operating Company,Autowash@Central Park,Denver,CO,DENVER,Pet Grooming Facility - Self Wash Facility,3/2/2026,39.7673394,-104.8904579,,2024.0,,,,,,,,
706.0,"Bark & Play, Inc.",,Denver,CO,DENVER,Pet Boarding and/or Training,3/2/2026,39.7190944,-105.0004757,80223.0,2024.0,,,,,,,,
707.0,"Barkly Manor, LLC",Barkly Manor,Denver,CO,DENVER,Pet Boarding and/or Training,3/2/2026,39.6810657,-104.9000769,80231.0,2024.0,,,,,,,,
708.0,"Barkly Manor, LLC",Barkly Manor,Denver,CO,DENVER,Pet Grooming Facility - Primary Facility Owner,3/2/2026,39.6810657,-104.9000769,80231.0,2024.0,,,,,,,,
709.0,"Bear Valley Veterinary Clinic, P.C.",Bear Valley Veterinary Care Center,Denver,CO,DENVER,Pet Boarding and/or Training,3/2/2026,39.659712,-105.0671869,,2024.0,,,,,,,,
710.0,"Bear Valley Veterinary Clinic, P.C.",Bear Valley Veterinary Care Center,Denver,CO,DENVER,Pet Grooming Facility - Primary Facility Owner,3/2/2026,39.659712,-105.0671869,,2024.0,,,,,,,,
711.0,Best Friends Pet Care Inc,Digstown,Denver,CO,DENVER,Pet Boarding and/or Training,3/2/2026,39.7392358,-104.990251,,2024.0,,,,,,,,
712.0,Best Friends Pet Care Inc,Digstown,Denver,CO,DENVER,Pet Grooming Facility - Primary Facility Owner,3/2/2026,39.7392358,-104.990251,,2024.0,,,,,,,,
713.0,Blue Wolf Solutions LLC,,Aurora,CO,DENVER,Pet Grooming Facility - Mobile Groomer,3/2/2026,39.6419085,-104.7904929,80013.0,2024.0,,,,,,,,
714.0,Blue Wolf Solutions LLC,,Aurora,CO,DENVER,Independent Contractor (IC) Pet Groomer,3/2/2026,39.6419085,-104.7904929,80013.0,2024.0,,,,,,,,
715.0,Bob Retail LLC,Paws 'n' Play Park Hill,Denver,CO,DENVER,Pet Grooming Facility - Primary Facility Owner,3/2/2026,39.734042,-104.9921728,80204.0,2024.0,,,,,,,,
716.0,Bob Retail LLC,Paws N Play Beeler Park,Denver,CO,DENVER,Pet Grooming Facility - Self Wash Facility,3/2/2026,39.734042,-104.9921728,80204.0,2024.0,,,,,,,,
717.0,"Breanne's Bed & Biscuits, LLC",,Denver,CO,DENVER,Pet Handler,3/2/2026,39.77547149999999,-105.1400837,80033.0,2024.0,,,,,,,,
718.0,Brocker LLC/Earthdog,Earthdog Denver,Denver,CO,DENVER,Pet Boarding and/or Training,3/2/2026,39.7186165,-104.9596912,80206.0,2024.0,,,,,,,,
719.0,Brocker LLC/Earthdog,Earthdog Denver,Denver,CO,DENVER,Pet Grooming Facility - Primary Facility Owner,3/2/2026,39.7186165,-104.9596912,80206.0,2024.0,,,,,,,,
720.0,Calm Critters LLC,Zen Den Pet Spa,Denver,CO,DENVER,Pet Grooming Facility - Primary Facility Owner,3/2/2026,39.734042,-104.9921728,80204.0,2024.0,,,,,,,,
721.0,Carter's Cute Cuts,,Denver,CO,DENVER,Independent Contractor (IC) Pet Groomer,3/2/2026,39.7815368,-104.8889736,80238.0,2024.0,,,,,,,,
722.0,Chelsie's Holistic Pet Grooming,,Denver,CO,DENVER,Independent Contractor (IC) Pet Groomer,3/2/2026,39.7392358,-104.990251,,2024.0,,,,,,,,
723.0,"Chill Out Dog Training, LLC",Chill Out Dog Training,Denver,CO,DENVER,Pet Handler,3/2/2026,39.7615571,-104.9822932,80205.0,2024.0,,,,,,,,
724.0,"City Bark Lodo, LLC",City Bark,Denver,CO,DENVER,Pet Boarding and/or Training,3/2/2026,39.76700719999999,-104.9823141,80216.0,2024.0,,,,,,,,
725.0,"City Bark Lodo, LLC",City Bark,Denver,CO,DENVER,Pet Grooming Facility - Self Wash Facility,3/2/2026,39.76700719999999,-104.9823141,80216.0,2024.0,,,,,,,,
726.0,Colorado Canine Training LLC,,Denver,CO,DENVER,Pet Boarding and/or Training,3/2/2026,39.8251475,-104.9728295,80229.0,2024.0,,,,,,,,
727.0,Colorado Herding Dog Rescue,,Denver,CO,DENVER,Pet Animal Small Rescue,3/2/2026,39.7392358,-104.990251,,2024.0,,,,,,,,
728.0,Compassionate Canine Cuts LLC,,Denver,CO,DENVER,Pet Grooming Facility - Primary Facility Owner,3/2/2026,39.7389524,-104.9079282,80220.0,2024.0,,,,,,,,
729.0,Crystal Zamora,Crystal's Grooming,Denver,CO,DENVER,Pet Grooming Facility - Primary Facility Owner,3/2/2026,39.718002,-105.0253659,80219.0,2024.0,,,,,,,,
730.0,"CV DEN0016 Cap Hill, LLC",City Vet - Capitol Hill,Denver,CO,DENVER,Pet Boarding and/or Training,3/2/2026,39.7336946,-104.982297,,2024.0,,,,,,,,
731.0,"CV DEN0016 Cap Hill, LLC",City Vet - Capitol Hill,Denver,CO,DENVER,Pet Grooming Facility - Primary Facility Owner,3/2/2026,39.7336946,-104.982297,,2024.0,,,,,,,,
732.0,Denver Animal Shelter,,Denver,CO,DENVER,Pet Animal Large Shelter,3/2/2026,39.7155649,-105.0034643,80223.0,2024.0,,,,,,,,
733.0,Denver Animal Shelter,,Denver,CO,DENVER,Bird Band,3/2/2026,39.7155649,-105.0034643,80223.0,2024.0,,,,,,,,
734.0,Denver Cat Rescue,,Denver,CO,DENVER,Pet Animal Small Shelter,3/2/2026,39.7717347,-105.0441486,80212.0,2024.0,,,,,,,,
735.0,Denver Cat Rescue,,Denver,CO,DENVER,Pet Animal Small Shelter,3/2/2026,39.7717347,-105.0441486,80212.0,2024.0,,,,,,,,
736.0,"Destination Pet, Inc.",BARK!,Denver,CO,DENVER,Pet Boarding and/or Training,3/2/2026,39.55595659999999,-104.9947002,80129.0,2024.0,,,,,,,,
737.0,"Destination Pet, Inc.",BARK!,Denver,CO,DENVER,Pet Grooming Facility - Primary Facility Owner,3/2/2026,39.55595659999999,-104.9947002,80129.0,2024.0,,,,,,,,
738.0,"Destination Pet, LLC",Canine Fitness and Fun,Denver,CO,DENVER,Pet Boarding and/or Training,3/2/2026,39.55595659999999,-104.9947002,80129.0,2024.0,,,,,,,,
739.0,"Destination Pet, LLC",Canine Fitness and Fun,Denver,CO,DENVER,Pet Grooming Facility - Primary Facility Owner,3/2/2026,39.55595659999999,-104.9947002,80129.0,2024.0,,,,,,,,
740.0,Dog Country Day School LLC,Dog Country Day School LLC,Denver,CO,DENVER,Pet Boarding and/or Training,3/2/2026,39.7102511,-104.9867103,80209.0,2024.0,,,,,,,,
741.0,Dog House Denver LLC,,Denver,CO,DENVER,Pet Boarding and/or Training,3/2/2026,39.7399935,-104.9287596,80220.0,2024.0,,,,,,,,
742.0,Dog House Denver LLC,,Denver,CO,DENVER,Pet Grooming Facility - Primary Facility Owner,3/2/2026,39.7399935,-104.9287596,80220.0,2024.0,,,,,,,,
743.0,"Dog Savvy, LLC",,Denver,CO,DENVER,Pet Grooming Facility - Primary Facility Owner,3/2/2026,39.7474065,-104.9995294,80202.0,2024.0,,,,,,,,
744.0,Dogdrop,,Denver,CO,DENVER,Pet Boarding and/or Training,3/2/2026,39.7318051,-104.9398967,80220.0,2024.0,,,,,,,,
745.0,"Doggie Pause, Ltd.",Doggie Pause Dog Daycare,Denver,CO,DENVER,Pet Boarding and/or Training,3/2/2026,39.6764026,-104.9398381,80222.0,2024.0,,,,,,,,
746.0,"Doggie Pause, Ltd.",Doggie Pause Dog Daycare,Denver,CO,DENVER,Pet Grooming Facility - Primary Facility Owner,3/2/2026,39.6764026,-104.9398381,80222.0,2024.0,,,,,,,,
747.0,Doggy Style Salon,Doggy Style Salon,Denver,CO,DENVER,Pet Grooming Facility - Primary Facility Owner,3/2/2026,39.7076796,-104.9631003,80209.0,2024.0,,,,,,,,
748.0,"Dogs Are My Jam, Inc.",Hounds Town Denver-Baker,Denver,CO,DENVER,Pet Boarding and/or Training,3/2/2026,39.77620599999999,-105.0150595,80211.0,2024.0,,,,,,,,
749.0,"Dogs Are My Jam, Inc.",Hounds Town Denver-Baker,Denver,CO,DENVER,Pet Grooming Facility - Primary Facility Owner,3/2/2026,39.77620599999999,-105.0150595,80211.0,2024.0,,,,,,,,
750.0,Don Puppy LLC,Furry Land of Denver,Denver,CO,DENVER,Pet Grooming Facility - Mobile Groomer,3/2/2026,39.72580019999999,-104.9781849,80203.0,2024.0,,,,,,,,
751.0,Dumb Friends League,Humane Colorado - Malone Center,Denver,CO,DENVER,Pet Animal Large Shelter,3/2/2026,39.6790278,-104.9025444,80231.0,2024.0,,,,,,,,
752.0,Dumb Friends League,Humane Colorado - Malone Center,Denver,CO,DENVER,Bird Band,3/2/2026,39.6790278,-104.9025444,80231.0,2024.0,,,,,,,,
753.0,Dumb Friends League,Humane Colorado - SPUR Veterinary,Denver,CO,DENVER,Pet Animal Small Shelter,3/2/2026,39.6790278,-104.9025444,80231.0,2024.0,,,,,,,,
754.0,"E & E Enterprises, Inc",Aussie Pet Mobile of East Denver,Denver,CO,DENVER,Pet Grooming Facility - Mobile Groomer,3/2/2026,39.7392358,-104.990251,,2024.0,,,,,,,,
755.0,"E & J Veterinary Services, PC",Green Valley Ranch Pet Center,Denver,CO,DENVER,Pet Grooming Facility - Primary Facility Owner,3/2/2026,39.7392358,-104.990251,,2024.0,,,,,,,,
756.0,"Ears Up, Pup! Dog Training",,Denver,CO,DENVER,Pet Handler,3/2/2026,39.7392358,-104.990251,,2024.0,,,,,,,,
757.0,"English Springer Rescue America, Inc.","English Springer Rescue America, Inc.",Denver,CO,DENVER,Pet Animal Small Rescue,3/2/2026,39.7392358,-104.990251,,2024.0,,,,,,,,
758.0,Exotic Bird Ranch II,Exotic Birds,Denver,CO,DENVER,Pet Boarding and/or Training,3/2/2026,39.65365329999999,-104.8709775,80231.0,2024.0,,,,,,,,
759.0,Exotic Bird Ranch II,Exotic Birds,Denver,CO,DENVER,Retail / Wholesale of Pet Animals,3/2/2026,39.65365329999999,-104.8709775,80231.0,2024.0,,,,,,,,
760.0,Exotic Bird Ranch II,Exotic Birds,Denver,CO,DENVER,Pet Grooming Facility - Primary Facility Owner,3/2/2026,39.65365329999999,-104.8709775,80231.0,2024.0,,,,,,,,
761.0,Faragalli Grooming Llc,,Denver,CO,DENVER,Independent Contractor (IC) Pet Groomer,3/2/2026,39.7392358,-104.990251,,2024.0,,,,,,,,
762.0,Ferret Dreams Rescue & Adoption,,Denver,CO,DENVER,Pet Animal Small Shelter,3/2/2026,39.678349,-104.97779,80210.0,2024.0,,,,,,,,
763.0,Fluffy Paws,,Denver,CO,DENVER,Pet Grooming Facility - Primary Facility Owner,3/2/2026,39.6743167,-104.8906158,80231.0,2024.0,,,,,,,,
764.0,Friends of Retired Greyhounds,,Denver,CO,DENVER,Pet Animal Small Rescue,3/2/2026,39.7551453,-104.9843086,80205.0,2024.0,,,,,,,,
765.0,"Front Range German Shepherd Rescue, Inc",,Denver,CO,DENVER,Pet Animal Large Rescue,3/2/2026,39.7392358,-104.990251,,2024.0,,,,,,,,
766.0,Furbubble LLC,Furbubble,Denver,CO,DENVER,Pet Grooming Facility - Mobile Groomer,3/2/2026,39.6799032,-104.9908357,80223.0,2024.0,,,,,,,,
767.0,"Gidget's Grooming, LLC",Gidget's Grooming,Denver,CO,DENVER,Pet Grooming Facility - Primary Facility Owner,3/2/2026,39.6779878,-104.9371286,80222.0,2024.0,,,,,,,,
768.0,Good Vibes Grooming LLC,,Denver,CO,DENVER,Pet Grooming Facility - Primary Facility Owner,3/2/2026,39.7404652,-104.9137769,80220.0,2024.0,,,,,,,,
769.0,Goode Dog Spa,Goode Dog Spa,Denver,CO,DENVER,Pet Grooming Facility - Primary Facility Owner,3/2/2026,39.6751535,-104.9218996,80222.0,2024.0,,,,,,,,
770.0,Grand Central Grooming,,Denver,CO,DENVER,Pet Grooming Facility - Primary Facility Owner,3/2/2026,39.6819598,-105.0241008,80219.0,2024.0,,,,,,,,
771.0,Grateful Dogg,,Denver,CO,DENVER,Pet Grooming Facility - Primary Facility Owner,3/2/2026,39.7021542,-104.9806206,80209.0,2024.0,,,,,,,,
772.0,Groovy Grooms LLC,,DENVER,CO,DENVER,Pet Grooming Facility - Mobile Groomer,3/2/2026,39.7392358,-104.990251,,2024.0,,,,,,,,
773.0,Hannah Dickinson,Groomed By Hannah,Denver,CO,DENVER,Independent Contractor (IC) Pet Groomer,3/2/2026,39.6935473,-104.9802755,80210.0,2024.0,,,,,,,,
774.0,Happy Dog Day Care LLC,,Denver,CO,DENVER,Pet Boarding and/or Training,3/2/2026,39.7717899,-104.9100716,80207.0,2024.0,,,,,,,,
775.0,Happy Dog Day Care LLC,,Denver,CO,DENVER,Pet Grooming Facility - Primary Facility Owner,3/2/2026,39.7717899,-104.9100716,80207.0,2024.0,,,,,,,,
776.0,Happy Tail Happy Dog LLC,Happy Tail Happy Dog LLC,Denver,CO,DENVER,Pet Boarding and/or Training,3/2/2026,39.7762041,-104.9911231,80216.0,2024.0,,,,,,,,
777.0,Happy Tail Happy Dog LLC,Happy Tail Happy Dog LLC,Denver,CO,DENVER,Pet Grooming Facility - Primary Facility Owner,3/2/2026,39.7762041,-104.9911231,80216.0,2024.0,,,,,,,,
778.0,Havok's Wolfpack,,Denver,CO,DENVER,Pet Animal Large Rescue,3/2/2026,39.7392358,-104.990251,,2024.0,,,,,,,,
779.0,Heavenly Dog Inc,,Denver,CO,DENVER,Pet Grooming Facility - Primary Facility Owner,3/2/2026,39.7089046,-104.9282214,80246.0,2024.0,,,,,,,,
780.0,Hike Doggie,,Denver,CO,DENVER,Pet Handler,3/2/2026,39.7392358,-104.990251,,2024.0,,,,,,,,
781.0,HomeDog LLC,HomeDog,DENVER,CO,DENVER,Pet Boarding and/or Training,3/2/2026,39.6854451,-104.9871502,80210.0,2024.0,,,,,,,,
782.0,"Hot Diggity Dog, LLC",,Denver,CO,DENVER,Pet Grooming Facility - Mobile Groomer,3/2/2026,39.734042,-104.9921728,80204.0,2024.0,,,,,,,,
783.0,"IPP Buyer Acquisition, LLC",Chuck & Don's,Denver,CO,DENVER,Pet Grooming Facility - Primary Facility Owner,3/2/2026,39.734042,-104.9921728,80204.0,2024.0,,,,,,,,
784.0,"IPP Buyer Acquisition, LLC",Kriser's Natural Pet,Denver,CO,DENVER,Pet Grooming Facility - Primary Facility Owner,3/2/2026,39.734042,-104.9921728,80204.0,2024.0,,,,,,,,
785.0,"Ipp Buyer Acquisition, LLC",,Denver,CO,DENVER,Pet Grooming Facility - Primary Facility Owner,3/2/2026,39.734042,-104.9921728,80204.0,2024.0,,,,,,,,
786.0,Jack & Lily Co.,Lily's Baths & Biscuits,Denver,CO,DENVER,Pet Grooming Facility - Primary Facility Owner,3/2/2026,39.7392358,-104.990251,,2024.0,,,,,,,,
787.0,Jailbreak Husky Rescue,Jailbreak Rescue Rides & Husky Rescue,Denver,CO,DENVER,Pet Animal Large Rescue,3/2/2026,39.7392358,-104.990251,,2024.0,,,,,,,,
788.0,Jailbreak Husky Rescue,Jailbreak Rescue Rides & Husky Rescue,Denver,CO,DENVER,Pet Transporter,3/2/2026,39.7392358,-104.990251,,2024.0,,,,,,,,
789.0,Jakey's Academy Dog Training,Jakey's Academy Dog Training,Denver,CO,DENVER,Pet Boarding and/or Training,3/2/2026,39.7392358,-104.990251,,2024.0,,,,,,,,
790.0,Jakey's Academy Dog Training,Jakey's Academy Dog Training,Denver,CO,DENVER,Pet Handler,3/2/2026,39.7392358,-104.990251,,2024.0,,,,,,,,
791.0,Jazzy Design & Pet Grooming LLC,"Sheree G Pressnall-Deal,Sheree's Pet Grooming",Denver,CO,DENVER,Pet Grooming Facility - Primary Facility Owner,3/2/2026,39.693862,-104.8681512,80247.0,2024.0,,,,,,,,
792.0,JOHN'S DOG MAGIC LLC DOG BEHAVIOR PUPPY TRAINING,,Denver,CO,DENVER,Pet Boarding and/or Training,3/2/2026,39.7239011,-104.9949459,80204.0,2024.0,,,,,,,,
793.0,JOHN'S DOG MAGIC LLC DOG BEHAVIOR PUPPY TRAINING,,Denver,CO,DENVER,Pet Handler,3/2/2026,39.7239011,-104.9949459,80204.0,2024.0,,,,,,,,
794.0,Julianne Krous,JK Grooming,Denver,CO,DENVER,Pet Grooming Facility - Primary Facility Owner,3/2/2026,39.72780789999999,-104.9911862,80204.0,2024.0,,,,,,,,
795.0,Julianne Krous,"JK Grooming,JK's Ruff House",Denver,CO,DENVER,Pet Grooming Facility - Primary Facility Owner,3/2/2026,39.72780789999999,-104.9911862,80204.0,2024.0,,,,,,,,
796.0,K9 Castle LLC,,Denver,CO,DENVER,Pet Boarding and/or Training,3/2/2026,39.6703499,-104.9960247,80223.0,2024.0,,,,,,,,
797.0,K9 Castle LLC,,Denver,CO,DENVER,Pet Grooming Facility - Primary Facility Owner,3/2/2026,39.6703499,-104.9960247,80223.0,2024.0,,,,,,,,
798.0,K9 Kare LLC,City Bark,Denver,CO,DENVER,Pet Boarding and/or Training,3/2/2026,39.7442839,-104.960082,80206.0,2024.0,,,,,,,,
799.0,K9 Kare LLC,City Bark,Denver,CO,DENVER,Pet Grooming Facility - Primary Facility Owner,3/2/2026,39.7442839,-104.960082,80206.0,2024.0,,,,,,,,
800.0,"K9K Colorado, LLC",K9 Kids Mobile Groom,Denver,CO,DENVER,Pet Grooming Facility - Mobile Groomer,3/2/2026,39.7392358,-104.990251,,2024.0,,,,,,,,
801.0,Kenzie?s Kuts LLC,,Aurora,CO,DENVER,Pet Grooming Facility - Mobile Groomer,3/2/2026,39.55719759999999,-104.8269393,80012.0,2024.0,,,,,,,,
802.0,Kimberly Chatman,Kim Chatman the Groomer,Denver,CO,DENVER,Independent Contractor (IC) Pet Groomer,3/2/2026,39.670102,-104.9748268,80210.0,2024.0,,,,,,,,
803.0,KLK Industries,Scenthound Denver Central Park,Denver,CO,DENVER,Pet Grooming Facility - Primary Facility Owner,3/2/2026,39.7392358,-104.990251,,2024.0,,,,,,,,
804.0,Leslie Blevins,,Denver,CO,DENVER,Independent Contractor (IC) Pet Groomer,3/2/2026,39.7392358,-104.990251,,2024.0,,,,,,,,
805.0,Life is Better Rescue,,Denver,CO,DENVER,Pet Animal Large Rescue,3/2/2026,39.697576,-105.041655,80219.0,2024.0,,,,,,,,
806.0,"Lift Your Leg, Inc.",Camp Bow Wow Central,Denver,CO,DENVER,Pet Boarding and/or Training,3/2/2026,39.6946004,-104.9917836,80223.0,2024.0,,,,,,,,
807.0,"Lift Your Leg, Inc.",Camp Bow Wow Central,Denver,CO,DENVER,Pet Grooming Facility - Primary Facility Owner,3/2/2026,39.6946004,-104.9917836,80223.0,2024.0,,,,,,,,
808.0,Little Brown Dog,,Denver,CO,DENVER,Pet Grooming Facility - Primary Facility Owner,3/2/2026,39.762692,-105.004443,80211.0,2024.0,,,,,,,,
809.0,Little Buddies,Progressive,Denver,CO,DENVER,Pet Boarding and/or Training,3/2/2026,39.6727149,-105.0268391,80219.0,2024.0,,,,,,,,
810.0,"Looking Good Optical, Inc",Chewy's Bonetique,Denver,CO,DENVER,Pet Grooming Facility - Primary Facility Owner,3/2/2026,39.717828,-105.052886,80226.0,2024.0,,,,,,,,
811.0,Lucky Dog Grooming LLC,,Denver,CO,DENVER,Pet Grooming Facility - Primary Facility Owner,3/2/2026,39.6815687,-104.9216836,80222.0,2024.0,,,,,,,,
812.0,Luke & Company Limited,Luke & Co. Fine Pet Supply,Denver,CO,DENVER,Pet Grooming Facility - Primary Facility Owner,3/2/2026,39.724716,-104.9871158,80203.0,2024.0,,,,,,,,
813.0,Luke & Company Limited,Luke & Co. Fine Pet Supply,Denver,CO,DENVER,Pet Grooming Facility - Self Wash Facility,3/2/2026,39.724716,-104.9871158,80203.0,2024.0,,,,,,,,
814.0,"M.O.S.K.B.A & G, LLC",Pooch Mobile,Denver,CO,DENVER,Pet Grooming Facility - Primary Facility Owner,3/2/2026,39.734042,-104.9921728,80204.0,2024.0,,,,,,,,
815.0,Magenta Columbine 1 LLC,Scenthound Union Station,Denver,CO,DENVER,Pet Grooming Facility - Primary Facility Owner,3/2/2026,39.756584,-104.9573545,,2024.0,,,,,,,,
816.0,Margaret A Shifflet,Colorado Basenji Rescue,Denver,CO,DENVER,Pet Animal Small Rescue,3/2/2026,39.7901458,-104.9860969,80216.0,2024.0,,,,,,,,
817.0,Maribel Rios Mora,Lovepeludog,Denver,CO,DENVER,Independent Contractor (IC) Pet Groomer,3/2/2026,39.7779426,-105.0179245,80211.0,2024.0,,,,,,,,
818.0,"Maxfund, Inc.",Maxfund Animal Adoption Center - Dog Shelter,Denver,CO,DENVER,Pet Animal Small Shelter,3/2/2026,39.7316346,-104.9974413,80204.0,2024.0,,,,,,,,
819.0,"Maxfund, Inc.",Cat Shelter,Denver,CO,DENVER,Pet Animal Small Shelter,3/2/2026,39.7316346,-104.9974413,80204.0,2024.0,,,,,,,,
820.0,"MaxFund, Inc.",Meow Manor,Denver,CO,DENVER,Pet Animal Small Shelter,3/2/2026,39.7316346,-104.9974413,80204.0,2024.0,,,,,,,,
821.0,Mayfield and Sons Management,Black and White Kennel Life,Denver,CO,DENVER,Pet Boarding and/or Training,3/2/2026,39.7513059,-104.9933932,80202.0,2024.0,,,,,,,,
822.0,Mayfield and Sons Management,Black and White Kennel Life,Denver,CO,DENVER,Large Scale Dog Breeder,3/2/2026,39.7513059,-104.9933932,80202.0,2024.0,,,,,,,,
823.0,MBS DenverSE LLC,Camp Bow Wow Denver Southeast,Denver,CO,DENVER,Pet Boarding and/or Training,3/2/2026,39.734042,-104.9921728,80204.0,2024.0,,,,,,,,
824.0,MBS DenverSE LLC,Camp Bow Wow Denver Southeast,Denver,CO,DENVER,Pet Grooming Facility - Primary Facility Owner,3/2/2026,39.734042,-104.9921728,80204.0,2024.0,,,,,,,,
825.0,"McLean & Reed, LLC",Playful Pooch,Denver,CO,DENVER,Pet Boarding and/or Training,3/2/2026,39.71741979999999,-104.9479363,80206.0,2024.0,,,,,,,,
826.0,Michael Anthony Miniaci,Dog House Denver,Denver,CO,DENVER,Pet Grooming Facility - Primary Facility Owner,3/2/2026,39.7299885,-104.9378643,80262.0,2024.0,,,,,,,,
827.0,Murdock's Dog Grooming LLC,Murdocks Dog Grooming,Denver,CO,DENVER,Pet Grooming Facility - Primary Facility Owner,3/2/2026,39.6559399,-104.9009245,80231.0,2024.0,,,,,,,,
828.0,My Best Friend Pet Supply Inc,Pet Station,Denver,CO,DENVER,Pet Grooming Facility - Primary Facility Owner,3/2/2026,39.7115038,-104.9920535,80223.0,2024.0,,,,,,,,
829.0,New Era Grooming LLC,New Era Grooming Studio,Denver,CO,DENVER,Pet Grooming Facility - Mobile Groomer,3/2/2026,39.7392358,-104.990251,,2024.0,,,,,,,,
830.0,Noble Beast Canine Companion Services LLC,Noble Beast Dog Training,Denver,CO,DENVER,Pet Boarding and/or Training,3/2/2026,39.7769288,-104.9627086,80216.0,2024.0,,,,,,,,
831.0,Noble Beast Canine Companion Services LLC,Noble Beast Dog Training,Denver,CO,DENVER,Pet Handler,3/2/2026,39.7769288,-104.9627086,80216.0,2024.0,,,,,,,,
832.0,"Oona's Dog Groom & Spa, LLC",,Denver,CO,DENVER,Pet Grooming Facility - Primary Facility Owner,3/2/2026,39.7511867,-104.9334809,80207.0,2024.0,,,,,,,,
833.0,Pampered Paws,,Denver,CO,DENVER,Pet Grooming Facility - Primary Facility Owner,3/2/2026,39.7398219,-104.9645737,80206.0,2024.0,,,,,,,,
834.0,Pavlov Dog Training Inc,,Denver,CO,DENVER,Pet Boarding and/or Training,3/2/2026,39.6932678,-104.99957,80223.0,2024.0,,,,,,,,
835.0,"Pavlov Dog Training, Inc",,Denver,CO,DENVER,Pet Boarding and/or Training,3/2/2026,39.6932678,-104.99957,80223.0,2024.0,,,,,,,,
836.0,Paw Stars,,Denver,CO,DENVER,Pet Grooming Facility - Secondary Facility Owner,3/2/2026,39.6809624,-104.9001043,80231.0,2024.0,,,,,,,,
837.0,Paws and Praise LLC,,Denver,CO,DENVER,Pet Boarding and/or Training,3/2/2026,39.734042,-104.9921728,80204.0,2024.0,,,,,,,,
838.0,Paws and Praise LLC,,Denver,CO,DENVER,Pet Handler,3/2/2026,39.734042,-104.9921728,80204.0,2024.0,,,,,,,,
839.0,PawsCo,,Denver,CO,DENVER,Pet Animal Large Rescue,3/2/2026,39.6788491,-104.893032,80231.0,2024.0,,,,,,,,
840.0,Pawtential Pet Salon,,Denver,CO,DENVER,Pet Grooming Facility - Primary Facility Owner,3/2/2026,39.7057822,-104.9218281,80246.0,2024.0,,,,,,,,
841.0,Pembroke Welsh Corgi Club of the Rockies Rescue Inc.,,Denver,CO,DENVER,Pet Animal Small Rescue,3/2/2026,39.7392358,-104.990251,,2024.0,,,,,,,,
842.0,"Petco Animal Supplies Store, Inc",,Denver,CO,DENVER,Pet Grooming Facility - Primary Facility Owner,3/2/2026,39.8571266,-105.0724551,80031.0,2024.0,,,,,,,,
843.0,"Petco Animal Supplies Store, Inc",,Denver,CO,DENVER,Retail / Wholesale of Pet Animals,3/2/2026,39.8571266,-105.0724551,80031.0,2024.0,,,,,,,,
844.0,"Petco Animal Supplies Store, Inc",,Denver,CO,DENVER,Pet Grooming Facility - Primary Facility Owner,3/2/2026,39.8571266,-105.0724551,80031.0,2024.0,,,,,,,,
845.0,"Petco Animal Supplies Store, Inc",,Denver,CO,DENVER,Retail / Wholesale of Pet Animals,3/2/2026,39.8571266,-105.0724551,80031.0,2024.0,,,,,,,,
846.0,"Petco Animal Supplies Store, Inc",,Denver,CO,DENVER,Pet Grooming Facility - Primary Facility Owner,3/2/2026,39.8571266,-105.0724551,80031.0,2024.0,,,,,,,,
847.0,"Petco Animal Supplies Store, Inc #0938",Petco - 938,Littleton,CO,DENVER,Pet Grooming Facility - Primary Facility Owner,3/2/2026,39.61716,-105.0881826,80123.0,2024.0,,,,,,,,
848.0,"Petco Animal Supplies Store, Inc #0938",Petco - 938,Littleton,CO,DENVER,Retail / Wholesale of Pet Animals,3/2/2026,39.61716,-105.0881826,80123.0,2024.0,,,,,,,,
849.0,"PetSmart, Inc.",PetSmart #231,Denver,CO,DENVER,Pet Boarding and/or Training,3/2/2026,39.6659861,-104.9389919,80222.0,2024.0,,,,,,,,
850.0,"PetSmart, Inc.",PetSmart #231,Denver,CO,DENVER,Retail / Wholesale of Pet Animals,3/2/2026,39.6659861,-104.9389919,80222.0,2024.0,,,,,,,,
851.0,"PetSmart, Inc.",PetSmart #231,Denver,CO,DENVER,Pet Grooming Facility - Primary Facility Owner,3/2/2026,39.6659861,-104.9389919,80222.0,2024.0,,,,,,,,
852.0,"Petsmart, Inc.",PetSmart - 1787,Denver,CO,DENVER,Pet Grooming Facility - Primary Facility Owner,3/2/2026,39.6659861,-104.9389919,80222.0,2024.0,,,,,,,,
853.0,"Petsmart, Inc.",PetSmart - 1199,Denver,CO,DENVER,Pet Boarding and/or Training,3/2/2026,39.6659861,-104.9389919,80222.0,2024.0,,,,,,,,
854.0,"Petsmart, Inc.",PetSmart - 1199,Denver,CO,DENVER,Retail / Wholesale of Pet Animals,3/2/2026,39.6659861,-104.9389919,80222.0,2024.0,,,,,,,,
855.0,"Petsmart, Inc.",PetSmart - 1199,Denver,CO,DENVER,Pet Grooming Facility - Primary Facility Owner,3/2/2026,39.6659861,-104.9389919,80222.0,2024.0,,,,,,,,
856.0,"Petsmart, Inc.",PetSmart - 1457,Littleton,CO,DENVER,Pet Boarding and/or Training,3/2/2026,39.613321,-105.0166498,,2024.0,,,,,,,,
857.0,"Petsmart, Inc.",PetSmart - 1457,Littleton,CO,DENVER,Retail / Wholesale of Pet Animals,3/2/2026,39.613321,-105.0166498,,2024.0,,,,,,,,
858.0,"Petsmart, Inc.",PetSmart - 1457,Littleton,CO,DENVER,Pet Grooming Facility - Primary Facility Owner,3/2/2026,39.613321,-105.0166498,,2024.0,,,,,,,,
859.0,PetVet Operating LLC,Pets on Broadway,Denver,CO,DENVER,Pet Grooming Facility - Primary Facility Owner,3/2/2026,39.7814832,-104.9997428,80211.0,2024.0,,,,,,,,
860.0,Praise the Paw Dog Grooming,Praise the Paw,Denver,CO,DENVER,Pet Grooming Facility - Primary Facility Owner,3/2/2026,39.7434131,-104.9816226,80203.0,2024.0,,,,,,,,
861.0,Prison Trained K9 Companion Program Denver,,Denver,CO,DENVER,Pet Boarding and/or Training,3/2/2026,39.7392358,-104.990251,,2024.0,,,,,,,,
862.0,Rachel D Paulson,Happy Dog Grooming,Denver,CO,DENVER,Independent Contractor (IC) Pet Groomer,3/2/2026,39.7392358,-104.990251,,2024.0,,,,,,,,
863.0,Red Fern Animal Rescue,,Denver,CO,DENVER,Pet Animal Large Rescue,3/2/2026,39.8201404,-105.0141679,,2024.0,,,,,,,,
864.0,Reynolds/Brun Inc.,Daily Wag Doggie Daycare,Denver,CO,DENVER,Pet Boarding and/or Training,3/2/2026,39.77620599999999,-105.0150595,80211.0,2024.0,,,,,,,,
865.0,"Rising Hikes, LLC",Hike Doggie Denver East,Denver,CO,DENVER,Pet Handler,3/2/2026,39.734042,-104.9921728,80204.0,2024.0,,,,,,,,
866.0,Rock Cats Rescue Inc.,Rock Cats Rescue as The Amazing Acro-Cats,Denver,CO,DENVER,Commercial Pet Animal Facility,3/2/2026,39.77620599999999,-105.0150595,80211.0,2024.0,,,,,,,,
867.0,Rocky Mountain Dachshund Rescue,,Denver,CO,DENVER,Pet Animal Small Rescue,3/2/2026,39.7114533,-104.9919281,80223.0,2024.0,,,,,,,,
868.0,"Rocky Mountain Feline Rescue, Inc.",,Denver,CO,DENVER,Pet Animal Small Shelter,3/2/2026,39.6732584,-104.9920088,80223.0,2024.0,,,,,,,,
869.0,Rosa M. Nunez,Rossy's Pet Care Services,Denver,CO,DENVER,Pet Boarding and/or Training,3/2/2026,39.7279895,-104.9913193,80204.0,2024.0,,,,,,,,
870.0,Rosa M. Nunez,Rossy's Pet Care Services,Denver,CO,DENVER,Pet Handler,3/2/2026,39.7279895,-104.9913193,80204.0,2024.0,,,,,,,,
871.0,Rosanne Herring,Pett Butler,Denver,CO,DENVER,Pet Boarding and/or Training,3/2/2026,39.7392358,-104.990251,,2024.0,,,,,,,,
872.0,Rosanne Herring,Pett Butler,Denver,CO,DENVER,Pet Grooming Facility - Primary Facility Owner,3/2/2026,39.7392358,-104.990251,,2024.0,,,,,,,,
873.0,Samanta Silva LLC,,Denver,CO,DENVER,Independent Contractor (IC) Pet Groomer,3/2/2026,39.7392358,-104.990251,,2024.0,,,,,,,,
874.0,Scruffy to Fluffy,The Pooch Mobile,Denver,CO,DENVER,Pet Grooming Facility - Mobile Groomer,3/2/2026,39.7392358,-104.990251,,2024.0,,,,,,,,
875.0,Sherrie Woolworth,Happy Dog Daycare,Denver,CO,DENVER,Pet Boarding and/or Training,3/2/2026,39.7392358,-104.990251,,2024.0,,,,,,,,
876.0,Shiba Scout Rescue,Colorado Shiba Inu Rescue,Denver,CO,DENVER,Pet Animal Small Rescue,3/2/2026,39.7153892,-104.9822857,80209.0,2024.0,,,,,,,,
877.0,"Skipper Social DEN, LLC",Skiptown,Denver,CO,DENVER,Pet Boarding and/or Training,3/2/2026,39.8563486,-104.6764061,80249.0,2024.0,,,,,,,,
878.0,"Skipper Social DEN, LLC",Skiptown,Denver,CO,DENVER,Pet Grooming Facility - Primary Facility Owner,3/2/2026,39.8563486,-104.6764061,80249.0,2024.0,,,,,,,,
879.0,Sonja Wallace Acker,Posh Paws and Posh Pets Pet Spa,Denver,CO,DENVER,Pet Grooming Facility - Mobile Groomer,3/2/2026,39.7392358,-104.990251,,2024.0,,,,,,,,
880.0,Stray and Orphaned Animal Rescue SOAR,,Denver,CO,DENVER,Pet Animal Small Rescue,3/2/2026,39.7845479,-104.7787865,80249.0,2024.0,,,,,,,,
881.0,Susan Garfield,Put Together Pooch,Denver,CO,DENVER,Pet Grooming Facility - Primary Facility Owner,3/2/2026,39.7553481,-104.9441378,,2024.0,,,,,,,,
882.0,"SweetBlu Rescue, LLC",,Denver,CO,DENVER,Pet Animal Small Rescue,3/2/2026,39.7392358,-104.990251,,2024.0,,,,,,,,
883.0,Tailored Tails LLC,Suds Pet Salon,Denver,CO,DENVER,Pet Grooming Facility - Primary Facility Owner,3/2/2026,39.734042,-104.9921728,80204.0,2024.0,,,,,,,,
884.0,Teddy Cat Cafe LLC,,Denver,CO,DENVER,Retail / Wholesale of Pet Animals,3/2/2026,39.689555,-104.9867888,80210.0,2024.0,,,,,,,,
885.0,Tender Touch Animal Hospital,,Denver,CO,DENVER,Pet Boarding and/or Training,3/2/2026,39.7218745,-104.9998709,80223.0,2024.0,,,,,,,,
886.0,"The Big Backyard, Inc",,Denver,CO,DENVER,Pet Boarding and/or Training,3/2/2026,39.67901,-104.924757,80222.0,2024.0,,,,,,,,
887.0,"The Big Backyard, Inc",,Denver,CO,DENVER,Pet Grooming Facility - Primary Facility Owner,3/2/2026,39.67901,-104.924757,80222.0,2024.0,,,,,,,,
888.0,"The Fish Den, Inc",,Denver,CO,DENVER,Aquarium Only,3/2/2026,39.7768746,-105.0517366,80212.0,2024.0,,,,,,,,
889.0,The Wag Shop,,Denver,CO,DENVER,Pet Grooming Facility - Primary Facility Owner,3/2/2026,39.7340174,-104.9886565,80204.0,2024.0,,,,,,,,
890.0,"Timberwolf Ventures, LLC",Murdock's Grooming Salon,Denver,CO,DENVER,Pet Grooming Facility - Primary Facility Owner,3/2/2026,39.7126318,-104.9879242,80209.0,2024.0,,,,,,,,
891.0,Top Paw K9 Academy,,Denver,CO,DENVER,Pet Boarding and/or Training,3/2/2026,39.7627589,-104.9731234,80205.0,2024.0,,,,,,,,
892.0,Trust Evolved Dog Training LLC,,Denver,CO,DENVER,Pet Handler,3/2/2026,39.734042,-104.9921728,80204.0,2024.0,,,,,,,,
893.0,Urban Dogg LLC,,Denver,CO,DENVER,Pet Grooming Facility - Primary Facility Owner,3/2/2026,39.746372,-104.9788863,80203.0,2024.0,,,,,,,,
894.0,Urban Dogg LLC,Urban Dogg - Uptown,Denver,CO,DENVER,Pet Grooming Facility - Primary Facility Owner,3/2/2026,39.746372,-104.9788863,80203.0,2024.0,,,,,,,,
895.0,VCG Overland LLC,Overland Animal Hospital & Pet Resort,Denver,CO,DENVER,Pet Boarding and/or Training,3/2/2026,39.6783883,-104.9899513,,2024.0,,,,,,,,
896.0,VCG Overland LLC,Overland Animal Hospital & Pet Resort,Denver,CO,DENVER,Pet Handler,3/2/2026,39.6783883,-104.9899513,,2024.0,,,,,,,,
897.0,VCG Overland LLC,Overland Animal Hospital & Pet Resort,Denver,CO,DENVER,Pet Grooming Facility - Primary Facility Owner,3/2/2026,39.6783883,-104.9899513,,2024.0,,,,,,,,
898.0,Wag Denver LLC,Wag Denver LLC,Denver,CO,DENVER,Pet Boarding and/or Training,3/2/2026,39.83197990000001,-104.6980069,80249.0,2024.0,,,,,,,,
899.0,Wag Denver LLC,Wag Denver LLC,Denver,CO,DENVER,Pet Grooming Facility - Primary Facility Owner,3/2/2026,39.83197990000001,-104.6980069,80249.0,2024.0,,,,,,,,
900.0,"Waterton Canyon K9 Academy, LLC",Dog Training Facility,Littleton,CO,DENVER,Pet Boarding and/or Training,3/2/2026,39.4565532,-105.124897,,2024.0,,,,,,,,
901.0,Woof Haus LLC,Woofhaus,Denver,CO,DENVER,Pet Boarding and/or Training,3/2/2026,39.6883501,-104.9872561,80210.0,2024.0,,,,,,,,
902.0,Woof Haus LLC,Woofhaus Wash,Denver,CO,DENVER,Pet Grooming Facility - Primary Facility Owner,3/2/2026,39.6883501,-104.9872561,80210.0,2024.0,,,,,,,,
903.0,Woof In Boots,Woof In Boots,Denver,CO,DENVER,Pet Boarding and/or Training,3/2/2026,39.5936203,-104.989234,80221.0,2024.0,,,,,,,,
904.0,Woof In Boots,Woof In Boots,Denver,CO,DENVER,Pet Grooming Facility - Primary Facility Owner,3/2/2026,39.5936203,-104.989234,80221.0,2024.0,,,,,,,,
905.0,Woof Resorts LLC,Woof Resorts,DENVER,CO,DENVER,Pet Boarding and/or Training,3/2/2026,39.7295666,-105.0211779,80204.0,2024.0,,,,,,,,
906.0,Woof Resorts LLC,Woof Resorts,DENVER,CO,DENVER,Pet Grooming Facility - Primary Facility Owner,3/2/2026,39.7295666,-105.0211779,80204.0,2024.0,,,,,,,,
907.0,You Lucky Dog Daycare Inc,,Denver,CO,DENVER,Pet Boarding and/or Training,3/2/2026,39.7732941,-104.9937204,80216.0,2024.0,,,,,,,,
908.0,You Lucky Dog Daycare Inc,,Denver,CO,DENVER,Pet Grooming Facility - Primary Facility Owner,3/2/2026,39.7732941,-104.9937204,80216.0,2024.0,,,,,,,,
909.0,Zen Den Pet Spa,,Denver,CO,DENVER,Pet Grooming Facility - Primary Facility Owner,3/2/2026,39.7506006,-104.908637,80207.0,2024.0,,,,,,,,
910.0,Fur Baby Pet Grooming,Grooming,Dolores,CO,DOLORES,Pet Grooming Facility - Primary Facility Owner,3/2/2026,37.4740037,-108.5010413,81323.0,2024.0,,,,,,,,
911.0,4 Paws 4 Life Rescue,"Star Boarding Kennel, Inc",Sedalia,CO,DOUGLAS,Pet Boarding and/or Training,3/2/2026,39.4171947,-104.9530125,80135.0,2024.0,,,,,,,,
912.0,4 Paws 4 Life Rescue,"Star Boarding Kennel, Inc",Sedalia,CO,DOUGLAS,Pet Animal Large Rescue,3/2/2026,39.4171947,-104.9530125,80135.0,2024.0,,,,,,,,
913.0,4 Paws 4 Life Rescue,"Star Boarding Kennel, Inc",Sedalia,CO,DOUGLAS,Pet Animal Small Shelter,3/2/2026,39.4171947,-104.9530125,80135.0,2024.0,,,,,,,,
914.0,"A Dog's World, LLC",,Littleton,CO,DOUGLAS,Pet Boarding and/or Training,3/2/2026,39.45419,-105.071985,80125.0,2024.0,,,,,,,,
915.0,"A Dog's World, LLC",,Littleton,CO,DOUGLAS,Pet Transporter,3/2/2026,39.45419,-105.071985,80125.0,2024.0,,,,,,,,
916.0,"A Dog's World, LLC",,Littleton,CO,DOUGLAS,Pet Grooming Facility - Primary Facility Owner,3/2/2026,39.45419,-105.071985,80125.0,2024.0,,,,,,,,
917.0,Above and Beyond English Setter Rescue,,Parker,CO,DOUGLAS,Pet Animal Small Rescue,3/2/2026,39.5186002,-104.7613633,,2024.0,,,,,,,,
918.0,All American Reptile and Plant Expo,All American Reptile and Plant Expo,Castle Rock,CO,DOUGLAS,Retail / Wholesale of Pet Animals,3/2/2026,39.3722121,-104.8560902,,2024.0,,,,,,,,
919.0,All Dogs Unleashed Parker LLC,All Dogs Unleashed,Parker,CO,DOUGLAS,Pet Boarding and/or Training,3/2/2026,39.4842649,-104.7604796,80134.0,2024.0,,,,,,,,
920.0,Aquatic Art Inc.,,Littleton,CO,DOUGLAS,Aquarium Only,3/2/2026,39.54636199999999,-105.035605,80129.0,2024.0,,,,,,,,
921.0,Aspenglow Mobile Pet Salon LLC,,Castle Rock,CO,DOUGLAS,Pet Grooming Facility - Mobile Groomer,3/2/2026,39.3722121,-104.8560902,,2024.0,,,,,,,,
922.0,Autowash Province Center Operating Company,Autowash@Province Center,Highlands Ranch,CO,DOUGLAS,Pet Grooming Facility - Self Wash Facility,3/2/2026,39.5568573,-104.9410271,80126.0,2024.0,,,,,,,,
923.0,"B M K, Incorporated",Beau Monde Kennels,Castle Rock,CO,DOUGLAS,Pet Boarding and/or Training,3/2/2026,39.3722121,-104.8560902,,2024.0,,,,,,,,
924.0,"Baily II, LLC",Camp Bow Wow - Parker,Parker,CO,DOUGLAS,Pet Boarding and/or Training,3/2/2026,39.5186002,-104.7613633,,2024.0,,,,,,,,
925.0,Bark Beauty Pet Salon LLC,Bark Beauty Pet Salon LLC,Parker,CO,DOUGLAS,Pet Grooming Facility - Primary Facility Owner,3/2/2026,39.5095409,-104.7616148,80134.0,2024.0,,,,,,,,
926.0,"Big Dogs Huge Paws, Inc.",,Larkspur,CO,DOUGLAS,Pet Animal Large Rescue,3/2/2026,39.2286021,-104.887203,,2024.0,,,,,,,,
927.0,BLG Dawgs II LLC,Dogtopia of Parker,Parker,CO,DOUGLAS,Pet Boarding and/or Training,3/2/2026,39.5186002,-104.7613633,,2024.0,,,,,,,,
928.0,BLG Dawgs II LLC,Dogtopia of Parker,Parker,CO,DOUGLAS,Pet Grooming Facility - Primary Facility Owner,3/2/2026,39.5186002,-104.7613633,,2024.0,,,,,,,,
929.0,Blue Ridge Reefs,,Castle Rock,CO,DOUGLAS,Aquarium Only,3/2/2026,39.3722121,-104.8560902,,2024.0,,,,,,,,
930.0,Bowser Bubbles Pet Salon,,Sedalia,CO,DOUGLAS,Pet Grooming Facility - Primary Facility Owner,3/2/2026,39.4363809,-104.9628054,80135.0,2024.0,,,,,,,,
931.0,Boy the Great LLC,The Pooch Mobile,Castle Rock,CO,DOUGLAS,Pet Grooming Facility - Mobile Groomer,3/2/2026,39.3722121,-104.8560902,,2024.0,,,,,,,,
932.0,Castle Canine Corporation,Camp Bow Wow - Castle Rock,Castle Rock,CO,DOUGLAS,Pet Boarding and/or Training,3/2/2026,39.3543079,-104.8219886,80104.0,2024.0,,,,,,,,
933.0,Castle Canine Corporation,Camp Bow Wow - Castle Rock,Castle Rock,CO,DOUGLAS,Pet Grooming Facility - Primary Facility Owner,3/2/2026,39.3543079,-104.8219886,80104.0,2024.0,,,,,,,,
934.0,Castle Rock Bernedoodles LLC,,Castle Rock,CO,DOUGLAS,Large Scale Dog Breeder,3/2/2026,39.356782,-104.885724,80109.0,2024.0,,,,,,,,
935.0,"CB Parker, LLC",City Bark,Parker,CO,DOUGLAS,Pet Boarding and/or Training,3/2/2026,39.4842649,-104.7604796,80134.0,2024.0,,,,,,,,
936.0,"CB Parker, LLC",City Bark,Parker,CO,DOUGLAS,Pet Grooming Facility - Self Wash Facility,3/2/2026,39.4842649,-104.7604796,80134.0,2024.0,,,,,,,,
937.0,Chelsea Williams,,Castle Rock,CO,DOUGLAS,Pet Grooming Facility - Secondary Facility Owner,3/2/2026,39.3669393,-104.8152717,80104.0,2024.0,,,,,,,,
938.0,Christian Gil,Christian's Cuts,Parker,CO,DOUGLAS,Pet Grooming Facility - Primary Facility Owner,3/2/2026,39.5186002,-104.7613633,,2024.0,,,,,,,,
939.0,"City Bark Littleton, LLC",City Bark,Littleton,CO,DOUGLAS,Pet Boarding and/or Training,3/2/2026,39.6032173,-105.020637,80120.0,2024.0,,,,,,,,
940.0,"City Bark Littleton, LLC",City Bark,Littleton,CO,DOUGLAS,Pet Grooming Facility - Self Wash Facility,3/2/2026,39.6032173,-105.020637,80120.0,2024.0,,,,,,,,
941.0,Club Pet Parker,Club Pet Parker,Parker,CO,DOUGLAS,Pet Boarding and/or Training,3/2/2026,39.5006454,-104.7477004,80138.0,2024.0,,,,,,,,
942.0,Club Pet Parker,Club Pet Parker,Parker,CO,DOUGLAS,Pet Grooming Facility - Primary Facility Owner,3/2/2026,39.5006454,-104.7477004,80138.0,2024.0,,,,,,,,
943.0,Colorado Animal Care Foundation,,Lone Tree,CO,DOUGLAS,Pet Animal Large Rescue,3/2/2026,39.5362858,-104.8855322,,2024.0,,,,,,,,
944.0,Colorado Dog,,Parker,CO,DOUGLAS,Pet Grooming Facility - Primary Facility Owner,3/2/2026,39.5289202,-104.7698595,80134.0,2024.0,,,,,,,,
945.0,Colorado Premier LLC,Barky Mountain Grooming,Lone Tree,CO,DOUGLAS,Pet Grooming Facility - Primary Facility Owner,3/2/2026,39.5362858,-104.8855322,,2024.0,,,,,,,,
946.0,Colorado Puppy Rescue,Colorado Puppy Rescue,Parker,CO,DOUGLAS,Pet Animal Large Rescue,3/2/2026,39.54031579999999,-104.7721474,80134.0,2024.0,,,,,,,,
947.0,"Creature Comforts Pet Hotel, LLC",,Parker,CO,DOUGLAS,Pet Boarding and/or Training,3/2/2026,39.5447486,-104.7730931,80134.0,2024.0,,,,,,,,
948.0,"Creature Comforts Pet Hotel, LLC",,Parker,CO,DOUGLAS,Bird Breeder,3/2/2026,39.5447486,-104.7730931,80134.0,2024.0,,,,,,,,
949.0,"Creature Comforts Pet Hotel, LLC",,Parker,CO,DOUGLAS,Small Animal Breeder,3/2/2026,39.5447486,-104.7730931,80134.0,2024.0,,,,,,,,
950.0,"Critter Cleaner, Inc.",,PARKER,CO,DOUGLAS,Pet Grooming Facility - Primary Facility Owner,3/2/2026,39.5447485,-104.773093,80134.0,2024.0,,,,,,,,
951.0,"CV DEN0036 Highlands Ranch, LLC",City Vet Highlands Ranch,Highlands Ranch,CO,DOUGLAS,Pet Boarding and/or Training,3/2/2026,39.5480789,-104.9739333,,2024.0,,,,,,,,
952.0,"CV DEN0036 Highlands Ranch, LLC",City Vet Highlands Ranch,Highlands Ranch,CO,DOUGLAS,Pet Grooming Facility - Primary Facility Owner,3/2/2026,39.5480789,-104.9739333,,2024.0,,,,,,,,
953.0,Dapper Dogs LLC,Zoomin Groomin,Castle Pines,CO,DOUGLAS,Pet Grooming Facility - Primary Facility Owner,3/2/2026,39.4716139,-104.8947682,80108.0,2024.0,,,,,,,,
954.0,Dapper Dogs LLC,Zoomin Groomin,Castle Pines,CO,DOUGLAS,Pet Grooming Facility - Mobile Groomer,3/2/2026,39.4716139,-104.8947682,80108.0,2024.0,,,,,,,,
955.0,Denver Rottweilers,,PARKER,CO,DOUGLAS,Small Scale Dog Breeder,3/2/2026,39.5186002,-104.7613633,,2024.0,,,,,,,,
956.0,Desirae Vissarriagas,Dog grooming,Parker,CO,DOUGLAS,Pet Grooming Facility - Secondary Facility Owner,3/2/2026,39.5186002,-104.7613633,,2024.0,,,,,,,,
957.0,"Destination Pet, LLC",Heritage Pet,Parker,CO,DOUGLAS,Pet Boarding and/or Training,3/2/2026,39.5186002,-104.7613633,,2024.0,,,,,,,,
958.0,"Destination Pet, LLC",Heritage Pet,Parker,CO,DOUGLAS,Pet Grooming Facility - Primary Facility Owner,3/2/2026,39.5186002,-104.7613633,,2024.0,,,,,,,,
959.0,Divine K9 Mobile Grooming LLC,,Castle rock,CO,DOUGLAS,Pet Grooming Facility - Primary Facility Owner,3/2/2026,39.3722121,-104.8560902,,2024.0,,,,,,,,
960.0,Divine K9 Mobile Grooming LLC,,Castle rock,CO,DOUGLAS,Pet Grooming Facility - Mobile Groomer,3/2/2026,39.3722121,-104.8560902,,2024.0,,,,,,,,
961.0,Doggy Styles Pet Salon LLC,,Parker,CO,DOUGLAS,Pet Grooming Facility - Primary Facility Owner,3/2/2026,39.5260717,-104.7705202,80134.0,2024.0,,,,,,,,
962.0,Dogs in the Driveway,,Castle Rock,CO,DOUGLAS,Pet Grooming Facility - Mobile Groomer,3/2/2026,39.3816358,-104.8489222,80104.0,2024.0,,,,,,,,
963.0,"DT Highlands Ranch, LP",Dogtopia,Highlands Ranch,CO,DOUGLAS,Pet Boarding and/or Training,3/2/2026,39.5427946,-104.9690751,80126.0,2024.0,,,,,,,,
964.0,"DT Highlands Ranch, LP",Dogtopia,Highlands Ranch,CO,DOUGLAS,Pet Grooming Facility - Primary Facility Owner,3/2/2026,39.5427946,-104.9690751,80126.0,2024.0,,,,,,,,
965.0,Dumb Friends League,Humane Colorado - Buddy Center,Castle Rock,CO,DOUGLAS,Pet Animal Large Shelter,3/2/2026,39.4074429,-104.8661163,80109.0,2024.0,,,,,,,,
966.0,Dumb Friends League,Humane Colorado - Buddy Center,Castle Rock,CO,DOUGLAS,Bird Band,3/2/2026,39.4074429,-104.8661163,80109.0,2024.0,,,,,,,,
967.0,EarthWise Pet,,Parker,CO,DOUGLAS,Pet Grooming Facility - Primary Facility Owner,3/2/2026,39.4788742,-104.759523,80134.0,2024.0,,,,,,,,
968.0,Elevation Incubator Corporation,Pet Evolution- Parker Colorado,Parker,CO,DOUGLAS,Pet Grooming Facility - Primary Facility Owner,3/2/2026,39.5186002,-104.7613633,,2024.0,,,,,,,,
969.0,Elevation Incubator Corporation,Pet Evolution- Parker Colorado,Parker,CO,DOUGLAS,Pet Grooming Facility - Self Wash Facility,3/2/2026,39.5186002,-104.7613633,,2024.0,,,,,,,,
970.0,Essential Pet LLC,,Parker,CO,DOUGLAS,Pet Grooming Facility - Primary Facility Owner,3/2/2026,39.557712,-104.7803034,80134.0,2024.0,,,,,,,,
971.0,Fetch Boy LLC,K9 Resorts Luxury Pet Hotel of Lone Tree,Lone Tree,CO,DOUGLAS,Pet Boarding and/or Training,3/2/2026,39.5968971,-104.8440475,80111.0,2024.0,,,,,,,,
972.0,Foster Kitten Mama Rescue,,Castle Rock,CO,DOUGLAS,Pet Animal Small Shelter,3/2/2026,39.3722121,-104.8560902,,2024.0,,,,,,,,
973.0,Four Leggeds LLC,Murph's Mobile Doggie Spa,Littleton,CO,DOUGLAS,Pet Grooming Facility - Mobile Groomer,3/2/2026,39.4726321,-105.0055193,80135.0,2024.0,,,,,,,,
974.0,Full Pawtential Dog Training LLC,,Highlands Ranch,CO,DOUGLAS,Pet Boarding and/or Training,3/2/2026,39.5480789,-104.9739333,,2024.0,,,,,,,,
975.0,"FurEver Furry Pet Care Services, LLC",,Parker,CO,DOUGLAS,Pet Handler,3/2/2026,39.5336727,-104.7991863,80134.0,2024.0,,,,,,,,
976.0,"FurEver Furry Pet Care Services, LLC",,Parker,CO,DOUGLAS,Pet Grooming Facility - Primary Facility Owner,3/2/2026,39.5336727,-104.7991863,80134.0,2024.0,,,,,,,,
977.0,Harlowe LLC,The Dog Wizard Highlands Ranch,Highlands Ranch,CO,DOUGLAS,Pet Boarding and/or Training,3/2/2026,39.5480789,-104.9739333,,2024.0,,,,,,,,
978.0,Heather Lambert,Heathers Heavenly Paws,Castle Rock,CO,DOUGLAS,Pet Grooming Facility - Primary Facility Owner,3/2/2026,39.3722121,-104.8560902,,2024.0,,,,,,,,
979.0,"Heatherdowns Labradors, Ltd.",,Franktown,CO,DOUGLAS,Small Scale Dog Breeder,3/2/2026,39.1852744,-104.7266791,80116.0,2024.0,,,,,,,,
980.0,Heritage Mobile Grooming,,Parker,CO,DOUGLAS,Pet Grooming Facility - Mobile Groomer,3/2/2026,39.5186002,-104.7613633,,2024.0,,,,,,,,
981.0,Highwind Exotics and Aquatics LLC,Parker Exotic Pets,Parker,CO,DOUGLAS,Retail / Wholesale of Pet Animals,3/2/2026,39.5186002,-104.7613633,,2024.0,,,,,,,,
982.0,Highwind Exotics and Aquatics LLC,Parker Exotic Pets,Parker,CO,DOUGLAS,Small Animal Breeder,3/2/2026,39.5186002,-104.7613633,,2024.0,,,,,,,,
983.0,Highwind Exotics and Aquatics LLC,Parker Exotic Pets,Parker,CO,DOUGLAS,Pet Animal Small Rescue,3/2/2026,39.5186002,-104.7613633,,2024.0,,,,,,,,
984.0,Highwind Exotics and Aquatics LLC,Parker Exotic Pets,Parker,CO,DOUGLAS,Pet Grooming Facility - Primary Facility Owner,3/2/2026,39.5186002,-104.7613633,,2024.0,,,,,,,,
985.0,Hoffmann's Little Haven,,Sedalia,CO,DOUGLAS,Pet Animal Small Rescue,3/2/2026,39.4369336,-104.9597046,80135.0,2024.0,,,,,,,,
986.0,Hwy 50 Freedom Ride,,Parker,CO,DOUGLAS,Pet Transporter,3/2/2026,38.4566935,-105.5115656,,2024.0,,,,,,,,
987.0,"Izzet Gunbil, LLC.",Gunbil German Shepherds,Larkspur,CO,DOUGLAS,Small Scale Dog Breeder,3/2/2026,39.2286021,-104.887203,,2024.0,,,,,,,,
988.0,Jennifer A. Piccin Shaw,Jen's Exotic Pet Services,Parker,CO,DOUGLAS,Pet Grooming Facility - Mobile Groomer,3/2/2026,39.5186002,-104.7613633,,2024.0,,,,,,,,
989.0,Joanne Paquette Sutley,Classy Pets,Littleton,CO,DOUGLAS,Small Scale Dog Breeder,3/2/2026,39.613321,-105.0166498,,2024.0,,,,,,,,
990.0,JS Beauty 2022 Inc,,Littleton,CO,DOUGLAS,Pet Boarding and/or Training,3/2/2026,39.6130473,-105.0966393,80123.0,2024.0,,,,,,,,
991.0,JS Beauty 2022 Inc,,Littleton,CO,DOUGLAS,Pet Grooming Facility - Primary Facility Owner,3/2/2026,39.6130473,-105.0966393,80123.0,2024.0,,,,,,,,
992.0,JT Incorporated,The Dog Wizard Castle Rock,Castle Rock,CO,DOUGLAS,Pet Boarding and/or Training,3/2/2026,39.3722121,-104.8560902,,2024.0,,,,,,,,
993.0,JT Incorporated,The Dog Wizard Castle Rock,Castle Rock,CO,DOUGLAS,Pet Handler,3/2/2026,39.3722121,-104.8560902,,2024.0,,,,,,,,
994.0,Kelli's Grooming LLC,Sparkle Bark,Castle Rock,CO,DOUGLAS,Pet Grooming Facility - Primary Facility Owner,3/2/2026,39.3722121,-104.8560902,,2024.0,,,,,,,,
995.0,Linda J Lane,Linda's Pups,Parker,CO,DOUGLAS,Retail / Wholesale of Pet Animals,3/2/2026,39.5186002,-104.7613633,,2024.0,,,,,,,,
996.0,Loren Bengston,Glacier Danes,Parker,CO,DOUGLAS,Small Scale Dog Breeder,3/2/2026,39.5186002,-104.7613633,,2024.0,,,,,,,,
997.0,Lori L Ellis,,Parker,CO,DOUGLAS,Independent Contractor (IC) Pet Groomer,3/2/2026,39.5186002,-104.7613633,,2024.0,,,,,,,,
998.0,Lucky Ranch Labradors,,Castle Rock,CO,DOUGLAS,Small Scale Dog Breeder,3/2/2026,39.291433,-104.819317,80104.0,2024.0,,,,,,,,
999.0,M&O Adventures LLC,Aussie Pet Mobile of West Littleton & South Arapahoe County,Highlands Ranch,CO,DOUGLAS,Pet Grooming Facility - Mobile Groomer,3/2/2026,39.5480789,-104.9739333,,2024.0,,,,,,,,
1000.0,"Maece, LLC",Pet Evolution,Highlands Ranch,CO,DOUGLAS,Pet Grooming Facility - Primary Facility Owner,3/2/2026,39.5480789,-104.9739333,,2024.0,,,,,,,,
1001.0,"Maece, LLC",Pet Evolution,Highlands Ranch,CO,DOUGLAS,Pet Grooming Facility - Mobile Groomer,3/2/2026,39.5480789,-104.9739333,,2024.0,,,,,,,,
1002.0,"Maece, LLC",Pet Evolution,Highlands Ranch,CO,DOUGLAS,Pet Grooming Facility - Self Wash Facility,3/2/2026,39.5480789,-104.9739333,,2024.0,,,,,,,,
1003.0,Mattersville,,Sedalia,CO,DOUGLAS,Commercial Pet Animal Facility,3/2/2026,39.2103265,-105.1781423,80135.0,2024.0,,,,,,,,
1004.0,Mattersville,,Sedalia,CO,DOUGLAS,Pet Animal Small Rescue,3/2/2026,39.2103265,-105.1781423,80135.0,2024.0,,,,,,,,
1005.0,"MC Aquatics, Inc",,Englewood,CO,DOUGLAS,Aquarium Only,3/2/2026,39.6477653,-104.9877597,,2024.0,,,,,,,,
1006.0,Megan Pray,,Castle Rock,CO,DOUGLAS,Pet Grooming Facility - Primary Facility Owner,3/2/2026,39.3722121,-104.8560902,,2024.0,,,,,,,,
1007.0,Metropolis Dog Taxi LLC,,Parker,CO,DOUGLAS,Pet Handler,3/2/2026,39.5174014,-104.7574732,80138.0,2024.0,,,,,,,,
1008.0,Midwest Veterinary Partners LLC,Rocky Mountain Small Animal Hospital,Highlands Ranch,CO,DOUGLAS,Pet Boarding and/or Training,3/2/2026,39.5480789,-104.9739333,,2024.0,,,,,,,,
1009.0,Midwest Veterinary Partners LLC,Rocky Mountain Small Animal Hospital,Highlands Ranch,CO,DOUGLAS,Pet Grooming Facility - Primary Facility Owner,3/2/2026,39.5480789,-104.9739333,,2024.0,,,,,,,,
1010.0,"Mobile Vet Tech Services, LLC",,Castle Pines,CO,DOUGLAS,Pet Grooming Facility - Mobile Groomer,3/2/2026,39.4716139,-104.8947682,80108.0,2024.0,,,,,,,,
1011.0,MOC K9 Training LLC,,Castle Rock,CO,DOUGLAS,Pet Boarding and/or Training,3/2/2026,39.38236819999999,-104.8642973,80109.0,2024.0,,,,,,,,
1012.0,Natius Groomer llc,,Parker,CO,DOUGLAS,Pet Grooming Facility - Secondary Facility Owner,3/2/2026,39.5186002,-104.7613633,,2024.0,,,,,,,,
1013.0,P&A Ortiz Inc DBA Zoomin Groomin,Zoomin Groomin,Highlands Ranch,CO,DOUGLAS,Pet Grooming Facility - Mobile Groomer,3/2/2026,39.5470645,-104.9818064,80126.0,2024.0,,,,,,,,
1014.0,"Pampered Pups, LLC",Pampered Pups Grooming,Highlands Ranch,CO,DOUGLAS,Pet Grooming Facility - Primary Facility Owner,3/2/2026,39.56627659999999,-104.9908047,80129.0,2024.0,,,,,,,,
1015.0,Paws on the Ground Colorado,,Highlands Ranch,CO,DOUGLAS,Pet Animal Small Rescue,3/2/2026,39.5480789,-104.9739333,,2024.0,,,,,,,,
1016.0,Pepper's Senior Dog Sanctuary,,Littleton,CO,DOUGLAS,Pet Animal Sanctuary,3/2/2026,39.4639965,-105.0528761,80125.0,2024.0,,,,,,,,
1017.0,"Petco Animal Supplies Store, Inc",,Highlands Ranch,CO,DOUGLAS,Retail / Wholesale of Pet Animals,3/2/2026,39.5480789,-104.9739333,,2024.0,,,,,,,,
1018.0,"Petco Animal Supplies Store, Inc",,Highlands Ranch,CO,DOUGLAS,Pet Grooming Facility - Primary Facility Owner,3/2/2026,39.5480789,-104.9739333,,2024.0,,,,,,,,
1019.0,"Petco Animal Supplies Stores, Inc",Petco #2449,Castle Rock,CO,DOUGLAS,Retail / Wholesale of Pet Animals,3/2/2026,39.3722121,-104.8560902,,2024.0,,,,,,,,
1020.0,"Petco Animal Supplies Stores, Inc",Petco #2449,Castle Rock,CO,DOUGLAS,Pet Grooming Facility - Primary Facility Owner,3/2/2026,39.3722121,-104.8560902,,2024.0,,,,,,,,
1021.0,"PetSmart, Inc.",PetSmart - 1071,Parker,CO,DOUGLAS,Pet Boarding and/or Training,3/2/2026,39.5116743,-104.7648737,80134.0,2024.0,,,,,,,,
1022.0,"PetSmart, Inc.",PetSmart - 1071,Parker,CO,DOUGLAS,Retail / Wholesale of Pet Animals,3/2/2026,39.5116743,-104.7648737,80134.0,2024.0,,,,,,,,
1023.0,"PetSmart, Inc.",PetSmart - 1071,Parker,CO,DOUGLAS,Pet Grooming Facility - Primary Facility Owner,3/2/2026,39.5116743,-104.7648737,80134.0,2024.0,,,,,,,,
1024.0,"Petsmart, Inc.",PetSmart - 1183,Castle Rock,CO,DOUGLAS,Pet Boarding and/or Training,3/2/2026,39.4081337,-104.8614239,80104.0,2024.0,,,,,,,,
1025.0,"Petsmart, Inc.",PetSmart - 1183,Castle Rock,CO,DOUGLAS,Retail / Wholesale of Pet Animals,3/2/2026,39.4081337,-104.8614239,80104.0,2024.0,,,,,,,,
1026.0,"Petsmart, Inc.",PetSmart - 1183,Castle Rock,CO,DOUGLAS,Pet Grooming Facility - Primary Facility Owner,3/2/2026,39.4081337,-104.8614239,80104.0,2024.0,,,,,,,,
1027.0,"PetSmart, Inc.",PetSmart #220,Littleton,CO,DOUGLAS,Pet Boarding and/or Training,3/2/2026,39.613321,-105.0166498,,2024.0,,,,,,,,
1028.0,"PetSmart, Inc.",PetSmart #220,Littleton,CO,DOUGLAS,Retail / Wholesale of Pet Animals,3/2/2026,39.613321,-105.0166498,,2024.0,,,,,,,,
1029.0,"PetSmart, Inc.",PetSmart #220,Littleton,CO,DOUGLAS,Pet Grooming Facility - Primary Facility Owner,3/2/2026,39.613321,-105.0166498,,2024.0,,,,,,,,
1030.0,"PetSmart, Inc.",PetSmart - 3040,Highlands Ranch,CO,DOUGLAS,Pet Boarding and/or Training,3/2/2026,39.5467709,-104.9941076,80129.0,2024.0,,,,,,,,
1031.0,"PetSmart, Inc.",PetSmart - 3040,Highlands Ranch,CO,DOUGLAS,Retail / Wholesale of Pet Animals,3/2/2026,39.5467709,-104.9941076,80129.0,2024.0,,,,,,,,
1032.0,"PetSmart, Inc.",PetSmart - 3040,Highlands Ranch,CO,DOUGLAS,Pet Grooming Facility - Primary Facility Owner,3/2/2026,39.5467709,-104.9941076,80129.0,2024.0,,,,,,,,
1033.0,Polemi Holdings Inc,Paw Prints,Highlands Ranch,CO,DOUGLAS,Pet Grooming Facility - Primary Facility Owner,3/2/2026,39.5480789,-104.9739333,,2024.0,,,,,,,,
1034.0,Pound Pitties Dog Rescue,,Littleton,CO,DOUGLAS,Pet Animal Small Rescue,3/2/2026,39.613321,-105.0166498,,2024.0,,,,,,,,
1035.0,RAD K9 Dog Training,,PARKER,CO,DOUGLAS,Pet Transporter,3/2/2026,39.5186002,-104.7613633,,2024.0,,,,,,,,
1036.0,RAD K9 Dog Training,,PARKER,CO,DOUGLAS,Pet Boarding and/or Training,3/2/2026,39.5186002,-104.7613633,,2024.0,,,,,,,,
1037.0,"Redstone Animal Hospital, PLLC",My Pet's Place,Littleton,CO,DOUGLAS,Pet Boarding and/or Training,3/2/2026,39.5516586,-105.037117,80125.0,2024.0,,,,,,,,
1038.0,"Redstone Animal Hospital, PLLC",My Pet's Place,Littleton,CO,DOUGLAS,Pet Handler,3/2/2026,39.5516586,-105.037117,80125.0,2024.0,,,,,,,,
1039.0,"Redstone Animal Hospital, PLLC",My Pet's Place,Littleton,CO,DOUGLAS,Pet Grooming Facility - Primary Facility Owner,3/2/2026,39.5516586,-105.037117,80125.0,2024.0,,,,,,,,
1040.0,Rocky Mountain Lab Rescue,,Parker,CO,DOUGLAS,Pet Animal Large Rescue,3/2/2026,39.4908702,-104.7161515,80138.0,2024.0,,,,,,,,
1041.0,Rocky Mountain Yorkie Rescue,,Parker,CO,DOUGLAS,Pet Animal Small Rescue,3/2/2026,39.5186002,-104.7613633,,2024.0,,,,,,,,
1042.0,"Rocky Mtn Lucky Paws 1, LLC",Well Groomed Pets,Parker,CO,DOUGLAS,Pet Grooming Facility - Primary Facility Owner,3/2/2026,39.4908702,-104.7161515,80138.0,2024.0,,,,,,,,
1043.0,Ruff House Dog Ranch,,Larkspur,CO,DOUGLAS,Pet Boarding and/or Training,3/2/2026,39.1464718,-104.7582878,80118.0,2024.0,,,,,,,,
1044.0,Ruff House Dog Ranch,,Larkspur,CO,DOUGLAS,Pet Grooming Facility - Primary Facility Owner,3/2/2026,39.1464718,-104.7582878,80118.0,2024.0,,,,,,,,
1045.0,Scenthound Parker,Scenthound Parker,Parker,CO,DOUGLAS,Pet Grooming Facility - Primary Facility Owner,3/2/2026,39.4933767,-104.7796928,80134.0,2024.0,,,,,,,,
1046.0,Shear Doodle Ltd.,,Littleton,CO,DOUGLAS,Pet Grooming Facility - Mobile Groomer,3/2/2026,39.613321,-105.0166498,,2024.0,,,,,,,,
1047.0,"Sirius Canine Training And Consulting, Inc.",Come Sit Stay Pet Resort,Parker,CO,DOUGLAS,Pet Boarding and/or Training,3/2/2026,39.5186002,-104.7613633,,2024.0,,,,,,,,
1048.0,"Sirius Canine Training And Consulting, Inc.",Come Sit Stay Pet Resort,Parker,CO,DOUGLAS,Pet Handler,3/2/2026,39.5186002,-104.7613633,,2024.0,,,,,,,,
1049.0,"Sirius Canine Training And Consulting, Inc.",Come Sit Stay Pet Resort,Parker,CO,DOUGLAS,Pet Grooming Facility - Primary Facility Owner,3/2/2026,39.5186002,-104.7613633,,2024.0,,,,,,,,
1050.0,Stockton Corporation,Stockton's Plum Creek Kennel,Littleton,CO,DOUGLAS,Small Scale Dog Breeder,3/2/2026,39.613321,-105.0166498,,2024.0,,,,,,,,
1051.0,Sunflower House LLC,VIBES Pet Grooming,Castle Rock,CO,DOUGLAS,Pet Grooming Facility - Primary Facility Owner,3/2/2026,39.3722121,-104.8560902,,2024.0,,,,,,,,
1052.0,Susan R Jacob,Pup E Luv Dog Grooming,Parker,CO,DOUGLAS,Pet Grooming Facility - Primary Facility Owner,3/2/2026,39.5186002,-104.7613633,,2024.0,,,,,,,,
1053.0,Suzie SoftPaws,SoftPaws Pet Salon & Boutique,Parker,CO,DOUGLAS,Pet Grooming Facility - Primary Facility Owner,3/2/2026,39.4943849,-104.7631735,80134.0,2024.0,,,,,,,,
1054.0,"Tails Up, LLC",,Castle Rock,CO,DOUGLAS,Pet Boarding and/or Training,3/2/2026,39.3658154,-104.8509575,80104.0,2024.0,,,,,,,,
1055.0,The Dapper Dog Parlor Company,The Dapper Dog Parlor,Parker,CO,DOUGLAS,Pet Grooming Facility - Mobile Groomer,3/2/2026,39.5350329,-104.7904158,80134.0,2024.0,,,,,,,,
1056.0,The Dawggie Spa,"The Dawggie Spa, LLC",Castle Rock,CO,DOUGLAS,Pet Grooming Facility - Mobile Groomer,3/2/2026,39.3722121,-104.8560902,,2024.0,,,,,,,,
1057.0,The Farm at Canon Ridge,Canon Ridge Farms,Castle Rock,CO,DOUGLAS,Pet Boarding and/or Training,3/2/2026,39.2918401,-104.8281582,80104.0,2024.0,,,,,,,,
1058.0,The Good Dog Academy LLC.,The Good Dog Academy Day School and Learning Center,Parker,CO,DOUGLAS,Pet Boarding and/or Training,3/2/2026,39.5186002,-104.7613633,,2024.0,,,,,,,,
1059.0,The Grooming Lounge LLC,The Grooming Lounge,Castle Rock,CO,DOUGLAS,Pet Grooming Facility - Primary Facility Owner,3/2/2026,39.3678629,-104.8618329,80104.0,2024.0,,,,,,,,
1060.0,The Light of Dog LLC,,Sedalia,CO,DOUGLAS,Pet Boarding and/or Training,3/2/2026,39.33992,-104.96671,80135.0,2024.0,,,,,,,,
1061.0,The Wise Dog,,Castle Rock,Co,DOUGLAS,Pet Boarding and/or Training,3/2/2026,39.3723314,-104.8577493,80104.0,2024.0,,,,,,,,
1062.0,The Wise Dog,,Castle Rock,Co,DOUGLAS,Pet Handler,3/2/2026,39.3723314,-104.8577493,80104.0,2024.0,,,,,,,,
1063.0,Trevor's Animal Rescue,,Parker,CO,DOUGLAS,Pet Animal Large Rescue,3/2/2026,39.5186002,-104.7613633,,2024.0,,,,,,,,
1064.0,"UBU, Inc.",The Pooch Mobile,Castle Rock,CO,DOUGLAS,Pet Grooming Facility - Mobile Groomer,3/2/2026,39.3722121,-104.8560902,,2024.0,,,,,,,,
1065.0,UpDog Mobile Groomer,,Parker,CO,DOUGLAS,Pet Grooming Facility - Mobile Groomer,3/2/2026,39.5186002,-104.7613633,,2024.0,,,,,,,,
1066.0,Vanessa Woodall,,Castle Rock,CO,DOUGLAS,Pet Grooming Facility - Mobile Groomer,3/2/2026,39.3722121,-104.8560902,,2024.0,,,,,,,,
1067.0,"VCA Animal Hospitals, Inc.",VCA Mountainview Animal Hospital & Pet Lodge,Highlands Ranch,CO,DOUGLAS,Pet Boarding and/or Training,3/2/2026,39.56463309999999,-104.9226362,80126.0,2024.0,,,,,,,,
1068.0,VetCor of Colorado LLC,Castle Rock Cat Hospital,Castle Rock,CO,DOUGLAS,Pet Boarding and/or Training,3/2/2026,39.3722121,-104.8560902,,2024.0,,,,,,,,
1069.0,Wag N Wash / Left Moon Consulting Group,Wag N Wash of Highlands Ranch,Highlands Ranch,CO,DOUGLAS,Pet Grooming Facility - Primary Facility Owner,3/2/2026,39.5480789,-104.9739333,,2024.0,,,,,,,,
1070.0,Wags N Walks CO Inc.,Wags N Walks Colorado,Franktown,CO,DOUGLAS,Pet Boarding and/or Training,3/2/2026,39.3910535,-104.7497667,80116.0,2024.0,,,,,,,,
1071.0,Wags N Walks CO Inc.,Wags N Walks Colorado,Franktown,CO,DOUGLAS,Pet Handler,3/2/2026,39.3910535,-104.7497667,80116.0,2024.0,,,,,,,,
1072.0,Wags N Walks CO Inc.,Wags N Walks Colorado,Franktown,CO,DOUGLAS,Pet Grooming Facility - Primary Facility Owner,3/2/2026,39.3910535,-104.7497667,80116.0,2024.0,,,,,,,,
1073.0,"WellHaven PetHealth CO, LLC",WellHaven Pet Health,Lone Tree,CO,DOUGLAS,Pet Boarding and/or Training,3/2/2026,39.5344305,-104.8802991,80124.0,2024.0,,,,,,,,
1074.0,"William Moyle, Jr.",Lone Tree Veterinary Medical Center,Lone Tree,CO,DOUGLAS,Pet Boarding and/or Training,3/2/2026,39.5362858,-104.8855322,,2024.0,,,,,,,,
1075.0,"William Moyle, Jr.",Lone Tree Veterinary Medical Center,Lone Tree,CO,DOUGLAS,Pet Grooming Facility - Primary Facility Owner,3/2/2026,39.5362858,-104.8855322,,2024.0,,,,,,,,
1076.0,WNW Pet LLC,Wag N Wash,Castle Rock,CO,DOUGLAS,Pet Grooming Facility - Primary Facility Owner,3/2/2026,39.3722121,-104.8560902,,2024.0,,,,,,,,
1077.0,Woofies of Castle Rock,Woofies of Castle Rock,Larkspur,CO,DOUGLAS,Pet Grooming Facility - Mobile Groomer,3/2/2026,39.2286021,-104.887203,,2024.0,,,,,,,,
1078.0,WVP of Colorado LLC,Altitude Animal Hospital,Highlands Ranch,CO,DOUGLAS,Pet Grooming Facility - Primary Facility Owner,3/2/2026,39.5480789,-104.9739333,,2024.0,,,,,,,,
1079.0,Wynot Mobile Grooming,,Sedalia,CO,DOUGLAS,Pet Grooming Facility - Mobile Groomer,3/2/2026,39.4369336,-104.9597046,80135.0,2024.0,,,,,,,,
1080.0,At Doggishly Dapper Grooming Inc,,Gypsum,CO,EAGLE,Pet Grooming Facility - Primary Facility Owner,3/2/2026,39.646029,-106.9418554,81637.0,2024.0,,,,,,,,
1081.0,"Avon Veterinary Center, Inc.",Avon Pet Centre,Avon,CO,EAGLE,Pet Boarding and/or Training,3/2/2026,39.6350534,-106.5221255,,2024.0,,,,,,,,
1082.0,"Avon Veterinary Center, Inc.",Avon Pet Centre,Avon,CO,EAGLE,Pet Grooming Facility - Primary Facility Owner,3/2/2026,39.6350534,-106.5221255,,2024.0,,,,,,,,
1083.0,Barks n Bubbles,,Avon,CO,EAGLE,Pet Boarding and/or Training,3/2/2026,39.6350534,-106.5221255,,2024.0,,,,,,,,
1084.0,Barks n Bubbles,,Avon,CO,EAGLE,Pet Grooming Facility - Primary Facility Owner,3/2/2026,39.6350534,-106.5221255,,2024.0,,,,,,,,
1085.0,Castle Peak Veterinary Service,Castle Peak Veterinary Service,Eagle,CO,EAGLE,Pet Boarding and/or Training,3/2/2026,39.6610438,-106.8224929,81631.0,2024.0,,,,,,,,
1086.0,Dawn Victorino,Ruff Cuts,Gypsum,CO,EAGLE,Pet Grooming Facility - Mobile Groomer,3/2/2026,39.6446532,-106.9491072,81637.0,2024.0,,,,,,,,
1087.0,Dogg House,,Basalt,CO,EAGLE,Pet Grooming Facility - Primary Facility Owner,3/2/2026,39.3745868,-107.0834034,81621.0,2024.0,,,,,,,,
1088.0,Doggie Style LLC,,Edwards,CO,EAGLE,Pet Grooming Facility - Primary Facility Owner,3/2/2026,39.6425245,-106.5896836,81632.0,2024.0,,,,,,,,
1089.0,Eagle County Animal Shelter,,Eagle,CO,EAGLE,Pet Animal Small Shelter,3/2/2026,39.6542086,-106.8265908,81631.0,2024.0,,,,,,,,
1090.0,Eagle Valley Humane Society,,Eagle,CO,EAGLE,Pet Animal Small Shelter,3/2/2026,39.6579286,-106.8273402,81631.0,2024.0,,,,,,,,
1091.0,"FT Pets, LLC",Fresh Tracks Pet Shoppe,Avon,CO,EAGLE,Pet Grooming Facility - Self Wash Facility,3/2/2026,39.6350534,-106.5221255,,2024.0,,,,,,,,
1092.0,Happy Dog Grooming,,Gypsum,CO,EAGLE,Pet Grooming Facility - Primary Facility Owner,3/2/2026,39.6464891,-106.9390424,81637.0,2024.0,,,,,,,,
1093.0,Katie Cox,,Gypsum,CO,EAGLE,Pet Grooming Facility - Primary Facility Owner,3/2/2026,39.6446532,-106.9491072,81637.0,2024.0,,,,,,,,
1094.0,Mountain K9 LLC,,Avon,CO,EAGLE,Pet Grooming Facility - Primary Facility Owner,3/2/2026,39.6280217,-106.5025265,81620.0,2024.0,,,,,,,,
1095.0,"Mountain Musher, Inc.",,Bond,CO,EAGLE,Commercial Pet Animal Facility,3/2/2026,39.8736582,-106.6878099,80423.0,2024.0,,,,,,,,
1096.0,Oracle K9 Traning,Oracle K9 Traning,Avon,CO,EAGLE,Pet Boarding and/or Training,3/2/2026,39.6350534,-106.5221255,,2024.0,,,,,,,,
1097.0,Oracle K9 Traning,Oracle K9 Traning,Avon,CO,EAGLE,Pet Handler,3/2/2026,39.6350534,-106.5221255,,2024.0,,,,,,,,
1098.0,Quantum Pet Supply Inc,RJ Paddywack's,Carbondale,CO,EAGLE,Retail / Wholesale of Pet Animals,3/2/2026,39.4022054,-107.2111628,81623.0,2024.0,,,,,,,,
1099.0,Quantum Pet Supply Inc,RJ Paddywack's,Carbondale,CO,EAGLE,Pet Grooming Facility - Self Wash Facility,3/2/2026,39.4022054,-107.2111628,81623.0,2024.0,,,,,,,,
1100.0,Team Leo Animal Rescue,Vail Doggie Day Spa,Avon,CO,EAGLE,Pet Animal Small Rescue,3/2/2026,39.6219458,-106.4731514,81620.0,2024.0,,,,,,,,
1101.0,"The Floofy Snoot, LLC",,Eagle,CO,EAGLE,Pet Grooming Facility - Primary Facility Owner,3/2/2026,39.6530041,-106.8280424,81631.0,2024.0,,,,,,,,
1102.0,Top shelf grooming LLC,,Edwards,CO,EAGLE,Pet Grooming Facility - Primary Facility Owner,3/2/2026,39.644986,-106.5942,81632.0,2024.0,,,,,,,,
1103.0,"Training by Terena, LLC",Canine Country School,Gypsum,CO,EAGLE,Pet Boarding and/or Training,3/2/2026,39.6446532,-106.9491072,81637.0,2024.0,,,,,,,,
1104.0,Vail Doggie Day Spa and Lodging Inc.,Vail Doggie Day Spa,Avon,CO,EAGLE,Pet Boarding and/or Training,3/2/2026,39.6219457,-106.4731514,81620.0,2024.0,,,,,,,,
1105.0,Vail Doggie Day Spa and Lodging Inc.,Vail Doggie Day Spa,Avon,CO,EAGLE,Pet Grooming Facility - Primary Facility Owner,3/2/2026,39.6219457,-106.4731514,81620.0,2024.0,,,,,,,,
1106.0,Valentine Dog Training LLC,,Avon,CO,EAGLE,Pet Boarding and/or Training,3/2/2026,39.6547328,-106.5411718,81620.0,2024.0,,,,,,,,
1107.0,"Walkin' the Dog, Inc.",,Gypsum,CO,EAGLE,Pet Boarding and/or Training,3/2/2026,39.6446532,-106.9491072,81637.0,2024.0,,,,,,,,
1108.0,Wanderlust Dogs Eagle LLC,,Eagle,CO,EAGLE,Pet Boarding and/or Training,3/2/2026,39.6633324,-106.8202805,81631.0,2024.0,,,,,,,,
1109.0,4 Your Paws Only Mobile Grooming LLC,,Peyton,CO,EL PASO,Pet Grooming Facility - Mobile Groomer,3/2/2026,39.0284685,-104.4841284,80831.0,2024.0,,,,,,,,
1110.0,9 Lives Rescue,,Colorado Springs,CO,EL PASO,Pet Animal Small Rescue,3/2/2026,38.8353142,-104.8216009,,2024.0,,,,,,,,
1111.0,A Better Way pet services,,Colorado Springs,CO,EL PASO,Pet Grooming Facility - Secondary Facility Owner,3/2/2026,38.9206873,-104.7868994,80918.0,2024.0,,,,,,,,
1112.0,A Furry Affair of Colorado,,Colorado Springs,CO,EL PASO,Pet Grooming Facility - Primary Facility Owner,3/2/2026,38.89658780000001,-104.7394503,80917.0,2024.0,,,,,,,,
1113.0,A Touch of Magic Grooming,A Touch of Magic Grooming,Colorado Springs,CO,EL PASO,Pet Grooming Facility - Primary Facility Owner,3/2/2026,38.856206,-104.8652906,80904.0,2024.0,,,,,,,,
1114.0,"A+ Pet Spa, LLC",,Colorado Springs,CO,EL PASO,Pet Grooming Facility - Primary Facility Owner,3/2/2026,38.8557046,-104.8796917,80904.0,2024.0,,,,,,,,
1115.0,Alexandra N Sestokas,Beyond Beautiful Boxers,Colorado Springs,CO,EL PASO,Small Scale Dog Breeder,3/2/2026,38.8822747,-104.8346378,80907.0,2024.0,,,,,,,,
1116.0,All Dogs Unleashed Colorado LLC,,Colorado Springs,CO,EL PASO,Pet Boarding and/or Training,3/2/2026,38.880633,-104.8122286,80907.0,2024.0,,,,,,,,
1117.0,All Dogs Unleashed Colorado LLC,,Colorado Springs,CO,EL PASO,Pet Handler,3/2/2026,38.880633,-104.8122286,80907.0,2024.0,,,,,,,,
1118.0,All Dogs Unleashed Colorado LLC,,Colorado Springs,CO,EL PASO,Pet Grooming Facility - Primary Facility Owner,3/2/2026,38.880633,-104.8122286,80907.0,2024.0,,,,,,,,
1119.0,Allure Dog Training,Charmed Dog Training,Peyton colorado,CO,EL PASO,Pet Handler,3/2/2026,39.0284685,-104.4841284,80831.0,2024.0,,,,,,,,
1120.0,Altitude K9 Services,AK9S,Colorado Springs,CO,EL PASO,Pet Boarding and/or Training,3/2/2026,38.9152322,-104.7368713,80918.0,2024.0,,,,,,,,
1121.0,Altitude K9 Services,AK9S,Colorado Springs,CO,EL PASO,Pet Grooming Facility - Primary Facility Owner,3/2/2026,38.9152322,-104.7368713,80918.0,2024.0,,,,,,,,
1122.0,Alyxandra E Eubanks,Snazzy Snout,Colorado Springs,CO,EL PASO,Pet Grooming Facility - Primary Facility Owner,3/2/2026,38.8353142,-104.8216009,,2024.0,,,,,,,,
1123.0,American Dog Tails LLC,American Dog Tails LLC,Colorado Springs,CO,EL PASO,Pet Grooming Facility - Mobile Groomer,3/2/2026,38.8353142,-104.8216009,,2024.0,,,,,,,,
1124.0,Ann Malburg,Colorful Quills,Peyton,CO,EL PASO,Small Animal Breeder,3/2/2026,39.0284685,-104.4841284,80831.0,2024.0,,,,,,,,
1125.0,Anna Sinclair,Trinity Bird Gallery,Colorado Springs,CO,EL PASO,Bird Breeder,3/2/2026,38.8353142,-104.8216009,,2024.0,,,,,,,,
1126.0,Anna Sinclair,Trinity Bird Gallery,Colorado Springs,CO,EL PASO,Bird Band,3/2/2026,38.8353142,-104.8216009,,2024.0,,,,,,,,
1127.0,Anna's Aussies,,Calhan,CO,EL PASO,Small Scale Dog Breeder,3/2/2026,39.0355459,-104.297186,80808.0,2024.0,,,,,,,,
1128.0,Anne W. Andrews,Top Dog Mobile Pet Grooming Salon,Manitou Springs,CO,EL PASO,Pet Grooming Facility - Mobile Groomer,3/2/2026,38.8575579,-104.9128177,,2024.0,,,,,,,,
1129.0,Au Naturel Mobile Dog Spa,Mobile dog groomer,Colorado Springs,CO,EL PASO,Pet Grooming Facility - Mobile Groomer,3/2/2026,38.8859072,-104.7564205,80917.0,2024.0,,,,,,,,
1130.0,Barnes Ace Inc.,Bon Pet Supply,Colorado Springs,CO,EL PASO,Pet Grooming Facility - Self Wash Facility,3/2/2026,38.8714707,-104.7593797,80917.0,2024.0,,,,,,,,
1131.0,Bearpoint Kennel LLC,,Calhan,CO,EL PASO,Pet Boarding and/or Training,3/2/2026,38.97334,-104.179012,80808.0,2024.0,,,,,,,,
1132.0,Bearpoint Kennel LLC,,Calhan,CO,EL PASO,Pet Handler,3/2/2026,38.97334,-104.179012,80808.0,2024.0,,,,,,,,
1133.0,Bearpoint Kennel LLC,,Calhan,CO,EL PASO,Large Scale Dog Breeder,3/2/2026,38.97334,-104.179012,80808.0,2024.0,,,,,,,,
1134.0,Best Dog Groomers Colorado Springs,,Colorado Springs,CO,EL PASO,Pet Grooming Facility - Primary Facility Owner,3/2/2026,38.9280913,-104.7665349,80918.0,2024.0,,,,,,,,
1135.0,Black Forest Dog Resort LLC,Black Forest Dog Resort,Colorado Springs,CO,EL PASO,Pet Boarding and/or Training,3/2/2026,38.9801729,-104.6440023,80908.0,2024.0,,,,,,,,
1136.0,Black Forest Dog Resort LLC,Black Forest Dog Resort,Colorado Springs,CO,EL PASO,Pet Grooming Facility - Primary Facility Owner,3/2/2026,38.9801729,-104.6440023,80908.0,2024.0,,,,,,,,
1137.0,Boardmoor Pet Resort LLC,,Fountain,CO,EL PASO,Pet Boarding and/or Training,3/2/2026,38.7058818,-104.7213449,80817.0,2024.0,,,,,,,,
1138.0,Boardmoor Pet Resort LLC,,Fountain,CO,EL PASO,Pet Grooming Facility - Primary Facility Owner,3/2/2026,38.7058818,-104.7213449,80817.0,2024.0,,,,,,,,
1139.0,Bonnie Robinson,Goldendoodles of Colorado,Peyton,CO,EL PASO,Small Scale Dog Breeder,3/2/2026,39.0284685,-104.4841284,80831.0,2024.0,,,,,,,,
1140.0,Brian Williams,,Colorado Springs,CO,EL PASO,Pet Grooming Facility - Mobile Groomer,3/2/2026,38.8371275,-104.8397526,,2024.0,,,,,,,,
1141.0,"Brown Veterinary Hospital, Inc.",Broadmoor Bluffs,Colorado Springs,CO,EL PASO,Pet Boarding and/or Training,3/2/2026,38.8019583,-104.8242817,80906.0,2024.0,,,,,,,,
1142.0,Buddy's Haven INC,Mobile Grooming,Yoder,CO,EL PASO,Pet Grooming Facility - Mobile Groomer,3/2/2026,38.83978880000001,-104.2219735,,2024.0,,,,,,,,
1143.0,Calhan Veterinary Clinic P.C.,,Calhan,CO,EL PASO,Pet Boarding and/or Training,3/2/2026,39.0245018,-104.2927322,80808.0,2024.0,,,,,,,,
1144.0,Calling All Dogs Mobile Grooming,,Fountain,CO,EL PASO,Pet Grooming Facility - Mobile Groomer,3/2/2026,38.682219,-104.7008056,,2024.0,,,,,,,,
1145.0,"Carros, Inc.",Wag N Wash,Monument,CO,EL PASO,Pet Grooming Facility - Primary Facility Owner,3/2/2026,39.0916586,-104.872758,,2024.0,,,,,,,,
1146.0,Catology LLC,,Colorado Springs,CO,EL PASO,Pet Boarding and/or Training,3/2/2026,38.917932,-104.8240698,80919.0,2024.0,,,,,,,,
1147.0,Catology LLC,,Colorado Springs,CO,EL PASO,Pet Grooming Facility - Primary Facility Owner,3/2/2026,38.917932,-104.8240698,80919.0,2024.0,,,,,,,,
1148.0,Cavalli's Husky & Wolfdog Rescue,,Fountain,CO,EL PASO,Pet Animal Small Rescue,3/2/2026,38.682219,-104.7008056,,2024.0,,,,,,,,
1149.0,Cheryl L McIntyre,,Colorado Springs,CO,EL PASO,Independent Contractor (IC) Pet Groomer,3/2/2026,38.8353142,-104.8216009,,2024.0,,,,,,,,
1150.0,Christanne S Wirick,Chris Canine Creations,Colorado Springs,CO,EL PASO,Pet Grooming Facility - Primary Facility Owner,3/2/2026,38.8823002,-104.8344801,80907.0,2024.0,,,,,,,,
1151.0,Christina Harris,,colorado springs,CO,EL PASO,Pet Grooming Facility - Primary Facility Owner,3/2/2026,38.8353142,-104.8216009,,2024.0,,,,,,,,
1152.0,Chrystal Paws Dog Grooming,,Fountain,CO,EL PASO,Pet Grooming Facility - Primary Facility Owner,3/2/2026,38.66680729999999,-104.6745478,80817.0,2024.0,,,,,,,,
1153.0,Colorado K9 Cuts LLC,,Colorado Springs,CO,EL PASO,Pet Grooming Facility - Mobile Groomer,3/2/2026,38.8353142,-104.8216009,,2024.0,,,,,,,,
1154.0,Colorado Springs All Breed Rescue,All Breed Rescue & Training,Colorado Springs,CO,EL PASO,Pet Animal Small Rescue,3/2/2026,38.8748764,-104.8143374,80907.0,2024.0,,,,,,,,
1155.0,Colorado Wyoming Vizsla Rescue Group Inc.,,Colorado Springs,CO,EL PASO,Pet Animal Small Rescue,3/2/2026,38.8353142,-104.8216009,,2024.0,,,,,,,,
1156.0,Comfort & Joy Cat Cafe LLLP,,Colorado Springs,CO,EL PASO,Commercial Pet Animal Facility,3/2/2026,38.8248284,-104.8218017,80904.0,2024.0,,,,,,,,
1157.0,Corah Mobley,Mutt of Honor,Colorado Springs,CO,EL PASO,Pet Handler,3/2/2026,38.8353142,-104.8216009,,2024.0,,,,,,,,
1158.0,Dale R. Parker,Jackson Creek Kennel,Peyton,CO,EL PASO,Pet Boarding and/or Training,3/2/2026,39.0284685,-104.4841284,80831.0,2024.0,,,,,,,,
1159.0,"Dalmatian Rescue of Colorado, Inc.",,Colorado Springs,CO,EL PASO,Pet Animal Small Rescue,3/2/2026,38.9201314,-104.7962014,80918.0,2024.0,,,,,,,,
1160.0,Dandy Ventures Inc.,Pet Supplies Plus 4093,Colorado Springs,CO,EL PASO,Retail / Wholesale of Pet Animals,3/2/2026,38.8353142,-104.8216009,,2024.0,,,,,,,,
1161.0,Dandy Ventures Inc.,Pet Supplies Plus 4093,Colorado Springs,CO,EL PASO,Pet Grooming Facility - Self Wash Facility,3/2/2026,38.8353142,-104.8216009,,2024.0,,,,,,,,
1162.0,David J Neverette,Valley Pets,Fountain,CO,EL PASO,Retail / Wholesale of Pet Animals,3/2/2026,38.682219,-104.7008056,,2024.0,,,,,,,,
1163.0,David J Neverette,Valley Pets,Fountain,CO,EL PASO,Small Animal Breeder,3/2/2026,38.682219,-104.7008056,,2024.0,,,,,,,,
1164.0,David J Neverette,Valley Pets,Fountain,CO,EL PASO,Pet Animal Small Shelter,3/2/2026,38.682219,-104.7008056,,2024.0,,,,,,,,
1165.0,Dawne L. Linde,SilverStar Kennels,Calhan,CO,EL PASO,Small Scale Dog Breeder,3/2/2026,39.0355459,-104.297186,80808.0,2024.0,,,,,,,,
1166.0,Dazzle Dogs LLC,,Colorado Springs,CO,EL PASO,Pet Grooming Facility - Primary Facility Owner,3/2/2026,38.8650712,-104.7561591,80909.0,2024.0,,,,,,,,
1167.0,Dazzle Dogs LLC,,Colorado Springs,CO,EL PASO,Pet Grooming Facility - Mobile Groomer,3/2/2026,38.8650712,-104.7561591,80909.0,2024.0,,,,,,,,
1168.0,Denver Dachshunds Rescue and Transport,,Calhan,CO,EL PASO,Pet Animal Small Shelter,3/2/2026,39.0355459,-104.297186,80808.0,2024.0,,,,,,,,
1169.0,Denver Rottweilers LLC,,Rush,CO,EL PASO,Small Scale Dog Breeder,3/2/2026,39.7392358,-104.990251,,2024.0,,,,,,,,
1170.0,Dizzy Dog Animal Rescue,Non Profit,Colorado Springs,CO,EL PASO,Pet Animal Small Rescue,3/2/2026,38.8353142,-104.8216009,,2024.0,,,,,,,,
1171.0,Dog Training with Kelly LLC,,Colorado Springs,CO,EL PASO,Pet Boarding and/or Training,3/2/2026,38.8318591,-104.7004212,80916.0,2024.0,,,,,,,,
1172.0,Dog Training with Kelly LLC,,Colorado Springs,CO,EL PASO,Pet Handler,3/2/2026,38.8318591,-104.7004212,80916.0,2024.0,,,,,,,,
1173.0,"Doggie Dude Ranch, LLC",,Colorado Springs,CO,EL PASO,Pet Boarding and/or Training,3/2/2026,38.8510131,-104.5513428,80930.0,2024.0,,,,,,,,
1174.0,Doggy N Styles LLC,,Colorado Springs,CO,EL PASO,Pet Grooming Facility - Primary Facility Owner,3/2/2026,38.8695959,-104.7171182,80915.0,2024.0,,,,,,,,
1175.0,Dogtown Grooming LLC,,Colorado Springs,CO,EL PASO,Pet Grooming Facility - Primary Facility Owner,3/2/2026,38.7529486,-104.7398116,80911.0,2024.0,,,,,,,,
1176.0,Donahue Unlimited LLC,A Paw Above,Colorado Springs,CO,EL PASO,Pet Boarding and/or Training,3/2/2026,38.9272573,-104.7077664,80923.0,2024.0,,,,,,,,
1177.0,Donahue Unlimited LLC,A Paw Above,Colorado Springs,CO,EL PASO,Pet Grooming Facility - Primary Facility Owner,3/2/2026,38.9272573,-104.7077664,80923.0,2024.0,,,,,,,,
1178.0,Donaldson LLC,TajmaPawz Zen Spa,Colorado Springs,CO,EL PASO,Pet Grooming Facility - Primary Facility Owner,3/2/2026,38.8353142,-104.8216009,,2024.0,,,,,,,,
1179.0,"Double J Pet Ranch, LLC",,Colorado Springs,CO,EL PASO,Pet Boarding and/or Training,3/2/2026,39.0990313,-104.7166076,80908.0,2024.0,,,,,,,,
1180.0,Dreamy Doggies LLC,,Colorado Springs,CO,EL PASO,Pet Grooming Facility - Primary Facility Owner,3/2/2026,38.870902,-104.8362702,80907.0,2024.0,,,,,,,,
1181.0,Elizabeth N. Gallacher,Lakewood Dog & Cat Grooming,Colorado Springs,CO,EL PASO,Pet Grooming Facility - Primary Facility Owner,3/2/2026,38.8822747,-104.8346378,80907.0,2024.0,,,,,,,,
1182.0,Fabienne D Feutz,,Colorado Springs,CO,EL PASO,Pet Grooming Facility - Secondary Facility Owner,3/2/2026,38.8353142,-104.8216009,,2024.0,,,,,,,,
1183.0,Faith and Fork LLC,Furry Friends,Colorado Springs,CO,EL PASO,Pet Grooming Facility - Primary Facility Owner,3/2/2026,38.8353142,-104.8216009,,2024.0,,,,,,,,
1184.0,Falcon Kennel LLC,,Peyton,CO,EL PASO,Pet Boarding and/or Training,3/2/2026,38.9653511,-104.5663299,80831.0,2024.0,,,,,,,,
1185.0,Falcon Kennel LLC,,Peyton,CO,EL PASO,Small Scale Dog Breeder,3/2/2026,38.9653511,-104.5663299,80831.0,2024.0,,,,,,,,
1186.0,Falcon Kennel LLC,,Peyton,CO,EL PASO,Pet Grooming Facility - Primary Facility Owner,3/2/2026,38.9653511,-104.5663299,80831.0,2024.0,,,,,,,,
1187.0,"Feline Rescue Network, Inc.",Look What the Cat Brought In,Colorado Springs,CO,EL PASO,Pet Animal Small Shelter,3/2/2026,38.8374013,-104.7632868,80909.0,2024.0,,,,,,,,
1188.0,Fen's Haven,Fen's Haven,Peyton,CO,EL PASO,Pet Animal Sanctuary,3/2/2026,39.0284685,-104.4841284,80831.0,2024.0,,,,,,,,
1189.0,Fen's Haven,Fen's Haven,Peyton,CO,EL PASO,Pet Animal Small Shelter,3/2/2026,39.0284685,-104.4841284,80831.0,2024.0,,,,,,,,
1190.0,Filthy Bitches' Dog Wash Ltd.,,Colorado Springs,CO,EL PASO,Pet Grooming Facility - Primary Facility Owner,3/2/2026,38.8118469,-104.8232653,80905.0,2024.0,,,,,,,,
1191.0,Fins & Feathers LLC,,Colorado Springs,CO,EL PASO,Pet Boarding and/or Training,3/2/2026,38.9037041,-104.774747,80918.0,2024.0,,,,,,,,
1192.0,Fins & Feathers LLC,,Colorado Springs,CO,EL PASO,Retail / Wholesale of Pet Animals,3/2/2026,38.9037041,-104.774747,80918.0,2024.0,,,,,,,,
1193.0,Fins & Feathers LLC,,Colorado Springs,CO,EL PASO,Bird Breeder,3/2/2026,38.9037041,-104.774747,80918.0,2024.0,,,,,,,,
1194.0,Fins & Feathers LLC,,Colorado Springs,CO,EL PASO,Pet Animal Sanctuary,3/2/2026,38.9037041,-104.774747,80918.0,2024.0,,,,,,,,
1195.0,Fins & Feathers LLC,,Colorado Springs,CO,EL PASO,Pet Grooming Facility - Primary Facility Owner,3/2/2026,38.9037041,-104.774747,80918.0,2024.0,,,,,,,,
1196.0,Fins & Feathers LLC,,Colorado Springs,CO,EL PASO,Bird Band,3/2/2026,38.9037041,-104.774747,80918.0,2024.0,,,,,,,,
1197.0,Fitzgerald Holding Inc,Dogtopia of Woodmen Road,Colorado Springs,CO,EL PASO,Pet Boarding and/or Training,3/2/2026,38.9075389,-104.7797594,80918.0,2024.0,,,,,,,,
1198.0,Fitzgerald Holding Inc,Dogtopia of Woodmen Road,Colorado Springs,CO,EL PASO,Pet Grooming Facility - Primary Facility Owner,3/2/2026,38.9075389,-104.7797594,80918.0,2024.0,,,,,,,,
1199.0,Flatiron Enterprises Ltd.,Alaska Pet Movers & Ship Your Pets,Colorado Springs,CO,EL PASO,Pet Transporter,3/2/2026,38.9033281,-104.7054864,80922.0,2024.0,,,,,,,,
1200.0,"Four Paws Pet Grooming, LLC",Faux Paws Pet Grooming,Colorado Springs,CO,EL PASO,Pet Grooming Facility - Primary Facility Owner,3/2/2026,38.8786891,-104.8060888,80907.0,2024.0,,,,,,,,
1201.0,Fox Run Veterinary Hospital,,Monument,CO,EL PASO,Pet Boarding and/or Training,3/2/2026,39.06672409999999,-104.8474726,80132.0,2024.0,,,,,,,,
1202.0,"Frenchies Naturally, LLC",The French Bulldog of Colorado,Coloraod Springs,CO,EL PASO,Small Scale Dog Breeder,3/2/2026,38.95917559999999,-104.7647424,80920.0,2024.0,,,,,,,,
1203.0,Front Range Pet Supply LLC,EarthWise Pet,Colorado Springs,CO,EL PASO,Pet Grooming Facility - Self Wash Facility,3/2/2026,38.8463258,-104.8606714,80904.0,2024.0,,,,,,,,
1204.0,"Fur & Feathers Pet Grooming, Inc.",,Colorado Springs,CO,EL PASO,Pet Grooming Facility - Primary Facility Owner,3/2/2026,38.8948397,-104.7576002,80918.0,2024.0,,,,,,,,
1205.0,Furbabies pet salon inc,,COLORADO SPRINGS,CO,EL PASO,Pet Grooming Facility - Secondary Facility Owner,3/2/2026,38.8353142,-104.8216009,,2024.0,,,,,,,,
1206.0,Gerald L. Walker,Elcanan Labradors & Avondale Pet Care Center,Peyton,CO,EL PASO,Pet Boarding and/or Training,3/2/2026,39.0284685,-104.4841284,80831.0,2024.0,,,,,,,,
1207.0,Gerris grooming llc,Dog grooming,Colorado springs,CO,EL PASO,Pet Grooming Facility - Primary Facility Owner,3/2/2026,38.9140889,-104.7888015,80918.0,2024.0,,,,,,,,
1208.0,Gini's Dog Palace LLC,,Calhan,CO,EL PASO,Pet Grooming Facility - Primary Facility Owner,3/2/2026,39.005269,-104.386193,80808.0,2024.0,,,,,,,,
1209.0,Good Dog,Good Dog Mantiou Dog Grooming,Manitou Springs,CO,EL PASO,Pet Grooming Facility - Primary Facility Owner,3/2/2026,38.860462,-104.9209765,80829.0,2024.0,,,,,,,,
1210.0,Grace N Faith Doodles,,Peyton,CO,EL PASO,Small Scale Dog Breeder,3/2/2026,38.9411379,-104.6011513,80831.0,2024.0,,,,,,,,
1211.0,Great Pyrenees Rescue & Sanctuary,Great Pyrenees Rescue ( Pyrescue ),Peyton,CO,EL PASO,Pet Animal Small Shelter,3/2/2026,38.9989356,-104.4952468,80831.0,2024.0,,,,,,,,
1212.0,Grey Ghost Weimaraner Rescue,,Monument,CO,EL PASO,Pet Animal Small Rescue,3/2/2026,39.0940216,-104.8662131,80132.0,2024.0,,,,,,,,
1213.0,Groomed By Kelly,,Colorado Springs,CO,EL PASO,Pet Grooming Facility - Secondary Facility Owner,3/2/2026,38.860462,-104.9209765,80829.0,2024.0,,,,,,,,
1214.0,Hair of the Dog Grooming Salon LLC,,Colorado Springs,CO,EL PASO,Pet Grooming Facility - Primary Facility Owner,3/2/2026,38.8353142,-104.8216009,,2024.0,,,,,,,,
1215.0,Hank & Rip Ventures LLC,Rips Vroom & Groom,Colorado Springs,CO,EL PASO,Pet Grooming Facility - Mobile Groomer,3/2/2026,38.8638006,-104.6834714,80915.0,2024.0,,,,,,,,
1216.0,Happy Cats Haven Inc,,Manitou Springs,CO,EL PASO,Pet Animal Small Shelter,3/2/2026,38.8564169,-104.9004921,80829.0,2024.0,,,,,,,,
1217.0,Harley's Hope Foundation,,Colorado Springs,CO,EL PASO,Pet Animal Small Rescue,3/2/2026,39.026651,-104.7041937,80908.0,2024.0,,,,,,,,
1218.0,Heidi Goodwin,Pawlished Pups,Palmer lake,CO,EL PASO,Pet Grooming Facility - Primary Facility Owner,3/2/2026,39.1222138,-104.917204,,2024.0,,,,,,,,
1219.0,HellaK9sCO,Dog Boarding,PEYTON,CO,EL PASO,Pet Boarding and/or Training,3/2/2026,39.0284685,-104.4841284,80831.0,2024.0,,,,,,,,
1220.0,"HemoSolutions, LLC",,Calhan,CO,EL PASO,Pet Animal Small Shelter,3/2/2026,39.0355459,-104.297186,80808.0,2024.0,,,,,,,,
1221.0,High 10 Pet Spa,,Colorado Springs,CO,EL PASO,Pet Grooming Facility - Primary Facility Owner,3/2/2026,38.8935472,-104.8499913,80907.0,2024.0,,,,,,,,
1222.0,"Hilfers Enterprises, LLC",Canine Campus,Colorado Springs,CO,EL PASO,Pet Boarding and/or Training,3/2/2026,38.8353142,-104.8216009,,2024.0,,,,,,,,
1223.0,"Hilfers Enterprises, LLC",Canine Campus,Colorado Springs,CO,EL PASO,Pet Grooming Facility - Primary Facility Owner,3/2/2026,38.8353142,-104.8216009,,2024.0,,,,,,,,
1224.0,Ho Bo Care Boxer Rescue,,Colorado Springs,CO,EL PASO,Pet Animal Large Rescue,3/2/2026,38.7954494,-104.8147269,80906.0,2024.0,,,,,,,,
1225.0,Honey Joyce,Who Let The DOGS OUT PET GROOMING,Colorado Springs,CO,EL PASO,Pet Grooming Facility - Primary Facility Owner,3/2/2026,38.7896936,-104.7463303,80916.0,2024.0,,,,,,,,
1226.0,House of Dog Training LLC,,Colorado Springs,CO,EL PASO,Pet Boarding and/or Training,3/2/2026,38.8816768,-104.8258325,80907.0,2024.0,,,,,,,,
1227.0,House of Hounds Grooming,,Colorado Springs,CO,EL PASO,Pet Grooming Facility - Primary Facility Owner,3/2/2026,38.8207711,-104.808682,80903.0,2024.0,,,,,,,,
1228.0,Humane Society of the Pikes Peak Region,HSPPR,Colorado Springs,CO,EL PASO,Pet Animal Large Shelter,3/2/2026,38.8252287,-104.8368419,80905.0,2024.0,,,,,,,,
1229.0,Humane Society of the Pikes Peak Region,HSPPR,Colorado Springs,CO,EL PASO,Bird Band,3/2/2026,38.8252287,-104.8368419,80905.0,2024.0,,,,,,,,
1230.0,Humble Paws,,Colorado Springs,CO,EL PASO,Pet Boarding and/or Training,3/2/2026,38.7986121,-104.8003134,80905.0,2024.0,,,,,,,,
1231.0,Humble Paws,,Colorado Springs,CO,EL PASO,Pet Handler,3/2/2026,38.7986121,-104.8003134,80905.0,2024.0,,,,,,,,
1232.0,Humble Paws,,Colorado Springs,CO,EL PASO,Pet Grooming Facility - Primary Facility Owner,3/2/2026,38.7986121,-104.8003134,80905.0,2024.0,,,,,,,,
1233.0,Incredible dog training LLC,Dog trainer/ pet handler,Fountain,CO,EL PASO,Pet Handler,3/2/2026,38.682219,-104.7008056,,2024.0,,,,,,,,
1234.0,InsideReef LLC,,Colorado Springs,CO,EL PASO,Aquarium Only,3/2/2026,38.9244788,-104.7929816,80918.0,2024.0,,,,,,,,
1235.0,Jackpot Animal Training LLC,,Colorado Springs,CO,EL PASO,Pet Handler,3/2/2026,38.9042207,-104.7127231,80922.0,2024.0,,,,,,,,
1236.0,James Smith,The Smiths Love & Lodging for Your Family Dog,Monument,CO,EL PASO,Pet Boarding and/or Training,3/2/2026,39.0916586,-104.872758,,2024.0,,,,,,,,
1237.0,Janet J. Ansell,Joann's Ruff Cuts,Colorado Springs,CO,EL PASO,Pet Grooming Facility - Primary Facility Owner,3/2/2026,38.8353142,-104.8216009,,2024.0,,,,,,,,
1238.0,Judith M. Pasbrig,"Dusty Road's Kennels,Impressions in Pet Grooming",Peyton,CO,EL PASO,Pet Grooming Facility - Primary Facility Owner,3/2/2026,39.0284685,-104.4841284,80831.0,2024.0,,,,,,,,
1239.0,Just Wash,Just Wash,Colorado springs,CO,EL PASO,Pet Handler,3/2/2026,38.812052,-104.7465565,80916.0,2024.0,,,,,,,,
1240.0,Just Wash,Just Wash,Colorado springs,CO,EL PASO,Pet Grooming Facility - Primary Facility Owner,3/2/2026,38.812052,-104.7465565,80916.0,2024.0,,,,,,,,
1241.0,Just Wash,Just Wash,Colorado springs,CO,EL PASO,Pet Grooming Facility - Mobile Groomer,3/2/2026,38.812052,-104.7465565,80916.0,2024.0,,,,,,,,
1242.0,K9 Concepts LLC,Lucky Dog Resorts,Colorado Springs,CO,EL PASO,Pet Boarding and/or Training,3/2/2026,38.8749218,-104.7224723,80922.0,2024.0,,,,,,,,
1243.0,K9 Creations llc,,Colorado springs,CO,EL PASO,Pet Grooming Facility - Secondary Facility Owner,3/2/2026,38.9155388,-104.7634109,80918.0,2024.0,,,,,,,,
1244.0,Karl's Canine Krew,,Colorado Springs,CO,EL PASO,Pet Animal Large Rescue,3/2/2026,38.8353142,-104.8216009,,2024.0,,,,,,,,
1245.0,Katherine G Perez,Puppy Dog Tails,Colorado Springs,CO,EL PASO,Pet Grooming Facility - Primary Facility Owner,3/2/2026,38.8353142,-104.8216009,,2024.0,,,,,,,,
1246.0,Kathryn Michaels,Little Darling Pups,Peyton,CO,EL PASO,Small Scale Dog Breeder,3/2/2026,39.0284685,-104.4841284,80831.0,2024.0,,,,,,,,
1247.0,Kimberly Matheny,Critter Clips,Colorado Springs,CO,EL PASO,Pet Grooming Facility - Primary Facility Owner,3/2/2026,38.8578932,-104.7284805,80915.0,2024.0,,,,,,,,
1248.0,King's Ohana Inc.,Canine Design Salon & Country Club,Colorado Springs,CO,EL PASO,Pet Boarding and/or Training,3/2/2026,38.8091514,-104.8424455,80905.0,2024.0,,,,,,,,
1249.0,King's Ohana Inc.,Canine Design Salon & Country Club,Colorado Springs,CO,EL PASO,Pet Grooming Facility - Primary Facility Owner,3/2/2026,38.8091514,-104.8424455,80905.0,2024.0,,,,,,,,
1250.0,"Le Paw Spa CO, LLC",le paw spa groomery llc,Colorado Springs,CO,EL PASO,Pet Grooming Facility - Primary Facility Owner,3/2/2026,38.902576,-104.768954,80918.0,2024.0,,,,,,,,
1251.0,Lead Dog Mobile Grooming,,Fountain,CO,EL PASO,Pet Grooming Facility - Mobile Groomer,3/2/2026,38.682219,-104.7008056,,2024.0,,,,,,,,
1252.0,Leanna Thara,Lulu's Paws and Claws,Fountain,CO,EL PASO,Pet Grooming Facility - Mobile Groomer,3/2/2026,38.682219,-104.7008056,,2024.0,,,,,,,,
1253.0,Lees grooming,Lees grooming llc,Fountain,CO,EL PASO,Pet Grooming Facility - Primary Facility Owner,3/2/2026,38.7463522,-104.742865,80817.0,2024.0,,,,,,,,
1254.0,Lees grooming llc,Lees grooming llc,Fountain,CO,EL PASO,Pet Grooming Facility - Primary Facility Owner,3/2/2026,38.7463522,-104.742865,80911.0,2024.0,,,,,,,,
1255.0,Lhasa Love Dog Grooming,Friendly Paws Grooming,Colorado Springs,CO,EL PASO,Pet Grooming Facility - Secondary Facility Owner,3/2/2026,38.8353142,-104.8216009,,2024.0,,,,,,,,
1256.0,Libby Paws 4 LLC,Dog Groomer,Colorado Springs,CO,EL PASO,Pet Grooming Facility - Secondary Facility Owner,3/2/2026,38.7478869,-104.734919,80911.0,2024.0,,,,,,,,
1257.0,Lisa Kavanaugh,Blue Lion Rescue,Yoder,CO,EL PASO,Pet Animal Small Shelter,3/2/2026,38.83978880000001,-104.2219735,,2024.0,,,,,,,,
1258.0,Lisa Sanchez,Villa Grooming,Colorado Springs,CO,EL PASO,Pet Grooming Facility - Primary Facility Owner,3/2/2026,38.9192537,-104.7267047,80923.0,2024.0,,,,,,,,
1259.0,Little Bo Peep LLC,Friendly Paws Grooming,Colorado Springs,CO,EL PASO,Pet Grooming Facility - Secondary Facility Owner,3/2/2026,38.8353142,-104.8216009,,2024.0,,,,,,,,
1260.0,Little Boss grooming,,Colorado springs,CO,EL PASO,Pet Grooming Facility - Primary Facility Owner,3/2/2026,38.9421237,-104.7730718,80920.0,2024.0,,,,,,,,
1261.0,Lonnie Joyce,L&H Grooming,Colorado Springs,CO,EL PASO,Independent Contractor (IC) Pet Groomer,3/2/2026,38.7896936,-104.7463303,80916.0,2024.0,,,,,,,,
1262.0,Love My Dogs LLC,Furry Friends Inc,Colorado Springs,CO,EL PASO,Pet Grooming Facility - Primary Facility Owner,3/2/2026,38.8353142,-104.8216009,,2024.0,,,,,,,,
1263.0,Love My Pets LLC,Stubbys Dog Wash & Grooming Salon,Colorado Springs,CO,EL PASO,Pet Boarding and/or Training,3/2/2026,38.8353142,-104.8216009,,2024.0,,,,,,,,
1264.0,Love My Pets LLC,Stubbys Dog Wash & Grooming Salon,Colorado Springs,CO,EL PASO,Pet Grooming Facility - Primary Facility Owner,3/2/2026,38.8353142,-104.8216009,,2024.0,,,,,,,,
1265.0,Love My Pets LLC,Stubby's Grooming Salon,Monument,CO,EL PASO,Pet Grooming Facility - Primary Facility Owner,3/2/2026,39.0916586,-104.872758,,2024.0,,,,,,,,
1266.0,Lynda L. Ostberg Gehring,High Country Critters,Colorado Springs,CO,EL PASO,Pet Boarding and/or Training,3/2/2026,38.8519145,-104.6918602,80915.0,2024.0,,,,,,,,
1267.0,M&SH Enterprises LLC,Daisy's Bathtub,Colorado Springs,CO,EL PASO,Pet Grooming Facility - Primary Facility Owner,3/2/2026,38.8353142,-104.8216009,,2024.0,,,,,,,,
1268.0,"Majestic Canine Rescue, Inc.",,Yoder,CO,EL PASO,Pet Animal Sanctuary,3/2/2026,38.83978880000001,-104.2219735,,2024.0,,,,,,,,
1269.0,Making Tracks Dog Camp and Pet Care LLC,,Colorado Springs,CO,EL PASO,Pet Boarding and/or Training,3/2/2026,38.9680958,-104.7829533,80920.0,2024.0,,,,,,,,
1270.0,Making Tracks Dog Camp and Pet Care LLC,,Colorado Springs,CO,EL PASO,Pet Handler,3/2/2026,38.9680958,-104.7829533,80920.0,2024.0,,,,,,,,
1271.0,Margaret Negreen Aceves,Pride n' Joy Pet Grooming,Colorado Springs,CO,EL PASO,Pet Grooming Facility - Primary Facility Owner,3/2/2026,38.7754324,-104.8600205,80906.0,2024.0,,,,,,,,
1272.0,Mark W. Pace,Start To Finish,Colorado Springs,CO,EL PASO,Pet Boarding and/or Training,3/2/2026,38.8079202,-104.7578995,,2024.0,,,,,,,,
1273.0,Mark W. Pace,Start To Finish,Colorado Springs,CO,EL PASO,Pet Handler,3/2/2026,38.8079202,-104.7578995,,2024.0,,,,,,,,
1274.0,Mart Vazquez Bird Shop LLC,,Colorado Springs,CO,EL PASO,Retail / Wholesale of Pet Animals,3/2/2026,38.7388447,-104.7340432,80911.0,2024.0,,,,,,,,
1275.0,Mart Vazquez Bird Shop LLC,,Colorado Springs,CO,EL PASO,Bird Band,3/2/2026,38.7388447,-104.7340432,80911.0,2024.0,,,,,,,,
1276.0,Mary T Dugan,Mary's Cocker Haven,Peyton,CO,EL PASO,Small Scale Dog Breeder,3/2/2026,39.0284685,-104.4841284,80831.0,2024.0,,,,,,,,
1277.0,Mattersville,,Yoder,CO,EL PASO,Commercial Pet Animal Facility,3/2/2026,38.83978880000001,-104.2219735,,2024.0,,,,,,,,
1278.0,Mattersville,,Yoder,CO,EL PASO,Pet Animal Small Shelter,3/2/2026,38.83978880000001,-104.2219735,,2024.0,,,,,,,,
1279.0,McAllister Anderson & Turner LLC,Off-Leash K9 Training,Colorado Springs,CO,EL PASO,Pet Boarding and/or Training,3/2/2026,38.8353142,-104.8216009,,2024.0,,,,,,,,
1280.0,McAllister Anderson & Turner LLC,Off-Leash K9 Training,Colorado Springs,CO,EL PASO,Pet Handler,3/2/2026,38.8353142,-104.8216009,,2024.0,,,,,,,,
1281.0,MeeMah & Bone Pet Sitting Service LLC,,Colorado Springs,CO,EL PASO,Pet Handler,3/2/2026,38.8353142,-104.8216009,,2024.0,,,,,,,,
1282.0,Melissa Settle,Best Friends Pet Grooming,Colorado Springs,CO,EL PASO,Pet Grooming Facility - Primary Facility Owner,3/2/2026,38.8716908,-104.7989946,80907.0,2024.0,,,,,,,,
1283.0,"Midwest Veterinary Partners, LLC",Animal Hospital of Colorado Springs,Colorado Springs,CO,EL PASO,Pet Boarding and/or Training,3/2/2026,38.8353142,-104.8216009,,2024.0,,,,,,,,
1284.0,"Midwest Veterinary Partners, LLC",Animal Hospital of Colorado Springs,Colorado Springs,CO,EL PASO,Pet Grooming Facility - Primary Facility Owner,3/2/2026,38.8353142,-104.8216009,,2024.0,,,,,,,,
1285.0,Modish Mutt Cuts LLC,Modish Mutt Cuts,Colorado Springs,CO,EL PASO,Pet Grooming Facility - Primary Facility Owner,3/2/2026,38.8353142,-104.8216009,,2024.0,,,,,,,,
1286.0,Mountain Dogs Basecamp,,Colorado Springs,CO,EL PASO,Pet Boarding and/or Training,3/2/2026,38.837859,-104.7742,80909.0,2024.0,,,,,,,,
1287.0,Mountain Dogs Basecamp,,Colorado Springs,CO,EL PASO,Pet Grooming Facility - Primary Facility Owner,3/2/2026,38.837859,-104.7742,80909.0,2024.0,,,,,,,,
1288.0,Mountain Paws Grooming LLC,,Palmer Lake,CO,EL PASO,Pet Grooming Facility - Primary Facility Owner,3/2/2026,39.1032732,-104.886726,80133.0,2024.0,,,,,,,,
1289.0,Mutt Masters K9 Academy,Mutt Masters K9 Academy,Elbert,CO,EL PASO,Pet Boarding and/or Training,3/2/2026,39.0767497,-104.593912,80106.0,2024.0,,,,,,,,
1290.0,Mutt Masters K9 Academy,Mutt Masters K9 Academy,Elbert,CO,EL PASO,Pet Transporter,3/2/2026,39.0767497,-104.593912,80106.0,2024.0,,,,,,,,
1291.0,Mutt'Stache's Mobile Grooming,,Peyton,CO,EL PASO,Pet Grooming Facility - Mobile Groomer,3/2/2026,39.0284685,-104.4841284,80831.0,2024.0,,,,,,,,
1292.0,"My Mutt Makeovers, LLC",,Fountain,CO,EL PASO,Pet Grooming Facility - Primary Facility Owner,3/2/2026,38.6841369,-104.6991809,80817.0,2024.0,,,,,,,,
1293.0,Nancy L Praiswater,Country Critters,Monument,CO,EL PASO,Pet Grooming Facility - Primary Facility Owner,3/2/2026,39.0916586,-104.872758,,2024.0,,,,,,,,
1294.0,National Mill Dog Rescue,,Peyton,CO,EL PASO,Pet Animal Small Shelter,3/2/2026,38.9090526,-104.4418448,80831.0,2024.0,,,,,,,,
1295.0,"NBS East, LLC",Camp Bow Wow,Colorado Springs,CO,EL PASO,Pet Boarding and/or Training,3/2/2026,38.7974614,-104.732804,,2024.0,,,,,,,,
1296.0,"NBS East, LLC",Camp Bow Wow,Colorado Springs,CO,EL PASO,Pet Grooming Facility - Primary Facility Owner,3/2/2026,38.7974614,-104.732804,,2024.0,,,,,,,,
1297.0,"NBS East, LLC",Camp Bow Wow,Colorado Springs,CO,EL PASO,Pet Boarding and/or Training,3/2/2026,38.7974614,-104.732804,,2024.0,,,,,,,,
1298.0,"NBS East, LLC",Camp Bow Wow,Colorado Springs,CO,EL PASO,Pet Grooming Facility - Primary Facility Owner,3/2/2026,38.7974614,-104.732804,,2024.0,,,,,,,,
1299.0,NBS Monument LLC,Camp Bow Wow Monument,Monument,CO,EL PASO,Pet Boarding and/or Training,3/2/2026,39.0916586,-104.872758,,2024.0,,,,,,,,
1300.0,"Nev and Company Pet Services, LLC",,Fountain,CO,EL PASO,Pet Handler,3/2/2026,38.682219,-104.7008056,,2024.0,,,,,,,,
1301.0,Nicole Barrios,Bubbles and Daisy Pet Grooming and Boarding,Colorado Springs,CO,EL PASO,Pet Grooming Facility - Primary Facility Owner,3/2/2026,38.8353142,-104.8216009,,2024.0,,,,,,,,
1302.0,NVA Powers F/CF Veterinary Management LLC,Carefree Cats Veterinary Hospital,Colorado Springs,CO,EL PASO,Pet Boarding and/or Training,3/2/2026,38.8353142,-104.8216009,,2024.0,,,,,,,,
1303.0,NVA Woodmoor Veterinary Management LLC,Woodmoor Veterinary Hospital,Monument,CO,EL PASO,Pet Boarding and/or Training,3/2/2026,39.10138080000001,-104.8474794,80132.0,2024.0,,,,,,,,
1304.0,Obedience Games Dog Training,,Colorado Springs,CO,EL PASO,Pet Boarding and/or Training,3/2/2026,38.8353142,-104.8216009,,2024.0,,,,,,,,
1305.0,Obedience Games Dog Training,,Colorado Springs,CO,EL PASO,Pet Handler,3/2/2026,38.8353142,-104.8216009,,2024.0,,,,,,,,
1306.0,Off Switch Dog Training LLC,,Colorado Springs,CO,EL PASO,Pet Handler,3/2/2026,38.8353142,-104.8216009,,2024.0,,,,,,,,
1307.0,"Off The Leash, LLC",Sit Means Sit,Colorado Springs,CO,EL PASO,Pet Boarding and/or Training,3/2/2026,38.8353142,-104.8216009,,2024.0,,,,,,,,
1308.0,"Off The Leash, LLC",Sit Means Sit,Colorado Springs,CO,EL PASO,Pet Handler,3/2/2026,38.8353142,-104.8216009,,2024.0,,,,,,,,
1309.0,"Off The Leash, LLC",Sit Means Sit,Colorado Springs,CO,EL PASO,Pet Grooming Facility - Primary Facility Owner,3/2/2026,38.8353142,-104.8216009,,2024.0,,,,,,,,
1310.0,Okey Doggy LLC,,Colorado Springs,CO,EL PASO,Pet Grooming Facility - Primary Facility Owner,3/2/2026,38.7886069,-104.7533395,80916.0,2024.0,,,,,,,,
1311.0,One Dog at a Time,,Colorado Springs,CO,EL PASO,Pet Animal Small Rescue,3/2/2026,38.8843754,-104.8234587,80907.0,2024.0,,,,,,,,
1312.0,Pampered Paws Grooming,,Palmer Lake,CO,EL PASO,Pet Grooming Facility - Primary Facility Owner,3/2/2026,39.1004859,-104.8809226,80133.0,2024.0,,,,,,,,
1313.0,"Pampered Pups, LLC",,Palmer lake,CO,EL PASO,Pet Grooming Facility - Secondary Facility Owner,3/2/2026,39.1222138,-104.917204,,2024.0,,,,,,,,
1314.0,Paws N Hooves,,Monument,CO,EL PASO,Pet Animal Large Rescue,3/2/2026,39.0916586,-104.872758,,2024.0,,,,,,,,
1315.0,Peak Legacy Ranch,Peak Legacy Ranch,Peyton,CO,EL PASO,Retail / Wholesale of Pet Animals,3/2/2026,39.015415,-104.4945599,80831.0,2024.0,,,,,,,,
1316.0,Pet Pantry Inc,,Fountain,CO,EL PASO,Pet Grooming Facility - Self Wash Facility,3/2/2026,38.7165167,-104.6981771,80817.0,2024.0,,,,,,,,
1317.0,"Pet Pantry, Inc.",,Colorado Springs,CO,EL PASO,Pet Grooming Facility - Self Wash Facility,3/2/2026,38.9049191,-104.7732199,80918.0,2024.0,,,,,,,,
1318.0,"Pet Pantry, Inc.",,Colorado Springs,CO,EL PASO,Pet Grooming Facility - Self Wash Facility,3/2/2026,38.9049191,-104.7732199,80918.0,2024.0,,,,,,,,
1319.0,"Pet Pantry, Inc.",,Colorado Springs,CO,EL PASO,Pet Grooming Facility - Self Wash Facility,3/2/2026,38.9049191,-104.7732199,80918.0,2024.0,,,,,,,,
1320.0,Pet Relocator,,Colorado Springs,CO,EL PASO,Pet Handler,3/2/2026,38.8353142,-104.8216009,,2024.0,,,,,,,,
1321.0,"Petco Animal Supplies Store, Inc",Petco #0941,Colorado Springs,CO,EL PASO,Retail / Wholesale of Pet Animals,3/2/2026,38.8353142,-104.8216009,,2024.0,,,,,,,,
1322.0,"Petco Animal Supplies Store, Inc",Petco #0941,Colorado Springs,CO,EL PASO,Pet Grooming Facility - Primary Facility Owner,3/2/2026,38.8353142,-104.8216009,,2024.0,,,,,,,,
1323.0,"Petco Animal Supplies Store, Inc",Petco - 0917,Colorado Springs,CO,EL PASO,Retail / Wholesale of Pet Animals,3/2/2026,38.8353142,-104.8216009,,2024.0,,,,,,,,
1324.0,"Petco Animal Supplies Store, Inc",Petco - 0917,Colorado Springs,CO,EL PASO,Pet Grooming Facility - Primary Facility Owner,3/2/2026,38.8353142,-104.8216009,,2024.0,,,,,,,,
1325.0,"Petco Animal Supplies Store, Inc",,Colorado Springs,CO,EL PASO,Retail / Wholesale of Pet Animals,3/2/2026,38.8353142,-104.8216009,,2024.0,,,,,,,,
1326.0,"Petco Animal Supplies Store, Inc",,Colorado Springs,CO,EL PASO,Pet Grooming Facility - Primary Facility Owner,3/2/2026,38.8353142,-104.8216009,,2024.0,,,,,,,,
1327.0,"Petco Animal Supplies Store, Inc",,Colorado Springs,CO,EL PASO,Retail / Wholesale of Pet Animals,3/2/2026,38.8353142,-104.8216009,,2024.0,,,,,,,,
1328.0,"Petco Animal Supplies Store, Inc",,Colorado Springs,CO,EL PASO,Pet Grooming Facility - Primary Facility Owner,3/2/2026,38.8353142,-104.8216009,,2024.0,,,,,,,,
1329.0,"Petco Animal Supplies Store, Inc #1408",,Colorado Springs,CO,EL PASO,Retail / Wholesale of Pet Animals,3/2/2026,38.8751782,-104.7223474,80922.0,2024.0,,,,,,,,
1330.0,"Petco Animal Supplies Store, Inc #1408",,Colorado Springs,CO,EL PASO,Pet Grooming Facility - Primary Facility Owner,3/2/2026,38.8751782,-104.7223474,80922.0,2024.0,,,,,,,,
1331.0,"PetSmart, Inc",PetSmart #233,Colorado Springs,CO,EL PASO,Pet Boarding and/or Training,3/2/2026,38.8353142,-104.8216009,,2024.0,,,,,,,,
1332.0,"PetSmart, Inc",PetSmart #233,Colorado Springs,CO,EL PASO,Retail / Wholesale of Pet Animals,3/2/2026,38.8353142,-104.8216009,,2024.0,,,,,,,,
1333.0,"PetSmart, Inc",PetSmart #233,Colorado Springs,CO,EL PASO,Pet Grooming Facility - Primary Facility Owner,3/2/2026,38.8353142,-104.8216009,,2024.0,,,,,,,,
1334.0,"Petsmart, Inc.",PetSmart - 1893,Monument,CO,EL PASO,Pet Boarding and/or Training,3/2/2026,39.0663094,-104.850296,80132.0,2024.0,,,,,,,,
1335.0,"Petsmart, Inc.",PetSmart - 1893,Monument,CO,EL PASO,Retail / Wholesale of Pet Animals,3/2/2026,39.0663094,-104.850296,80132.0,2024.0,,,,,,,,
1336.0,"Petsmart, Inc.",PetSmart - 1893,Monument,CO,EL PASO,Pet Grooming Facility - Primary Facility Owner,3/2/2026,39.0663094,-104.850296,80132.0,2024.0,,,,,,,,
1337.0,"PetSmart, Inc.",PetSmart - 1002,Colorado Springs,CO,EL PASO,Retail / Wholesale of Pet Animals,3/2/2026,38.8353142,-104.8216009,,2024.0,,,,,,,,
1338.0,"PetSmart, Inc.",PetSmart - 1002,Colorado Springs,CO,EL PASO,Pet Grooming Facility - Primary Facility Owner,3/2/2026,38.8353142,-104.8216009,,2024.0,,,,,,,,
1339.0,"Petsmart, Inc.",PetSmart - 1124,Colorado Springs,CO,EL PASO,Retail / Wholesale of Pet Animals,3/2/2026,38.8353142,-104.8216009,,2024.0,,,,,,,,
1340.0,"Petsmart, Inc.",PetSmart - 1124,Colorado Springs,CO,EL PASO,Pet Grooming Facility - Primary Facility Owner,3/2/2026,38.8353142,-104.8216009,,2024.0,,,,,,,,
1341.0,"PetSmart, Inc.",PetSmart #232,Colorado Springs,CO,EL PASO,Retail / Wholesale of Pet Animals,3/2/2026,38.8353142,-104.8216009,,2024.0,,,,,,,,
1342.0,"PetSmart, Inc.",PetSmart #232,Colorado Springs,CO,EL PASO,Pet Grooming Facility - Primary Facility Owner,3/2/2026,38.8353142,-104.8216009,,2024.0,,,,,,,,
1343.0,Pikes Peak Doodles Inc.,Pikes Peak Doodles,Colorado Springs,CO,EL PASO,Small Scale Dog Breeder,3/2/2026,38.8442468,-104.8559884,,2024.0,,,,,,,,
1344.0,Pinecone Pups LLC,,Colorado Springs,CO,EL PASO,Pet Boarding and/or Training,3/2/2026,38.8435694,-104.8593912,80904.0,2024.0,,,,,,,,
1345.0,Pinnacle K9 Training,,Elbert,CO,EL PASO,Pet Boarding and/or Training,3/2/2026,39.0443272,-104.5874285,80106.0,2024.0,,,,,,,,
1346.0,Pinnacle K9 Training,,Elbert,CO,EL PASO,Pet Handler,3/2/2026,39.0443272,-104.5874285,80106.0,2024.0,,,,,,,,
1347.0,Pinnacle K9 Training,,Elbert,CO,EL PASO,Small Scale Dog Breeder,3/2/2026,39.0443272,-104.5874285,80106.0,2024.0,,,,,,,,
1348.0,Pinnacle K9 Training,,Elbert,CO,EL PASO,Pet Grooming Facility - Primary Facility Owner,3/2/2026,39.0443272,-104.5874285,80106.0,2024.0,,,,,,,,
1349.0,Pitter Patter LLC,Friendly Paws Grooming,Colorado Springs,CO,EL PASO,Pet Grooming Facility - Secondary Facility Owner,3/2/2026,38.8353142,-104.8216009,,2024.0,,,,,,,,
1350.0,"PNP Global Enterprises, Inc.",Furry Land Mobil Grooming of Colorado Springs,Colorado Springs,CO,EL PASO,Pet Grooming Facility - Mobile Groomer,3/2/2026,38.88984,-104.8765546,80919.0,2024.0,,,,,,,,
1351.0,Pocket Pet Grooming LLC,,Colorado Springs,CO,EL PASO,Pet Grooming Facility - Mobile Groomer,3/2/2026,38.8353142,-104.8216009,,2024.0,,,,,,,,
1352.0,Potcake Pet Grooming LLC,Happy Hounds,Colorado Springs,CO,EL PASO,Pet Grooming Facility - Primary Facility Owner,3/2/2026,38.8353142,-104.8216009,,2024.0,,,,,,,,
1353.0,"Precious Pals, Inc.",Pet City,Colorado Springs,CO,EL PASO,Retail / Wholesale of Pet Animals,3/2/2026,38.8353142,-104.8216009,,2024.0,,,,,,,,
1354.0,Pretty Bitches Mobile Grooming LLC,Pretty Bitches Mobile Grooming LLC,Colorado Springs,CO,EL PASO,Pet Grooming Facility - Mobile Groomer,3/2/2026,38.8353142,-104.8216009,,2024.0,,,,,,,,
1355.0,"Pup Club, LLC",,Colorado Springs,CO,EL PASO,Pet Boarding and/or Training,3/2/2026,39.0320621,-104.6700454,80908.0,2024.0,,,,,,,,
1356.0,Rachel's Spaw,Friendly Paws Grooming,Colorado Springs,CO,EL PASO,Pet Grooming Facility - Secondary Facility Owner,3/2/2026,38.9614274,-104.7977265,80920.0,2024.0,,,,,,,,
1357.0,"Rampart Kennels, LLC",,Colorado Springs,CO,EL PASO,Pet Boarding and/or Training,3/2/2026,38.917294,-104.72444,80923.0,2024.0,,,,,,,,
1358.0,"Rampart Kennels, LLC",,Colorado Springs,CO,EL PASO,Pet Grooming Facility - Primary Facility Owner,3/2/2026,38.917294,-104.72444,80923.0,2024.0,,,,,,,,
1359.0,ReefKoi Corals,,Colorado Springs,CO,EL PASO,Aquarium Only,3/2/2026,38.8888678,-104.7552388,80917.0,2024.0,,,,,,,,
1360.0,Renee A Dolen,A Cut Above,Colorado Springs,CO,EL PASO,Pet Grooming Facility - Primary Facility Owner,3/2/2026,38.8843754,-104.8234587,80907.0,2024.0,,,,,,,,
1361.0,Reptile Foods & More LLC,,Peyton,CO,EL PASO,Retail / Wholesale of Pet Animals,3/2/2026,38.9545024,-104.5779938,80831.0,2024.0,,,,,,,,
1362.0,Reptile Foods & More LLC,,Peyton,CO,EL PASO,Small Animal Breeder,3/2/2026,38.9545024,-104.5779938,80831.0,2024.0,,,,,,,,
1363.0,Republic of Paws LLC,Republic of Paws,Colorado Springs,CO,EL PASO,Pet Grooming Facility - Primary Facility Owner,3/2/2026,38.8353142,-104.8216009,,2024.0,,,,,,,,
1364.0,Republic of Paws LLC,Republic of Paws - South,Colorado Springs,CO,EL PASO,Pet Grooming Facility - Primary Facility Owner,3/2/2026,38.8353142,-104.8216009,,2024.0,,,,,,,,
1365.0,Republic of Paws North,Republic of Paws - North,Colorado Springs,CO,EL PASO,Pet Grooming Facility - Primary Facility Owner,3/2/2026,38.8353142,-104.8216009,,2024.0,,,,,,,,
1366.0,Richard Fiddler,Broadmoor Mobile Dog Grooming,Colorado Springs,CO,EL PASO,Pet Grooming Facility - Mobile Groomer,3/2/2026,38.8330427,-104.819694,80903.0,2024.0,,,,,,,,
1367.0,"RJ Promotions, Inc.",Colorado Springs Pet Expo,Colorado Springs,CO,EL PASO,Retail / Wholesale of Pet Animals,3/2/2026,38.8353142,-104.8216009,,2024.0,,,,,,,,
1368.0,"Roachan's, Inc.",Countryside Pet Care,Colorado Springs,CO,EL PASO,Pet Boarding and/or Training,3/2/2026,38.8353142,-104.8216009,,2024.0,,,,,,,,
1369.0,"Roachan's, Inc.",Countryside Pet Care,Colorado Springs,CO,EL PASO,Pet Grooming Facility - Primary Facility Owner,3/2/2026,38.8353142,-104.8216009,,2024.0,,,,,,,,
1370.0,Rocky Mountain Battle Buddies,,Fountain,CO,EL PASO,Retail / Wholesale of Pet Animals,3/2/2026,38.682219,-104.7008056,,2024.0,,,,,,,,
1371.0,Rocky Mountain Battle Buddies,,Fountain,CO,EL PASO,Pet Animal Small Rescue,3/2/2026,38.682219,-104.7008056,,2024.0,,,,,,,,
1372.0,Roman's PFR Dogs,Project Freedom Ride,Evans,GA,EL PASO,Pet Transporter,3/2/2026,33.5337464,-82.1306747,,2024.0,,,,,,,,
1373.0,S T East LLC,Scales N Tails (Reptiles),Colorado Springs,CO,EL PASO,Retail / Wholesale of Pet Animals,3/2/2026,38.8840667,-104.8245703,80907.0,2024.0,,,,,,,,
1374.0,S T East LLC,Scales N Tails (Reptiles),Colorado Springs,CO,EL PASO,Small Animal Breeder,3/2/2026,38.8840667,-104.8245703,80907.0,2024.0,,,,,,,,
1375.0,S T East LLC,Scales N Tails (Reptiles),Colorado Springs,CO,EL PASO,Pet Animal Large Shelter,3/2/2026,38.8840667,-104.8245703,80907.0,2024.0,,,,,,,,
1376.0,S T North LLC,Scales N' Tails (Reptiles),Colorado Springs,CO,EL PASO,Retail / Wholesale of Pet Animals,3/2/2026,38.8840667,-104.8245703,80907.0,2024.0,,,,,,,,
1377.0,S T North LLC,Scales N' Tails (Reptiles),Colorado Springs,CO,EL PASO,Small Animal Breeder,3/2/2026,38.8840667,-104.8245703,80907.0,2024.0,,,,,,,,
1378.0,S T North LLC,Scales N' Tails (Reptiles),Colorado Springs,CO,EL PASO,Pet Animal Large Shelter,3/2/2026,38.8840667,-104.8245703,80907.0,2024.0,,,,,,,,
1379.0,"Safe Place for Pets, Inc.","Safe Place form Pets, Inc",Colorado Springs,CO,EL PASO,Pet Animal Small Shelter,3/2/2026,38.9228181,-104.8443009,80919.0,2024.0,,,,,,,,
1380.0,Saving Dobermankind Animal Rescue,Saving Dobermankind,Fountain,CO,EL PASO,Pet Animal Small Rescue,3/2/2026,38.682219,-104.7008056,,2024.0,,,,,,,,
1381.0,S'Barkles Grooming,,Peyton,CO,EL PASO,Pet Grooming Facility - Primary Facility Owner,3/2/2026,38.973702,-104.6242147,80831.0,2024.0,,,,,,,,
1382.0,Scarlett Terry,Excited Paws Hiking COS,Colorado Springs,CO,EL PASO,Pet Handler,3/2/2026,38.8310668,-104.8449884,80905.0,2024.0,,,,,,,,
1383.0,"Seascape Aquatics, Inc",,Colorado Springs,CO,EL PASO,Aquarium Only,3/2/2026,38.9034544,-104.7754861,80918.0,2024.0,,,,,,,,
1384.0,Serendipity Pet Transport LLC,,Colorado Springs,CO,EL PASO,Pet Handler,3/2/2026,38.8774155,-104.7533629,80917.0,2024.0,,,,,,,,
1385.0,Serenity Paws LLC,,Colorado Springs,CO,EL PASO,Pet Boarding and/or Training,3/2/2026,39.0105793,-104.8062077,80921.0,2024.0,,,,,,,,
1386.0,Serenity Paws LLC,,Colorado Springs,CO,EL PASO,Pet Handler,3/2/2026,39.0105793,-104.8062077,80921.0,2024.0,,,,,,,,
1387.0,Serenity Paws LLC,,Colorado Springs,CO,EL PASO,Pet Grooming Facility - Primary Facility Owner,3/2/2026,39.0105793,-104.8062077,80921.0,2024.0,,,,,,,,
1388.0,SG Pet Services LLC,"The Pooch Mobile , Monument",Colorado Springs,CO,EL PASO,Pet Grooming Facility - Mobile Groomer,3/2/2026,39.0024893,-104.7987141,80921.0,2024.0,,,,,,,,
1389.0,Shaman's Way Dog Training LLC,Shaman?s Way Dog Training,Colorado Springs,CO,EL PASO,Pet Handler,3/2/2026,38.852708,-104.7002511,80915.0,2024.0,,,,,,,,
1390.0,Shining Star Doodles,,Colorado Springs,CO,EL PASO,Small Scale Dog Breeder,3/2/2026,38.775239,-104.6510918,80925.0,2024.0,,,,,,,,
1391.0,"Show Me Reptiles, LLC",Show Me Reptiles & Exotics Show,Colorado Springs,CO,EL PASO,Retail / Wholesale of Pet Animals,3/2/2026,38.9307783,-104.7956122,80918.0,2024.0,,,,,,,,
1392.0,Sister's Pooch Caboose,,Colorado Springs,CO,EL PASO,Pet Grooming Facility - Mobile Groomer,3/2/2026,38.9386256,-104.7138314,,2024.0,,,,,,,,
1393.0,Skinner Services LLC,Maxty Pets,Colorado Springs,CO,EL PASO,Pet Grooming Facility - Primary Facility Owner,3/2/2026,38.8306522,-104.7870092,80910.0,2024.0,,,,,,,,
1394.0,Small Senior Paws Retirement Village,,Peyton,CO,EL PASO,Pet Animal Sanctuary,3/2/2026,39.0284685,-104.4841284,80831.0,2024.0,,,,,,,,
1395.0,Snowy Goldens LLC,,Calhan,CO,EL PASO,Large Scale Dog Breeder,3/2/2026,39.02586820000001,-104.3900066,80808.0,2024.0,,,,,,,,
1396.0,"Soggy Doggies Grooming, LLC",,Colorado Springs,CO,EL PASO,Pet Grooming Facility - Mobile Groomer,3/2/2026,38.8463998,-104.73145,80915.0,2024.0,,,,,,,,
1397.0,Spirit Keeper Equine Sanctuary,Spirit Keeper Animal Sanctuary,Yoder,CO,EL PASO,Pet Animal Sanctuary,3/2/2026,38.83978880000001,-104.2219735,,2024.0,,,,,,,,
1398.0,Spreier Limited LLC,Splash Bath,Peyton,CO,EL PASO,Pet Grooming Facility - Primary Facility Owner,3/2/2026,39.0284685,-104.4841284,80831.0,2024.0,,,,,,,,
1399.0,Stacey Gunter,The Pet Pawlor,Colorado Springs,CO,EL PASO,Pet Grooming Facility - Primary Facility Owner,3/2/2026,38.8685094,-104.7440952,80915.0,2024.0,,,,,,,,
1400.0,Studio Pooch grooming LLC,,Colorado Springs,CO,EL PASO,Pet Grooming Facility - Mobile Groomer,3/2/2026,38.8845986,-104.790529,80907.0,2024.0,,,,,,,,
1401.0,Stylin' Kay9's,,Colorado Springs,CO,EL PASO,Pet Grooming Facility - Primary Facility Owner,3/2/2026,38.8353142,-104.8216009,,2024.0,,,,,,,,
1402.0,SunDaisy Grooming Salon,,Colorado Springs,CO,EL PASO,Pet Grooming Facility - Mobile Groomer,3/2/2026,38.9426969,-104.7746411,80920.0,2024.0,,,,,,,,
1403.0,"Sunrise Kennels, Inc.",Woodmen Kennels,Colorado Springs,CO,EL PASO,Pet Boarding and/or Training,3/2/2026,38.9259271,-104.8117202,80918.0,2024.0,,,,,,,,
1404.0,"Sunrise Kennels, Inc.",Woodmen Kennels,Colorado Springs,CO,EL PASO,Pet Grooming Facility - Primary Facility Owner,3/2/2026,38.9259271,-104.8117202,80918.0,2024.0,,,,,,,,
1405.0,"Sunrise Kennels, Inc.",Woodmen Kennels / Sunrise Dog Training Center,Colorado Springs,CO,EL PASO,Pet Boarding and/or Training,3/2/2026,38.9259271,-104.8117202,80918.0,2024.0,,,,,,,,
1406.0,"Sunrise Kennels, Inc.",Woodmen Kennels / Sunrise Dog Training Center,Colorado Springs,CO,EL PASO,Pet Grooming Facility - Primary Facility Owner,3/2/2026,38.9259271,-104.8117202,80918.0,2024.0,,,,,,,,
1407.0,Sunrise Service Dogs,,Colorado Springs,CO,EL PASO,Pet Animal Small Rescue,3/2/2026,38.9263432,-104.8115491,80918.0,2024.0,,,,,,,,
1408.0,Super Suds Car and Dog Wash,,Colorado Springs,CO,EL PASO,Pet Grooming Facility - Self Wash Facility,3/2/2026,38.9403762,-104.6997756,80923.0,2024.0,,,,,,,,
1409.0,Suzanne Alton,"Bath, Brush, and Beyond",Peyton,CO,EL PASO,Pet Grooming Facility - Primary Facility Owner,3/2/2026,39.0284685,-104.4841284,80831.0,2024.0,,,,,,,,
1410.0,Tail Town,Tail Town,Colorado Springs,CO,EL PASO,Pet Grooming Facility - Mobile Groomer,3/2/2026,38.8353142,-104.8216009,,2024.0,,,,,,,,
1411.0,Taysia Blue Siberian Husky Rescue in Nebraska,Taysia Blue Rescue,Colorado Springs,CO,EL PASO,Pet Animal Small Rescue,3/2/2026,38.8353142,-104.8216009,,2024.0,,,,,,,,
1412.0,TEAM HATFIELD INC,The Dog Stop Colorado Springs Airport,Colorado Springs,CO,EL PASO,Pet Boarding and/or Training,3/2/2026,38.8983888,-104.8451581,80907.0,2024.0,,,,,,,,
1413.0,TEAM HATFIELD INC,The Dog Stop Colorado Springs Airport,Colorado Springs,CO,EL PASO,Pet Grooming Facility - Primary Facility Owner,3/2/2026,38.8983888,-104.8451581,80907.0,2024.0,,,,,,,,
1414.0,Tender Care Veterinary Center of Gleneagle,,Colorado Springs,CO,EL PASO,Pet Grooming Facility - Primary Facility Owner,3/2/2026,39.0233332,-104.820158,80921.0,2024.0,,,,,,,,
1415.0,"Tender Care Veterinary Center, Inc.",,Peyton,CO,EL PASO,Pet Grooming Facility - Primary Facility Owner,3/2/2026,39.0284685,-104.4841284,80831.0,2024.0,,,,,,,,
1416.0,Teresa Rooney,Pet Grooming in the Forest,Peyton,CO,EL PASO,Pet Grooming Facility - Primary Facility Owner,3/2/2026,39.0284685,-104.4841284,80831.0,2024.0,,,,,,,,
1417.0,The Barkershop Mobile Grooming LLC,,Colorado Springs,CO,EL PASO,Pet Grooming Facility - Mobile Groomer,3/2/2026,38.8353142,-104.8216009,,2024.0,,,,,,,,
1418.0,The Biscuit Factory,,Colorado Springs,CO,EL PASO,Pet Animal Small Rescue,3/2/2026,38.8476011,-104.8624841,80904.0,2024.0,,,,,,,,
1419.0,The Classy Canine LLC,The Classy Canine Pet Spa,Colorado Springs,CO,EL PASO,Pet Grooming Facility - Primary Facility Owner,3/2/2026,38.9295681,-104.7948433,80918.0,2024.0,,,,,,,,
1420.0,"The Colorado Dog Training Company, LLC",The Colorado Dog Training Co.,Colorado Springs,CO,EL PASO,Pet Boarding and/or Training,3/2/2026,38.8353142,-104.8216009,,2024.0,,,,,,,,
1421.0,"The Colorado Dog Training Company, LLC",The Colorado Dog Training Co.,Colorado Springs,CO,EL PASO,Pet Handler,3/2/2026,38.8353142,-104.8216009,,2024.0,,,,,,,,
1422.0,"The Doggie Barber, LLC",,Fountain,CO,EL PASO,Pet Grooming Facility - Mobile Groomer,3/2/2026,38.682219,-104.7008056,,2024.0,,,,,,,,
1423.0,The Furologist Pet Services,,Colorado Springs,CO,EL PASO,Pet Grooming Facility - Primary Facility Owner,3/2/2026,38.9295673,-104.794877,80918.0,2024.0,,,,,,,,
1424.0,The Hound Tonsorium,The Hound Tonsorium,Colorado Springs,CO,EL PASO,Pet Grooming Facility - Primary Facility Owner,3/2/2026,38.8509205,-104.8692956,80904.0,2024.0,,,,,,,,
1425.0,The Old Mutt Hut,,Calhan,CO,EL PASO,Pet Animal Sanctuary,3/2/2026,39.0355459,-104.297186,80808.0,2024.0,,,,,,,,
1426.0,The Pet Gal LLC,,Colorado Springs,CO,EL PASO,Pet Handler,3/2/2026,38.8353142,-104.8216009,,2024.0,,,,,,,,
1427.0,"The Sunspider Group, Inc.",Tailored Tails Grooming Salon & Pet Spa,Colorado Springs,CO,EL PASO,Pet Grooming Facility - Primary Facility Owner,3/2/2026,38.8353142,-104.8216009,,2024.0,,,,,,,,
1428.0,Thomas Broadhead,"Broadhead Creations, Summit Doodles",Colorado Springs,CO,EL PASO,Small Scale Dog Breeder,3/2/2026,38.795657,-104.813142,80906.0,2024.0,,,,,,,,
1429.0,Timberview Animal Hospital PC,,Colorado Springs,CO,EL PASO,Pet Grooming Facility - Primary Facility Owner,3/2/2026,39.00247359999999,-104.7992342,80921.0,2024.0,,,,,,,,
1430.0,Timberview Animal Hospital PC,,Colorado Springs,CO,EL PASO,Pet Boarding and/or Training,3/2/2026,39.00247359999999,-104.7992342,80921.0,2024.0,,,,,,,,
1431.0,Tobin's Freedom Rides,,Colorado Springs,CO,EL PASO,Pet Transporter,3/2/2026,38.9844603,-104.6917228,80908.0,2024.0,,,,,,,,
1432.0,TriBullz Club LLC,,Peyton,CO,EL PASO,Small Scale Dog Breeder,3/2/2026,39.0284685,-104.4841284,80831.0,2024.0,,,,,,,,
1433.0,Tropical Treasures,,Colorado Springs,CO,EL PASO,Aquarium Only,3/2/2026,38.8372756,-104.7884061,80909.0,2024.0,,,,,,,,
1434.0,"Tumbleweed Country Kennels, LLC",,Fountain,CO,EL PASO,Pet Boarding and/or Training,3/2/2026,38.6490592,-104.685379,80817.0,2024.0,,,,,,,,
1435.0,"Tumbleweed Country Kennels, LLC",,Fountain,CO,EL PASO,Pet Handler,3/2/2026,38.6490592,-104.685379,80817.0,2024.0,,,,,,,,
1436.0,"Tumbleweed Country Kennels, LLC",,Fountain,CO,EL PASO,Pet Grooming Facility - Primary Facility Owner,3/2/2026,38.6490592,-104.685379,80817.0,2024.0,,,,,,,,
1437.0,Twisted Tails LLC,Marie Pauciello,Palmer Lake,CO,EL PASO,Pet Grooming Facility - Secondary Facility Owner,3/2/2026,39.1032732,-104.886726,80133.0,2024.0,,,,,,,,
1438.0,Two Shepherds LLC,Friendly Paws Pet Grooming Salon,Colorado Springs,CO,EL PASO,Pet Grooming Facility - Primary Facility Owner,3/2/2026,38.7924925,-104.8455931,80906.0,2024.0,,,,,,,,
1439.0,Under the Sun Doggie Daycare and Dog Park LLC,Under the Sun Dogs LLC,Colorado Springs,CO,EL PASO,Pet Boarding and/or Training,3/2/2026,38.9263588,-104.8116835,80918.0,2024.0,,,,,,,,
1440.0,Ups And Downs Transport LLC,,Colorado Springs,CO,EL PASO,Pet Handler,3/2/2026,38.8329172,-104.8349166,80905.0,2024.0,,,,,,,,
1441.0,"VCA Animal Hospitals, Inc.",VCA Northwest Animal Hospital,Colorado Springs,CO,EL PASO,Pet Boarding and/or Training,3/2/2026,38.8353142,-104.8216009,,2024.0,,,,,,,,
1442.0,"VCA Animal Hospitals, Inc.",VCA Northwest Animal Hospital,Colorado Springs,CO,EL PASO,Pet Grooming Facility - Primary Facility Owner,3/2/2026,38.8353142,-104.8216009,,2024.0,,,,,,,,
1443.0,"Venheim Consulting Group, Inc.",Premier Car Wash,Colorado Springs,CO,EL PASO,Pet Grooming Facility - Self Wash Facility,3/2/2026,38.8353142,-104.8216009,,2024.0,,,,,,,,
1444.0,Veronica McGrew,Moose's Muddy Mutts Mobile Grooming,Calhan,CO,EL PASO,Pet Grooming Facility - Mobile Groomer,3/2/2026,39.0355459,-104.297186,80808.0,2024.0,,,,,,,,
1445.0,Veta Guerra,"Doggie Styling,Puppy Dog Tails",Colorado Springs,CO,EL PASO,Pet Grooming Facility - Primary Facility Owner,3/2/2026,38.8633337,-104.7556112,80909.0,2024.0,,,,,,,,
1446.0,VetCor of Colorado LLC,Polo Springs Veterinary Hospital,Colorado Springs,CO,EL PASO,Pet Boarding and/or Training,3/2/2026,38.8353142,-104.8216009,,2024.0,,,,,,,,
1447.0,VetCor of Colorado LLC,Polo Springs Veterinary Hospital,Colorado Springs,CO,EL PASO,Pet Grooming Facility - Primary Facility Owner,3/2/2026,38.8353142,-104.8216009,,2024.0,,,,,,,,
1448.0,Waggin' Tails Doggy Day Camp,,Colorado Springs,CO,EL PASO,Pet Boarding and/or Training,3/2/2026,38.8328038,-104.8630248,80904.0,2024.0,,,,,,,,
1449.0,Wagging Dog Rescue,,Colorado Springs,CO,EL PASO,Pet Animal Small Rescue,3/2/2026,38.8353142,-104.8216009,,2024.0,,,,,,,,
1450.0,Wedding Pet Attendant,,Colorado Springs,CO,EL PASO,Pet Handler,3/2/2026,38.8353142,-104.8216009,,2024.0,,,,,,,,
1451.0,Wendy Booth,Canine Corner,Colorado Springs,CO,EL PASO,Pet Grooming Facility - Primary Facility Owner,3/2/2026,38.8353142,-104.8216009,,2024.0,,,,,,,,
1452.0,What the Fluff grooming by Karen,Mobile Pet groomer,Colorado Springs,CO,EL PASO,Pet Grooming Facility - Mobile Groomer,3/2/2026,38.8353142,-104.8216009,,2024.0,,,,,,,,
1453.0,"Whimpers to Wags Rescue, Inc.",,Colorado Springs,CO,EL PASO,Pet Animal Small Rescue,3/2/2026,38.8353142,-104.8216009,,2024.0,,,,,,,,
1454.0,White Rose Sanctuary,,Colorado Springs,CO,EL PASO,Pet Animal Small Rescue,3/2/2026,38.8338816,-104.8213634,80903.0,2024.0,,,,,,,,
1455.0,Wild Blue Cats!,Wild Blue Animal Rescue and Sanctuary,Colorado Springs,CO,EL PASO,Pet Animal Small Shelter,3/2/2026,38.9960434,-104.7158911,80908.0,2024.0,,,,,,,,
1456.0,Wild Blue Cats!,Wild Blue Animal Rescue and Sanctuary,Colorado Springs,CO,EL PASO,Pet Transporter,3/2/2026,38.9960434,-104.7158911,80908.0,2024.0,,,,,,,,
1457.0,WNW Pet LLC,Wag N Wash,Colorado Springs,CO,EL PASO,Pet Grooming Facility - Primary Facility Owner,3/2/2026,38.8353142,-104.8216009,,2024.0,,,,,,,,
1458.0,WNW Pet LLC,Wag N Wash,Colorado Springs,CO,EL PASO,Pet Grooming Facility - Primary Facility Owner,3/2/2026,38.8353142,-104.8216009,,2024.0,,,,,,,,
1459.0,WNW Pet LLC,Wag N Wash,Colorado Springs,CO,EL PASO,Pet Grooming Facility - Primary Facility Owner,3/2/2026,38.8353142,-104.8216009,,2024.0,,,,,,,,
1460.0,Woofland Play and Stay,,Colorado Springs,CO,EL PASO,Pet Boarding and/or Training,3/2/2026,38.885143,-104.81997,80907.0,2024.0,,,,,,,,
1461.0,Woofland Play and Stay,,Colorado Springs,CO,EL PASO,Pet Grooming Facility - Primary Facility Owner,3/2/2026,38.885143,-104.81997,80907.0,2024.0,,,,,,,,
1462.0,"Wulfe, Inc.",Smudge Car & Dog Wash,Colorado Springs,CO,EL PASO,Pet Boarding and/or Training,3/2/2026,38.870906,-104.8690852,80904.0,2024.0,,,,,,,,
1463.0,"Wulfe, Inc.",Smudge Car & Dog Wash,Colorado Springs,CO,EL PASO,Pet Grooming Facility - Primary Facility Owner,3/2/2026,38.870906,-104.8690852,80904.0,2024.0,,,,,,,,
1464.0,Your Pets Are Fine LLC,,Colorado Springs,CO,EL PASO,Pet Grooming Facility - Mobile Groomer,3/2/2026,38.8353142,-104.8216009,,2024.0,,,,,,,,
1465.0,Yvette Thompson,Grooming by Yvette,Colorado Springs,CO,EL PASO,Pet Grooming Facility - Primary Facility Owner,3/2/2026,39.0817425,-104.7141104,80908.0,2024.0,,,,,,,,
1466.0,"Zdorovo Enterprises, LLC",Pawcassos,Colorado Springs,CO,EL PASO,Pet Grooming Facility - Primary Facility Owner,3/2/2026,38.8353142,-104.8216009,,2024.0,,,,,,,,
1467.0,Zuzu's Pet Spa LLC,,Colorado Springs,CO,EL PASO,Pet Grooming Facility - Primary Facility Owner,3/2/2026,38.8353142,-104.8216009,,2024.0,,,,,,,,
1468.0,Zyzxx LLC,5 Star Car Wash,Colorado Springs,CO,EL PASO,Pet Grooming Facility - Self Wash Facility,3/2/2026,38.8353142,-104.8216009,,2024.0,,,,,,,,
1469.0,Aspen Ragdolls,,Elbert,CO,ELBERT,Cat Breeder,3/2/2026,39.2298968,-104.5641561,80106.0,2024.0,,,,,,,,
1470.0,"Barkin Barn, LLC",,Elizabeth,CO,ELBERT,Pet Boarding and/or Training,3/2/2026,39.446935,-104.597694,80107.0,2024.0,,,,,,,,
1471.0,"Barkin Barn, LLC",,Elizabeth,CO,ELBERT,Pet Handler,3/2/2026,39.446935,-104.597694,80107.0,2024.0,,,,,,,,
1472.0,Bichon Frise Get Away,House of Fuzzypups,Parker,CO,ELBERT,Pet Boarding and/or Training,3/2/2026,39.5186002,-104.7613633,,2024.0,,,,,,,,
1473.0,Bichon Frise Get Away,House of Fuzzypups,Parker,CO,ELBERT,Pet Grooming Facility - Primary Facility Owner,3/2/2026,39.5186002,-104.7613633,,2024.0,,,,,,,,
1474.0,"Brush,Bath & Beyond inc.",,Kiowa,CO,ELBERT,Pet Grooming Facility - Primary Facility Owner,3/2/2026,39.3625266,-104.5967082,80107.0,2024.0,,,,,,,,
1475.0,"Charnobragan Acres, LLC",,Elizabeth,CO,ELBERT,Small Scale Dog Breeder,3/2/2026,39.312949,-104.639537,80107.0,2024.0,,,,,,,,
1476.0,"Colorado's Finest Kennels and Ranch, LLC",",Colorados Finest Sporting Dogs,Willys Mountain View Kennels",Elizabeth,CO,ELBERT,Large Scale Dog Breeder,3/2/2026,39.2720539,-104.6461675,80107.0,2024.0,,,,,,,,
1477.0,Creature Comforts Pet Hotel,,Parker,CO,ELBERT,Pet Boarding and/or Training,3/2/2026,39.5447486,-104.7730931,80134.0,2024.0,,,,,,,,
1478.0,Creature Comforts Pet Hotel,,Parker,CO,ELBERT,Bird Breeder,3/2/2026,39.5447486,-104.7730931,80134.0,2024.0,,,,,,,,
1479.0,Creature Comforts Pet Hotel,,Parker,CO,ELBERT,Small Animal Breeder,3/2/2026,39.5447486,-104.7730931,80134.0,2024.0,,,,,,,,
1480.0,Creature Comforts Pet Hotel,,Parker,CO,ELBERT,Bird Band,3/2/2026,39.5447486,-104.7730931,80134.0,2024.0,,,,,,,,
1481.0,Daryana's Backyard LTD,Daryana's Backyard,Elizabeth,CO,ELBERT,Pet Boarding and/or Training,3/2/2026,39.5458918,-104.5871893,80107.0,2024.0,,,,,,,,
1482.0,Daryana's Backyard LTD,Daryana's Backyard,Elizabeth,CO,ELBERT,Pet Handler,3/2/2026,39.5458918,-104.5871893,80107.0,2024.0,,,,,,,,
1483.0,Daryana's Backyard LTD,Daryana's Backyard,Elizabeth,CO,ELBERT,Pet Grooming Facility - Primary Facility Owner,3/2/2026,39.5458918,-104.5871893,80107.0,2024.0,,,,,,,,
1484.0,El Paso County Canine Rescue,,Elbert,CO,ELBERT,Pet Animal Large Rescue,3/2/2026,38.9108325,-104.4723301,,2024.0,,,,,,,,
1485.0,Fuzzy Pets Grooming,,Elizabeth,CO,ELBERT,Pet Grooming Facility - Primary Facility Owner,3/2/2026,39.3609531,-104.591886,80107.0,2024.0,,,,,,,,
1486.0,Gigi's Groom & Board LLC,Gigi's Grooming,Elizabeth,CO,ELBERT,Pet Grooming Facility - Primary Facility Owner,3/2/2026,39.36066599999999,-104.6102806,80107.0,2024.0,,,,,,,,
1487.0,Gigi's Groom & Board LLC,Gigi's Grooming,Elizabeth,CO,ELBERT,Pet Boarding and/or Training,3/2/2026,39.36066599999999,-104.6102806,80107.0,2024.0,,,,,,,,
1488.0,Grace Nichols,Royalty's Farm,Elizabeth,CO,ELBERT,Small Scale Dog Breeder,3/2/2026,39.3602662,-104.596915,80107.0,2024.0,,,,,,,,
1489.0,High Country Basset Hound Rescue,,Elizabeth,CO,ELBERT,Pet Animal Small Rescue,3/2/2026,39.4388472,-104.5056217,80107.0,2024.0,,,,,,,,
1490.0,"Highlands Australian Labradoodles, Inc.",,Elizabeth,CO,ELBERT,Small Scale Dog Breeder,3/2/2026,39.3602662,-104.596915,80107.0,2024.0,,,,,,,,
1491.0,Kathleen J Conway,Northmoor Kennels,Elizabeth,CO,ELBERT,Small Scale Dog Breeder,3/2/2026,39.3602662,-104.596915,80107.0,2024.0,,,,,,,,
1492.0,KatisDoggyDos LLC,,Elizabeth,CO,ELBERT,Pet Grooming Facility - Primary Facility Owner,3/2/2026,39.3602662,-104.596915,80107.0,2024.0,,,,,,,,
1493.0,Kay F Dickeson,,Elizabeth,CO,ELBERT,Small Scale Dog Breeder,3/2/2026,39.3602662,-104.596915,80107.0,2024.0,,,,,,,,
1494.0,"Kiowa Creek Kennels, Inc.",,Kiowa,CO,ELBERT,Pet Boarding and/or Training,3/2/2026,39.3480477,-104.4665657,80117.0,2024.0,,,,,,,,
1495.0,Lisa K. Petri,"Colorado Animal Welfare League,LK Kennel",Elizabeth,CO,ELBERT,Pet Animal Small Shelter,3/2/2026,39.3602662,-104.596915,80107.0,2024.0,,,,,,,,
1496.0,Mana Dog Center,,Elizabeth,CO,ELBERT,Pet Boarding and/or Training,3/2/2026,39.3602662,-104.596915,80107.0,2024.0,,,,,,,,
1497.0,Mana Dog Center,,Elizabeth,CO,ELBERT,Pet Handler,3/2/2026,39.3602662,-104.596915,80107.0,2024.0,,,,,,,,
1498.0,Mariea Perea,Dumar Devons,Elizabeth,CO,ELBERT,Cat Breeder,3/2/2026,39.3602662,-104.596915,80107.0,2024.0,,,,,,,,
1499.0,Mark Karpunin,Kloud 9 Boxers,Deer Trail,CO,ELBERT,Small Scale Dog Breeder,3/2/2026,39.6149821,-104.0444033,80105.0,2024.0,,,,,,,,
1500.0,"New Hope Cattle Dogs, Rescue & Rehoming",,Parker,CO,ELBERT,Pet Animal Large Rescue,3/2/2026,39.504183,-104.8020642,80134.0,2024.0,,,,,,,,
1501.0,Pappy paws llc,,Parker,CO,ELBERT,Pet Grooming Facility - Mobile Groomer,3/2/2026,39.5186002,-104.7613633,,2024.0,,,,,,,,
1502.0,Rocky Mountain Old English Sheepdog Rescue,,Elizabeth,CO,ELBERT,Pet Animal Small Rescue,3/2/2026,39.3602662,-104.596915,80107.0,2024.0,,,,,,,,
1503.0,Rocky Mountain Old English Sheepdog Rescue,,Elizabeth,CO,ELBERT,Pet Transporter,3/2/2026,39.3602662,-104.596915,80107.0,2024.0,,,,,,,,
1504.0,Rocky Mountain Roosters,,Calhan,CO,ELBERT,Pet Boarding and/or Training,3/2/2026,39.1432767,-104.3088851,80808.0,2024.0,,,,,,,,
1505.0,Rocky Mountain Roosters,,Calhan,CO,ELBERT,Small Scale Dog Breeder,3/2/2026,39.1432767,-104.3088851,80808.0,2024.0,,,,,,,,
1506.0,Shari Albrecht,Albrecht Farms Labrador Retrievers,Parker,CO,ELBERT,Small Scale Dog Breeder,3/2/2026,39.5186002,-104.7613633,,2024.0,,,,,,,,
1507.0,The Gabriel Foundation,,Elizabeth,CO,ELBERT,Pet Boarding and/or Training,3/2/2026,39.4372009,-104.6052929,80107.0,2024.0,,,,,,,,
1508.0,The Gabriel Foundation,,Elizabeth,CO,ELBERT,Pet Handler,3/2/2026,39.4372009,-104.6052929,80107.0,2024.0,,,,,,,,
1509.0,The Gabriel Foundation,,Elizabeth,CO,ELBERT,Pet Animal Small Shelter,3/2/2026,39.4372009,-104.6052929,80107.0,2024.0,,,,,,,,
1510.0,The Gabriel Foundation,,Elizabeth,CO,ELBERT,Pet Grooming Facility - Primary Facility Owner,3/2/2026,39.4372009,-104.6052929,80107.0,2024.0,,,,,,,,
1511.0,The Gabriel Foundation,,Elizabeth,CO,ELBERT,Bird Band,3/2/2026,39.4372009,-104.6052929,80107.0,2024.0,,,,,,,,
1512.0,Top Dog Kennel Club,Elizabeth Country Kennels,Elizabeth,CO,ELBERT,Pet Boarding and/or Training,3/2/2026,39.3602662,-104.596915,80107.0,2024.0,,,,,,,,
1513.0,Big Dogs LLC,Big Dogs Grooming,Canon City,CO,FREMONT,Pet Grooming Facility - Primary Facility Owner,3/2/2026,38.4492735,-105.2112102,81212.0,2024.0,,,,,,,,
1514.0,Brenda Contrearas,Groomer,Florence,CO,FREMONT,Pet Grooming Facility - Secondary Facility Owner,3/2/2026,38.3902777,-105.1185988,,2024.0,,,,,,,,
1515.0,Caleigh?s Happy Hounds LLC,,Florence,CO,FREMONT,Pet Grooming Facility - Secondary Facility Owner,3/2/2026,38.3902777,-105.1185988,,2024.0,,,,,,,,
1516.0,Camp Furry Paws,,Canon City,CO,FREMONT,Pet Boarding and/or Training,3/2/2026,38.4474005,-105.2160755,81212.0,2024.0,,,,,,,,
1517.0,Carey Unrein,Hobby,Canon City,CO,FREMONT,Bird Band,3/2/2026,38.4494063,-105.2253316,81212.0,2024.0,,,,,,,,
1518.0,Cassandra Green,Green's Mountain Cabin of Aussies,Cotopaxi,CO,FREMONT,Small Scale Dog Breeder,3/2/2026,38.3731692,-105.6867122,81223.0,2024.0,,,,,,,,
1519.0,Cheryl Garrigan,Purrfect Pampered Pets,Penrose,CO,FREMONT,Pet Grooming Facility - Mobile Groomer,3/2/2026,38.4250001,-105.0227624,81240.0,2024.0,,,,,,,,
1520.0,Cheryl Reaves,The Pet Spa,Canon City,CO,FREMONT,Pet Grooming Facility - Primary Facility Owner,3/2/2026,38.4494063,-105.2253316,81212.0,2024.0,,,,,,,,
1521.0,Dirty Paws Pet Spa LLC.,,Canon City,CO,FREMONT,Pet Grooming Facility - Primary Facility Owner,3/2/2026,38.4795783,-105.2142715,81212.0,2024.0,,,,,,,,
1522.0,Eight Mile Ranch Inc,Eight Mile Ranch,Canon City,CO,FREMONT,Pet Boarding and/or Training,3/2/2026,38.4916842,-105.3064751,81212.0,2024.0,,,,,,,,
1523.0,Erica's Cut Above,N/a,Canon city,CO,FREMONT,Pet Grooming Facility - Primary Facility Owner,3/2/2026,38.4494063,-105.2253316,81212.0,2024.0,,,,,,,,
1524.0,House of Exotics LLC,,Canon City,CO,FREMONT,Retail / Wholesale of Pet Animals,3/2/2026,38.4418151,-105.2376812,81212.0,2024.0,,,,,,,,
1525.0,House of Exotics LLC,,Canon City,CO,FREMONT,Reptile / Amphibian Breeder,3/2/2026,38.4418151,-105.2376812,81212.0,2024.0,,,,,,,,
1526.0,House of Exotics LLC,,Canon City,CO,FREMONT,Small Animal Breeder,3/2/2026,38.4418151,-105.2376812,81212.0,2024.0,,,,,,,,
1527.0,House of Exotics LLC,,Canon City,CO,FREMONT,Pet Animal Small Rescue,3/2/2026,38.4418151,-105.2376812,81212.0,2024.0,,,,,,,,
1528.0,House of Exotics LLC,,Canon City,CO,FREMONT,Pet Grooming Facility - Primary Facility Owner,3/2/2026,38.4418151,-105.2376812,81212.0,2024.0,,,,,,,,
1529.0,"Humane Society of Fremont County, Inc.",,Canon City,CO,FREMONT,Pet Animal Large Shelter,3/2/2026,38.4461611,-105.2035452,81212.0,2024.0,,,,,,,,
1530.0,Jamie Elsensohn,Groomer,Cañon City,CO,FREMONT,Independent Contractor (IC) Pet Groomer,3/2/2026,38.4494063,-105.2253316,81212.0,2024.0,,,,,,,,
1531.0,Janis Bate,All Star Pets,Cañon City,CO,FREMONT,Pet Grooming Facility - Primary Facility Owner,3/2/2026,38.4494063,-105.2253316,81212.0,2024.0,,,,,,,,
1532.0,JJs Helping Paws Inc,Molly's Place Home of JJs Helping Paws,Canon City,CO,FREMONT,Pet Animal Small Shelter,3/2/2026,38.44919489999999,-105.2137444,81212.0,2024.0,,,,,,,,
1533.0,Joanne Brinine,Dog groomer,Florence,CO,FREMONT,Pet Grooming Facility - Secondary Facility Owner,3/2/2026,38.3902777,-105.1185988,,2024.0,,,,,,,,
1534.0,John W Hart,,Florence,CO,FREMONT,Retail / Wholesale of Pet Animals,3/2/2026,38.3820248,-105.1518573,81226.0,2024.0,,,,,,,,
1535.0,John W Hart,,Florence,CO,FREMONT,Small Animal Breeder,3/2/2026,38.3820248,-105.1518573,81226.0,2024.0,,,,,,,,
1536.0,John W Hart,,Florence,CO,FREMONT,Pet Transporter,3/2/2026,38.3820248,-105.1518573,81226.0,2024.0,,,,,,,,
1537.0,K9 Cuts & Grooming LLC,,Canon City,CO,FREMONT,Pet Grooming Facility - Primary Facility Owner,3/2/2026,38.44003720000001,-105.2401196,81212.0,2024.0,,,,,,,,
1538.0,"Kenline Veterinary Clinic, LLC",,Canon City,CO,FREMONT,Pet Boarding and/or Training,3/2/2026,38.4265905,-105.2311369,81212.0,2024.0,,,,,,,,
1539.0,Kenneth J. Miller,Wetmore Elkhounds,Wetmore,CO,FREMONT,Small Scale Dog Breeder,3/2/2026,38.2380585,-105.0847113,81253.0,2024.0,,,,,,,,
1540.0,Kenneth W Brown,KLB Boarding Kennel,Penrose,CO,FREMONT,Pet Boarding and/or Training,3/2/2026,38.4250001,-105.0227624,81240.0,2024.0,,,,,,,,
1541.0,LaJune H. Wheeler,Critter Creations,Florence,CO,FREMONT,Pet Grooming Facility - Primary Facility Owner,3/2/2026,38.3902777,-105.1185988,,2024.0,,,,,,,,
1542.0,Laurie A Ochs,lulu's grooming,Florence,CO,FREMONT,Pet Grooming Facility - Secondary Facility Owner,3/2/2026,38.3902777,-105.1185988,,2024.0,,,,,,,,
1543.0,Lilly Horn,,Penrose,CO,FREMONT,Independent Contractor (IC) Pet Groomer,3/2/2026,38.4250001,-105.0227624,81240.0,2024.0,,,,,,,,
1544.0,Lisa Payne,K-9 Cuts and Grooming,Canon City,CO,FREMONT,Independent Contractor (IC) Pet Groomer,3/2/2026,38.4551346,-105.2300702,81212.0,2024.0,,,,,,,,
1545.0,Maddison Schwindt,,Cañon City,CO,FREMONT,Independent Contractor (IC) Pet Groomer,3/2/2026,38.4313672,-105.2420694,81212.0,2024.0,,,,,,,,
1546.0,Michelle M. Short,,Canon City,CO,FREMONT,Small Scale Dog Breeder,3/2/2026,38.4298718,-105.2281742,81212.0,2024.0,,,,,,,,
1547.0,Misty S. Lloyd,ColoRADo Clips,Canon City,CO,FREMONT,Pet Grooming Facility - Secondary Facility Owner,3/2/2026,38.4552403,-105.2309982,81212.0,2024.0,,,,,,,,
1548.0,Primarily Pet Designs LLC,,Howard,CO,FREMONT,Pet Grooming Facility - Primary Facility Owner,3/2/2026,38.4458922,-105.8392176,,2024.0,,,,,,,,
1549.0,Prison Trained K9 Companion Program Arrowhead,East Canon Correctional Complex,Canon City,CO,FREMONT,Pet Boarding and/or Training,3/2/2026,38.4494063,-105.2253316,81212.0,2024.0,,,,,,,,
1550.0,Prison Trained K9 Companion Program Arrowhead,East Canon Correctional Complex,Canon City,CO,FREMONT,Pet Animal Small Shelter,3/2/2026,38.4494063,-105.2253316,81212.0,2024.0,,,,,,,,
1551.0,Prison Trained K9 Companion Program Four Mile Center,,Canon City,CO,FREMONT,Pet Boarding and/or Training,3/2/2026,38.4543482,-105.1574842,81212.0,2024.0,,,,,,,,
1552.0,Prison Trained K9 Companion Program Territorial,,Canon City,CO,FREMONT,Pet Boarding and/or Training,3/2/2026,38.4494063,-105.2253316,81212.0,2024.0,,,,,,,,
1553.0,Robert Eacker,AVC German Shepherd,Penrose,CO,FREMONT,Small Scale Dog Breeder,3/2/2026,38.4250001,-105.0227624,81240.0,2024.0,,,,,,,,
1554.0,Robert Roth,Secondary groomer,Florence,CO,FREMONT,Pet Grooming Facility - Secondary Facility Owner,3/2/2026,38.3902777,-105.1185988,,2024.0,,,,,,,,
1555.0,Rosalie Santistevan,Canine Coiffures,Canon City,CO,FREMONT,Pet Grooming Facility - Primary Facility Owner,3/2/2026,38.4494063,-105.2253316,81212.0,2024.0,,,,,,,,
1556.0,Rusty Horse Ranch,Once Upon A Moose,Cotopaxi,CO,FREMONT,Small Scale Dog Breeder,3/2/2026,38.3731692,-105.6867122,81223.0,2024.0,,,,,,,,
1557.0,"Sudz Unleashed, LLC",,Canon City,CO,FREMONT,Pet Grooming Facility - Self Wash Facility,3/2/2026,38.42397,-105.2213117,81212.0,2024.0,,,,,,,,
1558.0,Tender Touch LLC,,Canon City,CO,FREMONT,Pet Grooming Facility - Mobile Groomer,3/2/2026,38.4819281,-105.2083838,81212.0,2024.0,,,,,,,,
1559.0,Terri L. Gordon,Penrose Great Danes,Penrose,CO,FREMONT,Small Scale Dog Breeder,3/2/2026,38.4212191,-104.9959409,81240.0,2024.0,,,,,,,,
1560.0,The Misfits Dog Rescue,,Penrose,CO,FREMONT,Pet Animal Small Rescue,3/2/2026,38.4250001,-105.0227624,81240.0,2024.0,,,,,,,,
1561.0,Vanessa Anderson,,Florence,CO,FREMONT,Pet Grooming Facility - Primary Facility Owner,3/2/2026,38.3902777,-105.1185988,,2024.0,,,,,,,,
1562.0,Victoria Espinoza,Groomer,Canon City,CO,FREMONT,Independent Contractor (IC) Pet Groomer,3/2/2026,38.4494063,-105.2253316,81212.0,2024.0,,,,,,,,
1563.0,Aquatic Zoo LLC,Aquatic Zoo,Rifle,CO,GARFIELD,Aquarium Only,3/2/2026,39.5296857,-107.7831572,81650.0,2024.0,,,,,,,,
1564.0,Barks N' Bubbles,,Carbondale,CO,GARFIELD,Pet Grooming Facility - Mobile Groomer,3/2/2026,39.4022054,-107.2111628,81623.0,2024.0,,,,,,,,
1565.0,Coe M. Scott,Suds E Dogs,Silt,CO,GARFIELD,Pet Grooming Facility - Primary Facility Owner,3/2/2026,39.5485917,-107.6561707,,2024.0,,,,,,,,
1566.0,"Colorado Animal Rescue, Inc.",,Glenwood Springs,CO,GARFIELD,Pet Animal Small Shelter,3/2/2026,39.473138,-107.235687,81601.0,2024.0,,,,,,,,
1567.0,Denver Dog Dynamics,Dog Dynamix,Rifle,CO,GARFIELD,Pet Boarding and/or Training,3/2/2026,39.7392358,-104.990251,,2024.0,,,,,,,,
1568.0,Denver Dog Dynamics,Dog Dynamix,Rifle,CO,GARFIELD,Pet Handler,3/2/2026,39.7392358,-104.990251,,2024.0,,,,,,,,
1569.0,Dogs Best Friend,Dogs Best Friend,silt,CO,GARFIELD,Pet Handler,3/2/2026,39.5485917,-107.6561707,,2024.0,,,,,,,,
1570.0,"Haskell Enterprises, Inc.",Cozy Little Kennel,Rifle,CO,GARFIELD,Pet Boarding and/or Training,3/2/2026,39.5296857,-107.7831572,81650.0,2024.0,,,,,,,,
1571.0,"Haskell Enterprises, Inc.",Cozy Little Kennel,Rifle,CO,GARFIELD,Pet Grooming Facility - Primary Facility Owner,3/2/2026,39.5296857,-107.7831572,81650.0,2024.0,,,,,,,,
1572.0,House of Moon K9 LLC,,Carbondale,CO,GARFIELD,Pet Boarding and/or Training,3/2/2026,39.4022054,-107.2111628,81623.0,2024.0,,,,,,,,
1573.0,House of Moon K9 LLC,,Carbondale,CO,GARFIELD,Pet Handler,3/2/2026,39.4022054,-107.2111628,81623.0,2024.0,,,,,,,,
1574.0,Jordyn Vallejo,,Rifle,CO,GARFIELD,Independent Contractor (IC) Pet Groomer,3/2/2026,39.5296857,-107.7831572,81650.0,2024.0,,,,,,,,
1575.0,"Journey Home Animal Care Center, Inc",,Rifle,CO,GARFIELD,Pet Animal Small Shelter,3/2/2026,39.5425682,-107.7937316,81650.0,2024.0,,,,,,,,
1576.0,Meghan Abbott,Ruff to Ruffles,Carbondale,CO,GARFIELD,Independent Contractor (IC) Pet Groomer,3/2/2026,39.4022054,-107.2111628,81623.0,2024.0,,,,,,,,
1577.0,Nicole D. West,Plush Pups Grooming,Parachute,CO,GARFIELD,Pet Grooming Facility - Mobile Groomer,3/2/2026,39.45192249999999,-108.0528529,81635.0,2024.0,,,,,,,,
1578.0,"Oliike, LLC",The Barn Yard,Carbondale,CO,GARFIELD,Pet Boarding and/or Training,3/2/2026,39.4022054,-107.2111628,81623.0,2024.0,,,,,,,,
1579.0,Paws2Clean LLP,,Silt,CO,GARFIELD,Pet Grooming Facility - Primary Facility Owner,3/2/2026,39.5703243,-107.6780675,81652.0,2024.0,,,,,,,,
1580.0,"Petco Animal Supplies Store, Inc #1446",,Glenwood Springs,CO,GARFIELD,Retail / Wholesale of Pet Animals,3/2/2026,39.5546204,-107.3407827,81601.0,2024.0,,,,,,,,
1581.0,"Petco Animal Supplies Store, Inc #1446",,Glenwood Springs,CO,GARFIELD,Pet Grooming Facility - Primary Facility Owner,3/2/2026,39.5546204,-107.3407827,81601.0,2024.0,,,,,,,,
1582.0,Robin Chatmas,,Glenwood Springs,CO,GARFIELD,Cat Breeder,3/2/2026,39.5505376,-107.3247762,81601.0,2024.0,,,,,,,,
1583.0,Samuel Johnson,Silt Veterinary Clinic,Silt,CO,GARFIELD,Pet Boarding and/or Training,3/2/2026,39.5485917,-107.6561707,,2024.0,,,,,,,,
1584.0,Skyline Ranch LLC,Skyline Ranch And Kennels,Carbondale,CO,GARFIELD,Pet Boarding and/or Training,3/2/2026,39.3981356,-107.2050715,81623.0,2024.0,,,,,,,,
1585.0,Skyline Ranch LLC,Skyline Ranch And Kennels,Carbondale,CO,GARFIELD,Pet Grooming Facility - Primary Facility Owner,3/2/2026,39.3981356,-107.2050715,81623.0,2024.0,,,,,,,,
1586.0,"The Black Cat, LLC",,Carbondale,CO,GARFIELD,Pet Grooming Facility - Primary Facility Owner,3/2/2026,39.4022054,-107.2111628,81623.0,2024.0,,,,,,,,
1587.0,The Shaggy Dog,,Glenwood Springs,CO,GARFIELD,Pet Grooming Facility - Primary Facility Owner,3/2/2026,39.520006,-107.3199578,81601.0,2024.0,,,,,,,,
1588.0,VetCor of Colorado LLC,Red Hill Animal Health Center,Carbondale,CO,GARFIELD,Pet Boarding and/or Training,3/2/2026,39.4022054,-107.2111628,81623.0,2024.0,,,,,,,,
1589.0,VetCor of Colorado LLC,Red Hill Animal Health Center,Carbondale,CO,GARFIELD,Pet Animal Small Shelter,3/2/2026,39.4022054,-107.2111628,81623.0,2024.0,,,,,,,,
1590.0,VetCor of Colorado LLC,Red Hill Animal Health Center,Carbondale,CO,GARFIELD,Pet Grooming Facility - Primary Facility Owner,3/2/2026,39.4022054,-107.2111628,81623.0,2024.0,,,,,,,,
1591.0,Wanderlust Dogs GS LLC,Wanderlust Dogs Glenwood Springs,Glenwood Springs,CO,GARFIELD,Pet Boarding and/or Training,3/2/2026,39.5268288,-107.3256635,81601.0,2024.0,,,,,,,,
1592.0,Zachary Lyon,Muddy Buddies Pet Wash,Silt,CO,GARFIELD,Pet Grooming Facility - Self Wash Facility,3/2/2026,39.5463313,-107.6419777,81652.0,2024.0,,,,,,,,
1593.0,Old Soul Canine Rescue,,Golden,CO,GILPIN,Pet Animal Small Rescue,3/2/2026,39.755543,-105.2210997,,2024.0,,,,,,,,
1594.0,Yael Caspersen,,Rollinsville,CO,GILPIN,Independent Contractor (IC) Pet Groomer,3/2/2026,39.9172094,-105.5011084,,2024.0,,,,,,,,
1595.0,Best Friends Pet Care,Wag Resort,Grand Junction,CO,GRAND,Pet Boarding and/or Training,3/2/2026,39.0689478,-108.5642809,,2024.0,,,,,,,,
1596.0,Best Friends Pet Care,Wag Resort,Grand Junction,CO,GRAND,Pet Grooming Facility - Primary Facility Owner,3/2/2026,39.0689478,-108.5642809,,2024.0,,,,,,,,
1597.0,Best Friends Pet Care Inc LLC,Wag Resort,Grand Junction,CO,GRAND,Pet Boarding and/or Training,3/2/2026,39.0689478,-108.5642809,,2024.0,,,,,,,,
1598.0,Best Friends Pet Care Inc LLC,Wag Resort,Grand Junction,CO,GRAND,Pet Grooming Facility - Primary Facility Owner,3/2/2026,39.0689478,-108.5642809,,2024.0,,,,,,,,
1599.0,"Byers Peak Veterinary Clinic, Inc",,Fraser,CO,GRAND,Pet Boarding and/or Training,3/2/2026,39.947382,-105.817026,80442.0,2024.0,,,,,,,,
1600.0,Get Along Little Doggie Dog Training LLC,,Grand Lake,CO,GRAND,Pet Boarding and/or Training,3/2/2026,40.2525536,-105.8301648,80447.0,2024.0,,,,,,,,
1601.0,Get Along Little Doggie Dog Training LLC,,Grand Lake,CO,GRAND,Pet Handler,3/2/2026,40.2525536,-105.8301648,80447.0,2024.0,,,,,,,,
1602.0,Grand County Animal Shelter,,Granby,CO,GRAND,Pet Animal Small Shelter,3/2/2026,40.086097,-105.9394597,80446.0,2024.0,,,,,,,,
1603.0,KC'S K9 SPA,,Kremmling,CO,GRAND,Pet Grooming Facility - Primary Facility Owner,3/2/2026,40.0588494,-106.3708585,80459.0,2024.0,,,,,,,,
1604.0,Leaving Pawnet Earth,,Fraser,CO,GRAND,Pet Grooming Facility - Primary Facility Owner,3/2/2026,39.946499,-105.8168409,80442.0,2024.0,,,,,,,,
1605.0,Mac Peak Performance K9 Academy LLC,,Parshall,CO,GRAND,Pet Boarding and/or Training,3/2/2026,40.0939309,-106.2087216,80468.0,2024.0,,,,,,,,
1606.0,Melanie A. Derwey,Gorgeousdoodles,Granby,CO,GRAND,Small Scale Dog Breeder,3/2/2026,40.086097,-105.9394597,80446.0,2024.0,,,,,,,,
1607.0,Mountain Mongrels LLC,,Granby,CO,GRAND,Pet Boarding and/or Training,3/2/2026,40.09720919999999,-105.9440981,80446.0,2024.0,,,,,,,,
1608.0,Mountain Pet Rescue,,Granby,CO,GRAND,Pet Animal Large Rescue,3/2/2026,40.086097,-105.9394597,80446.0,2024.0,,,,,,,,
1609.0,Redemption Sled dog Tours,Redemption sled dog tours,Grand Lake,CO,GRAND,Commercial Pet Animal Facility,3/2/2026,40.25220729999999,-105.8230671,,2024.0,,,,,,,,
1610.0,Schnauzer Paw Homestead LLC,Schnauzer Paw Homestead,Tabernash,CO,GRAND,Small Scale Dog Breeder,3/2/2026,40.0020525,-105.9048579,80478.0,2024.0,,,,,,,,
1611.0,Stormy Heights Homestead,,Hot Sulphur Springs,CO,GRAND,Small Scale Dog Breeder,3/2/2026,40.0730411,-106.1027991,80451.0,2024.0,,,,,,,,
1612.0,Cas and Matts Pet Care,Dog Cabin Resort,gunnison,CO,GUNNISON,Pet Boarding and/or Training,3/2/2026,38.5458246,-106.9253207,81230.0,2024.0,,,,,,,,
1613.0,Cas and Matts Pet Care,Dog Cabin Resort,gunnison,CO,GUNNISON,Pet Grooming Facility - Primary Facility Owner,3/2/2026,38.5458246,-106.9253207,81230.0,2024.0,,,,,,,,
1614.0,Christina Abila,Hair of the Dawg,Gunnison,CO,GUNNISON,Pet Grooming Facility - Primary Facility Owner,3/2/2026,38.5458246,-106.9253207,81230.0,2024.0,,,,,,,,
1615.0,"Colorado Pug Rescue, Inc.",,Gunnison,CO,GUNNISON,Pet Animal Small Rescue,3/2/2026,38.5458246,-106.9253207,81230.0,2024.0,,,,,,,,
1616.0,"Gunnison Valley Animal Welfare League, Inc.",Sue MacAllister Animal Shelter and Adoption Center,Gunnison,CO,GUNNISON,Pet Animal Small Shelter,3/2/2026,38.52922150000001,-106.9421401,81230.0,2024.0,,,,,,,,
1617.0,"Gunnison Veterinary Clinic, Inc.",Critter Sitters & Gunnison Vet Clinic,Gunnison,CO,GUNNISON,Pet Boarding and/or Training,3/2/2026,38.5458246,-106.9253207,81230.0,2024.0,,,,,,,,
1618.0,"Gunnison Veterinary Clinic, Inc.",Critter Sitters & Gunnison Vet Clinic,Gunnison,CO,GUNNISON,Pet Grooming Facility - Primary Facility Owner,3/2/2026,38.5458246,-106.9253207,81230.0,2024.0,,,,,,,,
1619.0,Lisa D. Mapes,Cosmic Cruisers Sled Dog Tours,Gunnison,CO,GUNNISON,Commercial Pet Animal Facility,3/2/2026,38.5458246,-106.9253207,81230.0,2024.0,,,,,,,,
1620.0,"Oh Be Dogful Pet Ranch, Inc.",Oh Be Dogful Rescue,Crested Butte,CO,GUNNISON,Pet Boarding and/or Training,3/2/2026,38.8440096,-106.9458906,81224.0,2024.0,,,,,,,,
1621.0,"Oh Be Dogful Pet Ranch, Inc.",Oh Be Dogful Rescue,Crested Butte,CO,GUNNISON,Pet Animal Sanctuary,3/2/2026,38.8440096,-106.9458906,81224.0,2024.0,,,,,,,,
1622.0,"Oh Be Dogful Pet Ranch, Inc.",Oh Be Dogful Rescue,Crested Butte,CO,GUNNISON,Pet Grooming Facility - Primary Facility Owner,3/2/2026,38.8440096,-106.9458906,81224.0,2024.0,,,,,,,,
1623.0,Paradise Animal Welfare Society,,Crested Butte,CO,GUNNISON,Pet Animal Small Shelter,3/2/2026,38.8695629,-106.9852814,81224.0,2024.0,,,,,,,,
1624.0,Pawsitively Native,,Gunnison,CO,GUNNISON,Pet Grooming Facility - Self Wash Facility,3/2/2026,38.546192,-106.9272602,81230.0,2024.0,,,,,,,,
1625.0,Pet au Pairs,,Crested Butte,CO,GUNNISON,Pet Boarding and/or Training,3/2/2026,38.8108849,-106.8843563,81224.0,2024.0,,,,,,,,
1626.0,Pet au Pairs,,Crested Butte,CO,GUNNISON,Pet Handler,3/2/2026,38.8108849,-106.8843563,81224.0,2024.0,,,,,,,,
1627.0,Pet au Pairs,,Crested Butte,CO,GUNNISON,Pet Grooming Facility - Primary Facility Owner,3/2/2026,38.8108849,-106.8843563,81224.0,2024.0,,,,,,,,
1628.0,Bruce Johnson,Waggin' Tongue Rescue,La Veta,CO,HUERFANO,Pet Animal Small Rescue,3/2/2026,37.5058127,-105.0090854,81055.0,2024.0,,,,,,,,
1629.0,Carla Richardson,Sky Siberians,La Veta,CO,HUERFANO,Small Scale Dog Breeder,3/2/2026,37.5058127,-105.0090854,81055.0,2024.0,,,,,,,,
1630.0,City of Walsenburg,,Walsenburg,CO,HUERFANO,Pet Animal Small Shelter,3/2/2026,37.6227357,-104.780403,81089.0,2024.0,,,,,,,,
1631.0,From Forgotten to Forever Transport,,Walsenburg,CO,HUERFANO,Pet Animal Small Shelter,3/2/2026,37.6227357,-104.780403,81089.0,2024.0,,,,,,,,
1632.0,Joey L. Baker,Paws & Pines Canine Retreat,walsenburg,CO,HUERFANO,Pet Boarding and/or Training,3/2/2026,37.6227357,-104.780403,81089.0,2024.0,,,,,,,,
1633.0,Town of La Veta Animal Shelter,,La Veta,CO,HUERFANO,Pet Animal Small Rescue,3/2/2026,37.5058127,-105.0090854,81055.0,2024.0,,,,,,,,
1634.0,"2 Blondes All Breed Rescue, Inc.",,Lakewood,CO,JEFFERSON,Pet Animal Large Rescue,3/2/2026,39.7205264,-105.1140344,,2024.0,,,,,,,,
1635.0,303grooming llc,Shear Magic Pet Grooming,lakewood,CO,JEFFERSON,Pet Grooming Facility - Primary Facility Owner,3/2/2026,39.7047095,-105.0813734,,2024.0,,,,,,,,
1636.0,5 Star Camelot LLC,Camelot Car and Dog Wash,Golden,CO,JEFFERSON,Pet Grooming Facility - Self Wash Facility,3/2/2026,39.7607138,-105.2287858,80403.0,2024.0,,,,,,,,
1637.0,5280 Reptile Room LLC,,Wheat Ridge,CO,JEFFERSON,Retail / Wholesale of Pet Animals,3/2/2026,39.773959,-105.1104481,80033.0,2024.0,,,,,,,,
1638.0,5280 Reptile Room LLC,,Wheat Ridge,CO,JEFFERSON,Small Animal Breeder,3/2/2026,39.773959,-105.1104481,80033.0,2024.0,,,,,,,,
1639.0,5280 Reptile Room LLC,,Wheat Ridge,CO,JEFFERSON,Pet Animal Small Shelter,3/2/2026,39.773959,-105.1104481,80033.0,2024.0,,,,,,,,
1640.0,"A Cut Above Dog Grooming, Inc",,Littleton,CO,JEFFERSON,Pet Grooming Facility - Primary Facility Owner,3/2/2026,39.5704699,-105.1124653,80127.0,2024.0,,,,,,,,
1641.0,"A Dog Named Black Jack Animal Rescue Recovery, Inc.",,Lakewood,CO,JEFFERSON,Pet Animal Large Rescue,3/2/2026,39.6825224,-105.09984,80232.0,2024.0,,,,,,,,
1642.0,"A Leg Up, Inc.",All About Paws,Wheat Ridge,CO,JEFFERSON,Pet Boarding and/or Training,3/2/2026,39.766098,-105.0772063,,2024.0,,,,,,,,
1643.0,"A Leg Up, Inc.",All About Paws,Wheat Ridge,CO,JEFFERSON,Pet Grooming Facility - Primary Facility Owner,3/2/2026,39.766098,-105.0772063,,2024.0,,,,,,,,
1644.0,"ACVH, PC",Aspen Creek Veterinary Hospital,Conifer,CO,JEFFERSON,Pet Boarding and/or Training,3/2/2026,39.520264,-105.3067316,80433.0,2024.0,,,,,,,,
1645.0,Adriana Lopez Zavala,Outstanding Pet Servant,Arvada,CO,JEFFERSON,Pet Grooming Facility - Primary Facility Owner,3/2/2026,39.8027644,-105.0874842,,2024.0,,,,,,,,
1646.0,Adriana Lopez Zavala,Outstanding Pet Servant,Arvada,CO,JEFFERSON,Pet Grooming Facility - Self Wash Facility,3/2/2026,39.8027644,-105.0874842,,2024.0,,,,,,,,
1647.0,Alma J. Wirth,Lucky Dog Grooming,Littleton,CO,JEFFERSON,Pet Handler,3/2/2026,39.613321,-105.0166498,,2024.0,,,,,,,,
1648.0,Alma J. Wirth,Lucky Dog Grooming,Littleton,CO,JEFFERSON,Pet Grooming Facility - Primary Facility Owner,3/2/2026,39.613321,-105.0166498,,2024.0,,,,,,,,
1649.0,Almost Home Adoptions,,Westminster,CO,JEFFERSON,Pet Animal Small Shelter,3/2/2026,39.8561703,-105.0628953,80031.0,2024.0,,,,,,,,
1650.0,Amanda Shearer,,Arvada,CO,JEFFERSON,Independent Contractor (IC) Pet Groomer,3/2/2026,39.8027644,-105.0874842,,2024.0,,,,,,,,
1651.0,Amigos de los Animales Colorado,Blue Sky Satos Animal Rescue,Littleton,CO,JEFFERSON,Pet Animal Small Rescue,3/2/2026,39.613321,-105.0166498,,2024.0,,,,,,,,
1652.0,Amy Kilroy,Amy's Mobile Grooming,Conifer,CO,JEFFERSON,Independent Contractor (IC) Pet Groomer,3/2/2026,39.520264,-105.3067316,80433.0,2024.0,,,,,,,,
1653.0,Amy?s Mountain Dog Training LLC,Dog training,Evergreen,CO,JEFFERSON,Pet Handler,3/2/2026,39.620806,-105.3310289,80439.0,2024.0,,,,,,,,
1654.0,Angels with Paws,Angles with Paws Cat Rescue & Adoption,Lakewood,CO,JEFFERSON,Pet Animal Small Shelter,3/2/2026,39.7466321,-105.1092886,80215.0,2024.0,,,,,,,,
1655.0,Angie Young,,Arvada,CO,JEFFERSON,Pet Boarding and/or Training,3/2/2026,39.8610645,-105.1716763,80007.0,2024.0,,,,,,,,
1656.0,Animal Alliance Dog Grooming LLC,Groomingdales,Littleton,CO,JEFFERSON,Pet Grooming Facility - Primary Facility Owner,3/2/2026,39.6146594,-105.1278145,80127.0,2024.0,,,,,,,,
1657.0,Animal Friends Alliance,"Animal Friends Alliance- Everyday Adoption Center, Petsmart",Westminster,CO,JEFFERSON,Pet Animal Small Shelter,3/2/2026,39.8366528,-105.0372046,,2024.0,,,,,,,,
1658.0,APlusPup,A+Pup,Lakewood,CO,JEFFERSON,Pet Grooming Facility - Mobile Groomer,3/2/2026,39.7047095,-105.0813734,,2024.0,,,,,,,,
1659.0,"Applewood GJ, LLC",Evolution Dog Wash,Lakewood,CO,JEFFERSON,Pet Grooming Facility - Primary Facility Owner,3/2/2026,39.74739539999999,-105.128202,,2024.0,,,,,,,,
1660.0,"Aspen Leaf Aviaries, Inc.",World of Birds,Lakewood,CO,JEFFERSON,Pet Boarding and/or Training,3/2/2026,39.7759375,-105.0437708,80220.0,2024.0,,,,,,,,
1661.0,"Aspen Leaf Aviaries, Inc.",World of Birds,Lakewood,CO,JEFFERSON,Retail / Wholesale of Pet Animals,3/2/2026,39.7759375,-105.0437708,80220.0,2024.0,,,,,,,,
1662.0,"Aspen Leaf Aviaries, Inc.",World of Birds,Lakewood,CO,JEFFERSON,Pet Animal Small Shelter,3/2/2026,39.7759375,-105.0437708,80220.0,2024.0,,,,,,,,
1663.0,"Aspen Leaf Aviaries, Inc.",World of Birds,Lakewood,CO,JEFFERSON,Pet Grooming Facility - Primary Facility Owner,3/2/2026,39.7759375,-105.0437708,80220.0,2024.0,,,,,,,,
1664.0,"Aspen Leaf Aviaries, Inc.",World of Birds,Lakewood,CO,JEFFERSON,Bird Band,3/2/2026,39.7759375,-105.0437708,80220.0,2024.0,,,,,,,,
1665.0,Audra Laing,Pet Stylist,Lakewood,CO,JEFFERSON,Independent Contractor (IC) Pet Groomer,3/2/2026,39.7047095,-105.0813734,,2024.0,,,,,,,,
1666.0,Auntie Jens Pet Grooming,,Lakewood,CO,JEFFERSON,Pet Grooming Facility - Primary Facility Owner,3/2/2026,39.7479048,-105.142076,80215.0,2024.0,,,,,,,,
1667.0,Aussie Mobile Pet Spa of Boulder and Arvada LLC,Aussie Mobile Pet Spa of Boulder and Arvada LLC,Arvada,CO,JEFFERSON,Pet Grooming Facility - Mobile Groomer,3/2/2026,39.8027644,-105.0874842,,2024.0,,,,,,,,
1668.0,Autowash Ken Caryl Operating Company,Autowash@Ken Caryl,Littleton,CO,JEFFERSON,Pet Grooming Facility - Self Wash Facility,3/2/2026,39.5805829,-105.1381092,80127.0,2024.0,,,,,,,,
1669.0,Bailey?s Pet Spaw,,Westminster,CO,JEFFERSON,Pet Grooming Facility - Primary Facility Owner,3/2/2026,39.8803226,-105.0937882,80021.0,2024.0,,,,,,,,
1670.0,Ballistic Morphs Reptiles Ltd.,Scales N Tails,Lakewood,CO,JEFFERSON,Retail / Wholesale of Pet Animals,3/2/2026,39.7047095,-105.0813734,,2024.0,,,,,,,,
1671.0,Ballistic Morphs Reptiles Ltd.,Scales N Tails,Lakewood,CO,JEFFERSON,Small Animal Breeder,3/2/2026,39.7047095,-105.0813734,,2024.0,,,,,,,,
1672.0,Ballistic Morphs Reptiles Ltd.,Scales N Tails,Lakewood,CO,JEFFERSON,Pet Animal Small Shelter,3/2/2026,39.7047095,-105.0813734,,2024.0,,,,,,,,
1673.0,Beds N Biscuits LLC,Beds-N-Biscuits,Wheat Ridge,CO,JEFFERSON,Pet Boarding and/or Training,3/2/2026,39.77547149999999,-105.1400837,80033.0,2024.0,,,,,,,,
1674.0,Beds N Biscuits LLC,Beds-N-Biscuits,Wheat Ridge,CO,JEFFERSON,Pet Grooming Facility - Primary Facility Owner,3/2/2026,39.77547149999999,-105.1400837,80033.0,2024.0,,,,,,,,
1675.0,Bengals Pride,,Arvada,CO,JEFFERSON,Cat Breeder,3/2/2026,39.8502505,-105.0648519,80003.0,2024.0,,,,,,,,
1676.0,"Best Friends Pet Care, Inc.",,Wheat Ridge,CO,JEFFERSON,Pet Boarding and/or Training,3/2/2026,39.7772782,-105.1266906,80033.0,2024.0,,,,,,,,
1677.0,"Best Friends Pet Care, Inc.",,Wheat Ridge,CO,JEFFERSON,Pet Grooming Facility - Primary Facility Owner,3/2/2026,39.7772782,-105.1266906,80033.0,2024.0,,,,,,,,
1678.0,"Bite Me Catering, LLC",Rover's Stay and Play,Wheat Ridge,CO,JEFFERSON,Pet Boarding and/or Training,3/2/2026,39.766098,-105.0772063,,2024.0,,,,,,,,
1679.0,"Bite Me Catering, LLC",Rover's Stay and Play,Wheat Ridge,CO,JEFFERSON,Pet Grooming Facility - Primary Facility Owner,3/2/2026,39.766098,-105.0772063,,2024.0,,,,,,,,
1680.0,Bob Retail LLC,Paws 'n' Play Arvada,Arvada,CO,JEFFERSON,Pet Grooming Facility - Self Wash Facility,3/2/2026,39.8027644,-105.0874842,,2024.0,,,,,,,,
1681.0,"Boing US Holdco, LLC",Take 5 Car Wash,Golden,CO,JEFFERSON,Pet Grooming Facility - Self Wash Facility,3/2/2026,39.755543,-105.2210997,,2024.0,,,,,,,,
1682.0,"Bone A Fide, Inc.",Ken Caryl Pet Spa,Littleton,CO,JEFFERSON,Pet Grooming Facility - Primary Facility Owner,3/2/2026,39.613321,-105.0166498,,2024.0,,,,,,,,
1683.0,Brandi Wright,Pup Culture,Arvada,CO,JEFFERSON,Pet Grooming Facility - Mobile Groomer,3/2/2026,39.850836,-105.141246,80005.0,2024.0,,,,,,,,
1684.0,Brian Baines,,Littleton,CO,JEFFERSON,Pet Grooming Facility - Primary Facility Owner,3/2/2026,39.613321,-105.0166498,,2024.0,,,,,,,,
1685.0,"BRM CO MGMT, LLC",Chatfield Veterinary Hospital,Littleton,CO,JEFFERSON,Pet Boarding and/or Training,3/2/2026,39.613321,-105.0166498,,2024.0,,,,,,,,
1686.0,"Canine Psychology Center, LLC",,Pine,CO,JEFFERSON,Pet Boarding and/or Training,3/2/2026,39.46989620000001,-105.3975419,80470.0,2024.0,,,,,,,,
1687.0,"Canine's Canyon, Inc.",,Golden,CO,JEFFERSON,Pet Boarding and/or Training,3/2/2026,39.710766,-105.2704996,80401.0,2024.0,,,,,,,,
1688.0,"Canine's Canyon, Inc.",,Golden,CO,JEFFERSON,Pet Grooming Facility - Primary Facility Owner,3/2/2026,39.710766,-105.2704996,80401.0,2024.0,,,,,,,,
1689.0,Cat Care Society,,Lakewood,CO,JEFFERSON,Pet Animal Small Shelter,3/2/2026,39.7265712,-105.0597762,80214.0,2024.0,,,,,,,,
1690.0,"CBW Operating, Inc.",Camp Bow Wow,Westminster,CO,JEFFERSON,Pet Boarding and/or Training,3/2/2026,39.8366528,-105.0372046,,2024.0,,,,,,,,
1691.0,"CBW Operating, Inc.",Camp Bow Wow,Westminster,CO,JEFFERSON,Pet Grooming Facility - Primary Facility Owner,3/2/2026,39.8366528,-105.0372046,,2024.0,,,,,,,,
1692.0,Cheryl Kay McMurl,Cheryl's Dog Grooming,Arvada,CO,JEFFERSON,Pet Grooming Facility - Primary Facility Owner,3/2/2026,39.8027644,-105.0874842,,2024.0,,,,,,,,
1693.0,Chow Down Inc,Chow Down Pet Supplies,Evergreen,CO,JEFFERSON,Pet Grooming Facility - Primary Facility Owner,3/2/2026,39.6909065,-105.3580958,80439.0,2024.0,,,,,,,,
1694.0,Chow Down Inc,Chow Down Pet Supplies,Evergreen,CO,JEFFERSON,Pet Grooming Facility - Self Wash Facility,3/2/2026,39.6909065,-105.3580958,80439.0,2024.0,,,,,,,,
1695.0,Chuck & Don's,,Arvada,CO,JEFFERSON,Pet Grooming Facility - Primary Facility Owner,3/2/2026,39.8110721,-105.0515405,80003.0,2024.0,,,,,,,,
1696.0,Circle 2 Ranch An Animal Sanctuary,Circle 2 Rescue,Evergreen,CO,JEFFERSON,Pet Animal Large Rescue,3/2/2026,39.6320524,-105.4025569,80439.0,2024.0,,,,,,,,
1697.0,Clearwater Dog Training,Nikeno's Second Chances,Lakewood,CO,JEFFERSON,Pet Boarding and/or Training,3/2/2026,39.739024,-105.095192,80215.0,2024.0,,,,,,,,
1698.0,Clearwater Dog Training,Nikeno's Second Chances,Lakewood,CO,JEFFERSON,Pet Handler,3/2/2026,39.739024,-105.095192,80215.0,2024.0,,,,,,,,
1699.0,Clearwater Dog Training,Nikeno's Second Chances,Lakewood,CO,JEFFERSON,Pet Animal Small Rescue,3/2/2026,39.739024,-105.095192,80215.0,2024.0,,,,,,,,
1700.0,"CL's Grooming, Inc.",,arvada,CO,JEFFERSON,Pet Grooming Facility - Primary Facility Owner,3/2/2026,39.8314495,-105.0776302,80003.0,2024.0,,,,,,,,
1701.0,Colfax Pet LLC,Hobnob,Lakewood,CO,JEFFERSON,Pet Boarding and/or Training,3/2/2026,39.7337304,-105.1595906,80401.0,2024.0,,,,,,,,
1702.0,Colfax Pet LLC,Hobnob,Lakewood,CO,JEFFERSON,Pet Grooming Facility - Primary Facility Owner,3/2/2026,39.7337304,-105.1595906,80401.0,2024.0,,,,,,,,
1703.0,Colorado Berners,,Golden,CO,JEFFERSON,Small Scale Dog Breeder,3/2/2026,39.755543,-105.2210997,,2024.0,,,,,,,,
1704.0,Colorado Feline Foster Rescue,,Morrison,CO,JEFFERSON,Pet Animal Small Rescue,3/2/2026,39.6535988,-105.1910996,,2024.0,,,,,,,,
1705.0,ComPAWssionate Canines LLC,,Lakewood,CO,JEFFERSON,Pet Boarding and/or Training,3/2/2026,39.7047095,-105.0813734,,2024.0,,,,,,,,
1706.0,ComPAWssionate Canines LLC,,Lakewood,CO,JEFFERSON,Pet Handler,3/2/2026,39.7047095,-105.0813734,,2024.0,,,,,,,,
1707.0,Corner Grove LLC,Stockton Pet Hospital,Lakewood,CO,JEFFERSON,Pet Boarding and/or Training,3/2/2026,39.7047095,-105.0813734,,2024.0,,,,,,,,
1708.0,Corner Grove LLC,Stockton Pet Hospital,Lakewood,CO,JEFFERSON,Pet Grooming Facility - Primary Facility Owner,3/2/2026,39.7047095,-105.0813734,,2024.0,,,,,,,,
1709.0,Courtney Carlson,Dog Grooming,Morrison,CO,JEFFERSON,Independent Contractor (IC) Pet Groomer,3/2/2026,39.6535988,-105.1910996,,2024.0,,,,,,,,
1710.0,"Cupid's Cuts, LLC",,Arvada,CO,JEFFERSON,Pet Grooming Facility - Mobile Groomer,3/2/2026,39.8422237,-105.0522257,80030.0,2024.0,,,,,,,,
1711.0,Dana L. Mulberry,Dana's Pet Salon - Professional Mobile Grooming,Arvada,CO,JEFFERSON,Pet Grooming Facility - Mobile Groomer,3/2/2026,39.8027644,-105.0874842,,2024.0,,,,,,,,
1712.0,Dana's Pampered Pets Corp,Furry Friends Grooming,Lakewood,CO,JEFFERSON,Pet Grooming Facility - Primary Facility Owner,3/2/2026,39.7047095,-105.0813734,,2024.0,,,,,,,,
1713.0,"Dandy Ventures, Inc.",Pet Supplies Plus # 4017,Golden,CO,JEFFERSON,Retail / Wholesale of Pet Animals,3/2/2026,39.755543,-105.2210997,,2024.0,,,,,,,,
1714.0,"Dandy Ventures, Inc.",Pet Supplies Plus # 4017,Golden,CO,JEFFERSON,Pet Grooming Facility - Self Wash Facility,3/2/2026,39.755543,-105.2210997,,2024.0,,,,,,,,
1715.0,"Dandy Ventures, Inc.",Pet Supplies Plus - 4068,Arvada,CO,JEFFERSON,Retail / Wholesale of Pet Animals,3/2/2026,39.8027644,-105.0874842,,2024.0,,,,,,,,
1716.0,"Dandy Ventures, Inc.",Pet Supplies Plus - 4068,Arvada,CO,JEFFERSON,Pet Grooming Facility - Self Wash Facility,3/2/2026,39.8027644,-105.0874842,,2024.0,,,,,,,,
1717.0,"Daniel P. Atlas, DVM, PLLC",Beaver Brook Pet Center,Evergreen,CO,JEFFERSON,Pet Boarding and/or Training,3/2/2026,39.634584,-105.3155562,80439.0,2024.0,,,,,,,,
1718.0,"Daniel P. Atlas, DVM, PLLC",Beaver Brook Pet Center,Evergreen,CO,JEFFERSON,Pet Grooming Facility - Primary Facility Owner,3/2/2026,39.634584,-105.3155562,80439.0,2024.0,,,,,,,,
1719.0,Denver Kittens,,Lakewood,CO,JEFFERSON,Pet Animal Small Rescue,3/2/2026,39.7717347,-105.0441486,80212.0,2024.0,,,,,,,,
1720.0,"Destination Pet, LLC",Church Ranch Veterinary Center,Westminster,CO,JEFFERSON,Pet Boarding and/or Training,3/2/2026,39.8366528,-105.0372046,,2024.0,,,,,,,,
1721.0,"Destination Pet, LLC",Church Ranch Veterinary Center,Westminster,CO,JEFFERSON,Pet Grooming Facility - Primary Facility Owner,3/2/2026,39.8366528,-105.0372046,,2024.0,,,,,,,,
1722.0,"Destination Pet, LLC",Two Ponds Pet Lodge,Arvada,CO,JEFFERSON,Pet Boarding and/or Training,3/2/2026,39.8027644,-105.0874842,,2024.0,,,,,,,,
1723.0,"Destination Pet, LLC",Two Ponds Pet Lodge,Arvada,CO,JEFFERSON,Pet Grooming Facility - Primary Facility Owner,3/2/2026,39.8027644,-105.0874842,,2024.0,,,,,,,,
1724.0,Diane M. Grinton,Diane's Pet Grooming,Arvada,CO,JEFFERSON,Pet Grooming Facility - Primary Facility Owner,3/2/2026,39.8027644,-105.0874842,,2024.0,,,,,,,,
1725.0,Dirty Hairy?s,,Golden,CO,JEFFERSON,Pet Grooming Facility - Primary Facility Owner,3/2/2026,39.7458611,-105.143514,80401.0,2024.0,,,,,,,,
1726.0,Dirty Hairy?s,,Golden,CO,JEFFERSON,Pet Grooming Facility - Self Wash Facility,3/2/2026,39.7458611,-105.143514,80401.0,2024.0,,,,,,,,
1727.0,"DMK Rehoming, Inc.",DMK Rehoming,Littleton,CO,JEFFERSON,Pet Animal Large Rescue,3/2/2026,39.613321,-105.0166498,,2024.0,,,,,,,,
1728.0,Dog Dynamix,,Arvada,CO,JEFFERSON,Pet Boarding and/or Training,3/2/2026,39.8046709,-105.0631482,80003.0,2024.0,,,,,,,,
1729.0,Dog Dynamix,,Arvada,CO,JEFFERSON,Pet Handler,3/2/2026,39.8046709,-105.0631482,80003.0,2024.0,,,,,,,,
1730.0,Doggy Dog World Rescue,,Littleton,CO,JEFFERSON,Pet Animal Small Rescue,3/2/2026,39.613321,-105.0166498,,2024.0,,,,,,,,
1731.0,Doggy Dog World Rescue,,Littleton,CO,JEFFERSON,Independent Contractor (IC) Pet Groomer,3/2/2026,39.613321,-105.0166498,,2024.0,,,,,,,,
1732.0,"Dogpatch Grooming, Inc.",,Lakewood,CO,JEFFERSON,Pet Grooming Facility - Primary Facility Owner,3/2/2026,39.7047095,-105.0813734,,2024.0,,,,,,,,
1733.0,Dogs Evolved LLC,,LAKEWOOD,CO,JEFFERSON,Pet Handler,3/2/2026,39.7047095,-105.0813734,,2024.0,,,,,,,,
1734.0,"Dr. Cat, Inc.",Kipling Veterinary Hospital & Wellness Center,Lakewood,CO,JEFFERSON,Pet Boarding and/or Training,3/2/2026,39.7047095,-105.0813734,,2024.0,,,,,,,,
1735.0,"Dr. Cat, Inc.",Kipling Veterinary Hospital & Wellness Center,Lakewood,CO,JEFFERSON,Pet Grooming Facility - Primary Facility Owner,3/2/2026,39.7047095,-105.0813734,,2024.0,,,,,,,,
1736.0,Dream Team Pet Grooming LLC,,Lakewood,CO,JEFFERSON,Pet Grooming Facility - Primary Facility Owner,3/2/2026,39.7115937,-105.0687284,80226.0,2024.0,,,,,,,,
1737.0,Edward G White,"M.K. Group,Mantayo Kennels & Dog School",Lakewood,CO,JEFFERSON,Pet Boarding and/or Training,3/2/2026,39.7047095,-105.0813734,,2024.0,,,,,,,,
1738.0,Edward G White,"M.K. Group,Mantayo Kennels & Dog School",Lakewood,CO,JEFFERSON,Pet Grooming Facility - Primary Facility Owner,3/2/2026,39.7047095,-105.0813734,,2024.0,,,,,,,,
1739.0,Elizabeth's Grooming Splash n Dash Self Service Pet Wash LLC,,Arvada,CO,JEFFERSON,Pet Grooming Facility - Primary Facility Owner,3/2/2026,39.8009877,-105.0809268,80002.0,2024.0,,,,,,,,
1740.0,Emily Martin,Pawsitively Pets,Lakewood,CO,JEFFERSON,Pet Boarding and/or Training,3/2/2026,39.7117067,-105.0900575,80226.0,2024.0,,,,,,,,
1741.0,Emily Martin,Pawsitively Pets,Lakewood,CO,JEFFERSON,Pet Handler,3/2/2026,39.7117067,-105.0900575,80226.0,2024.0,,,,,,,,
1742.0,Evergreen Animal Protective League,,Evergreen,CO,JEFFERSON,Pet Animal Large Rescue,3/2/2026,39.680768,-105.364435,80439.0,2024.0,,,,,,,,
1743.0,Evergreen Animal Protective League CatLodge,EAPL,Evergreen,CO,JEFFERSON,Pet Animal Small Shelter,3/2/2026,39.680768,-105.364435,80439.0,2024.0,,,,,,,,
1744.0,Evergreen Animal Protective League Chow Down,,Evergreen,CO,JEFFERSON,Pet Animal Small Shelter,3/2/2026,39.680768,-105.364435,80439.0,2024.0,,,,,,,,
1745.0,"Evergreen Cat Lodge, LLC",,Evergreen,CO,JEFFERSON,Pet Boarding and/or Training,3/2/2026,39.7145601,-105.3631729,80439.0,2024.0,,,,,,,,
1746.0,"Evergreen Cat Lodge, LLC",,Evergreen,CO,JEFFERSON,Pet Grooming Facility - Primary Facility Owner,3/2/2026,39.7145601,-105.3631729,80439.0,2024.0,,,,,,,,
1747.0,Foothills Animal Shelter,,Golden,CO,JEFFERSON,Pet Animal Large Shelter,3/2/2026,39.7247668,-105.1738432,80401.0,2024.0,,,,,,,,
1748.0,Foothills Animal Shelter,,Golden,CO,JEFFERSON,Bird Band,3/2/2026,39.7247668,-105.1738432,80401.0,2024.0,,,,,,,,
1749.0,Foothills Mobile Dog Grooming LLC,,Lakewood,CO,JEFFERSON,Pet Grooming Facility - Mobile Groomer,3/2/2026,39.7047095,-105.0813734,,2024.0,,,,,,,,
1750.0,Four Paws Grooming LLC,,Morrison,CO,JEFFERSON,Pet Grooming Facility - Mobile Groomer,3/2/2026,39.6535988,-105.1910996,,2024.0,,,,,,,,
1751.0,Friendly Hills Ventures Corp.,Denver Foothills Woofies,Morrison,CO,JEFFERSON,Pet Grooming Facility - Mobile Groomer,3/2/2026,39.6535988,-105.1910996,,2024.0,,,,,,,,
1752.0,Friends for Life; Holistic Pet Training,Friends for Life; Holistic Pet Training & Educational Center,Evergreen,CO,JEFFERSON,Pet Boarding and/or Training,3/2/2026,39.6502288,-105.3468508,80439.0,2024.0,,,,,,,,
1753.0,Friends for Life; Holistic Pet Training,Friends for Life; Holistic Pet Training & Educational Center,Evergreen,CO,JEFFERSON,Pet Handler,3/2/2026,39.6502288,-105.3468508,80439.0,2024.0,,,,,,,,
1754.0,Front Range Freedom Rescue,,Lakewood,CO,JEFFERSON,Pet Animal Large Rescue,3/2/2026,39.6751469,-105.0847742,80227.0,2024.0,,,,,,,,
1755.0,Furtastic Pet Grooming,,Golden,CO,JEFFERSON,Pet Grooming Facility - Primary Facility Owner,3/2/2026,39.7241474,-105.165077,80401.0,2024.0,,,,,,,,
1756.0,Garden of the Dawgs,,Arvada,CO,JEFFERSON,Pet Boarding and/or Training,3/2/2026,39.8027644,-105.0874842,,2024.0,,,,,,,,
1757.0,Gayle King,,Golden,CO,JEFFERSON,Small Scale Dog Breeder,3/2/2026,39.755543,-105.2210997,,2024.0,,,,,,,,
1758.0,"Give A Dog A Bath, LLC",Scenthound Littleton,Littleton,CO,JEFFERSON,Pet Grooming Facility - Primary Facility Owner,3/2/2026,39.613321,-105.0166498,,2024.0,,,,,,,,
1759.0,"Golden Retriever Freedom Rescue, Inc.",Golden Retriever Freedom Rescue,Lakewood,CO,JEFFERSON,Pet Animal Large Rescue,3/2/2026,39.7047095,-105.0813734,,2024.0,,,,,,,,
1760.0,Golden Retriever Rescue of the Rockies,,Arvada,CO,JEFFERSON,Pet Animal Small Shelter,3/2/2026,39.8261908,-105.1716991,80007.0,2024.0,,,,,,,,
1761.0,"Good Dog, DYNO LLC",,Lakewood,CO,JEFFERSON,Pet Boarding and/or Training,3/2/2026,39.7417487,-105.0896957,80214.0,2024.0,,,,,,,,
1762.0,"Good Dog, DYNO LLC",,Lakewood,CO,JEFFERSON,Pet Handler,3/2/2026,39.7417487,-105.0896957,80214.0,2024.0,,,,,,,,
1763.0,Gray Muzzle Society,,Lakewood,CO,JEFFERSON,Pet Animal Small Rescue,3/2/2026,39.6783423,-105.0606989,80227.0,2024.0,,,,,,,,
1764.0,Green Car Wash,Green Car Wash and Dog Wash,Littleton,CO,JEFFERSON,Pet Grooming Facility - Self Wash Facility,3/2/2026,39.567702,-105.079191,80128.0,2024.0,,,,,,,,
1765.0,Grooming Gray Style LLC,Happy Paws,Morrison,CO,JEFFERSON,Pet Grooming Facility - Primary Facility Owner,3/2/2026,39.6535988,-105.1910996,,2024.0,,,,,,,,
1766.0,Grooms By Cait LLC,,Littleton,CO,JEFFERSON,Pet Grooming Facility - Secondary Facility Owner,3/2/2026,39.613321,-105.0166498,,2024.0,,,,,,,,
1767.0,Helen K. Chaffee,"Denver Bun Butler, Bun Butler Mobile Bunny Spa",Lakewood,CO,JEFFERSON,Pet Grooming Facility - Mobile Groomer,3/2/2026,39.7047095,-105.0813734,,2024.0,,,,,,,,
1768.0,"High Altitude Dance, LTD",Mountain Tails,Conifer,CO,JEFFERSON,Pet Grooming Facility - Primary Facility Owner,3/2/2026,39.520264,-105.3067316,80433.0,2024.0,,,,,,,,
1769.0,High Altitude Holistic Pets LLC,EarthWise Pet,Littleton,CO,JEFFERSON,Pet Grooming Facility - Primary Facility Owner,3/2/2026,39.5929209,-104.9635179,80122.0,2024.0,,,,,,,,
1770.0,Hogan Inc,Pet Supplies Plus,Wheat Ridge,CO,JEFFERSON,Retail / Wholesale of Pet Animals,3/2/2026,39.7825109,-105.1398152,80033.0,2024.0,,,,,,,,
1771.0,Hogan Inc,Pet Supplies Plus,Wheat Ridge,CO,JEFFERSON,Pet Grooming Facility - Primary Facility Owner,3/2/2026,39.7825109,-105.1398152,80033.0,2024.0,,,,,,,,
1772.0,Holly M. Thibault,Pinehurst Animal Center,Lakewood,CO,JEFFERSON,Pet Boarding and/or Training,3/2/2026,39.7047095,-105.0813734,,2024.0,,,,,,,,
1773.0,Holly M. Thibault,Pinehurst Animal Center,Lakewood,CO,JEFFERSON,Pet Grooming Facility - Primary Facility Owner,3/2/2026,39.7047095,-105.0813734,,2024.0,,,,,,,,
1774.0,Hope for Animals Clear Creek Rescue,Clear Creek Rescue,Golden,CO,JEFFERSON,Pet Animal Small Rescue,3/2/2026,39.7544293,-105.2369046,,2024.0,,,,,,,,
1775.0,"Hound Bound Mobile Grooming, LLC",,Golden,CO,JEFFERSON,Pet Grooming Facility - Mobile Groomer,3/2/2026,39.755543,-105.2210997,,2024.0,,,,,,,,
1776.0,Hounds Town Denver West Arvada,Hounds Town Denver West - Arvada,Wheat Ridge,CO,JEFFERSON,Pet Boarding and/or Training,3/2/2026,39.7839951,-105.1281787,80033.0,2024.0,,,,,,,,
1777.0,Hounds Town Denver West Arvada,Hounds Town Denver West - Arvada,Wheat Ridge,CO,JEFFERSON,Pet Handler,3/2/2026,39.7839951,-105.1281787,80033.0,2024.0,,,,,,,,
1778.0,In the Dog House LLC,,Golden,CO,JEFFERSON,Pet Grooming Facility - Primary Facility Owner,3/2/2026,39.755543,-105.2210997,,2024.0,,,,,,,,
1779.0,Inkentshane K9 LTD,,Arvada,CO,JEFFERSON,Pet Boarding and/or Training,3/2/2026,39.8334242,-105.1459511,80005.0,2024.0,,,,,,,,
1780.0,"IPP Buyer Acquisition, LLC",Chuck & Don's,Littleton,CO,JEFFERSON,Pet Grooming Facility - Primary Facility Owner,3/2/2026,39.613321,-105.0166498,,2024.0,,,,,,,,
1781.0,iResQ RR,,Golden,CO,JEFFERSON,Pet Animal Large Rescue,3/2/2026,39.755543,-105.2210997,,2024.0,,,,,,,,
1782.0,iResQ RR,,Golden,CO,JEFFERSON,Pet Transporter,3/2/2026,39.755543,-105.2210997,,2024.0,,,,,,,,
1783.0,It's A Dog's Life LLC,,Littleton,CO,JEFFERSON,Pet Grooming Facility - Primary Facility Owner,3/2/2026,39.5940602,-105.0897316,80123.0,2024.0,,,,,,,,
1784.0,J~M Dog Spa LLC,,Arvada,CO,JEFFERSON,Pet Grooming Facility - Primary Facility Owner,3/2/2026,39.85566499999999,-105.099792,80005.0,2024.0,,,,,,,,
1785.0,J~M Dog Spa LLC,,Arvada,CO,JEFFERSON,Pet Boarding and/or Training,3/2/2026,39.85566499999999,-105.099792,80005.0,2024.0,,,,,,,,
1786.0,"Jared's, Inc.",Jared's Nursery Gift & Garden,Littleton,CO,JEFFERSON,Aquarium Only,3/2/2026,39.5998093,-104.9886886,80121.0,2024.0,,,,,,,,
1787.0,Jenna P. Prickett,For Pet's Sake Grooming,Arvada,CO,JEFFERSON,Pet Grooming Facility - Primary Facility Owner,3/2/2026,39.8027644,-105.0874842,,2024.0,,,,,,,,
1788.0,Jennifer Burgess,Charly's Dog Grooming,Wheat Ridge,CO,JEFFERSON,Pet Grooming Facility - Secondary Facility Owner,3/2/2026,39.766098,-105.0772063,,2024.0,,,,,,,,
1789.0,Jessica Ayer Dufner LLC,Dashing Doggy Mobile Salon,Littleton,CO,JEFFERSON,Pet Grooming Facility - Mobile Groomer,3/2/2026,39.613321,-105.0166498,,2024.0,,,,,,,,
1790.0,JFB Inc.,Dog Country Grooming,Arvada,CO,JEFFERSON,Pet Grooming Facility - Primary Facility Owner,3/2/2026,39.8027644,-105.0874842,,2024.0,,,,,,,,
1791.0,Jon Langdon Inc.,Sit Means Sit Dog Training,Littleton,CO,JEFFERSON,Pet Boarding and/or Training,3/2/2026,39.613321,-105.0166498,,2024.0,,,,,,,,
1792.0,K9 Castle,,Lakewood,CO,JEFFERSON,Pet Boarding and/or Training,3/2/2026,39.7392991,-105.0786204,80214.0,2024.0,,,,,,,,
1793.0,K9 Castle,,Lakewood,CO,JEFFERSON,Pet Grooming Facility - Primary Facility Owner,3/2/2026,39.7392991,-105.0786204,80214.0,2024.0,,,,,,,,
1794.0,K9 Consultants Inc.,Arvada Dog Den,Arvada,CO,JEFFERSON,Pet Boarding and/or Training,3/2/2026,39.823261,-105.1139237,80004.0,2024.0,,,,,,,,
1795.0,"Kangaroo Ranch, LLC",Kangaroo Ranch LLC,Wheat Ridge,CO,JEFFERSON,Commercial Pet Animal Facility,3/2/2026,39.7860546,-105.1062205,80033.0,2024.0,,,,,,,,
1796.0,Karen Brady,,Arvada,CO,JEFFERSON,Pet Transporter,3/2/2026,39.8027644,-105.0874842,,2024.0,,,,,,,,
1797.0,Katerina Evers,Colorado Maine Coons,Conifer,CO,JEFFERSON,Cat Breeder,3/2/2026,39.520264,-105.3067316,80433.0,2024.0,,,,,,,,
1798.0,Kayla M. Morgan,Kayla's grooming,Lakewood,CO,JEFFERSON,Independent Contractor (IC) Pet Groomer,3/2/2026,39.7047095,-105.0813734,,2024.0,,,,,,,,
1799.0,Keli's Pet Grooming LLC,,Denver,CO,JEFFERSON,Pet Grooming Facility - Primary Facility Owner,3/2/2026,39.7479038,-105.1420391,80215.0,2024.0,,,,,,,,
1800.0,Kelly Hesser,Wesco Dog Grooming,Denver,CO,JEFFERSON,Pet Grooming Facility - Primary Facility Owner,3/2/2026,39.7392358,-104.990251,,2024.0,,,,,,,,
1801.0,Kelly J Waugh,"Pets-N-Stuff,Pick A Pet",Lakewood,CO,JEFFERSON,Pet Grooming Facility - Self Wash Facility,3/2/2026,39.7047095,-105.0813734,,2024.0,,,,,,,,
1802.0,Kimberly K Myers,Bow Wow Boutique,Golden,CO,JEFFERSON,Pet Boarding and/or Training,3/2/2026,39.7417251,-105.1585292,80401.0,2024.0,,,,,,,,
1803.0,Kimberly K Myers,Bow Wow Boutique,Golden,CO,JEFFERSON,Pet Grooming Facility - Primary Facility Owner,3/2/2026,39.7417251,-105.1585292,80401.0,2024.0,,,,,,,,
1804.0,"Kindred Canine, LLC",,Lakewood,CO,JEFFERSON,Pet Boarding and/or Training,3/2/2026,39.7047095,-105.0813734,,2024.0,,,,,,,,
1805.0,"Kindred Canine, LLC",,Lakewood,CO,JEFFERSON,Pet Handler,3/2/2026,39.7047095,-105.0813734,,2024.0,,,,,,,,
1806.0,Klaudia L Pierowski,Canine Culture Grooming Studio,Evergreen,CO,JEFFERSON,Pet Grooming Facility - Primary Facility Owner,3/2/2026,39.634584,-105.3155562,80439.0,2024.0,,,,,,,,
1807.0,Laura Lederman DVM LLC,Genesee Veterinary Hospital,Golden,CO,JEFFERSON,Pet Boarding and/or Training,3/2/2026,39.755543,-105.2210997,,2024.0,,,,,,,,
1808.0,Lauren Chen,,Arvada,CO,JEFFERSON,Independent Contractor (IC) Pet Groomer,3/2/2026,39.8027644,-105.0874842,,2024.0,,,,,,,,
1809.0,Linda Suter,Linda the Groomer / Doggie Styles,Wheat Ridge,CO,JEFFERSON,Pet Grooming Facility - Primary Facility Owner,3/2/2026,39.766098,-105.0772063,,2024.0,,,,,,,,
1810.0,"Littleton Group, Ltd",Come Sit Stay Pet Resort,Littleton,CO,JEFFERSON,Pet Boarding and/or Training,3/2/2026,39.613321,-105.0166498,,2024.0,,,,,,,,
1811.0,"Littleton Group, Ltd",Come Sit Stay Pet Resort,Littleton,CO,JEFFERSON,Pet Grooming Facility - Primary Facility Owner,3/2/2026,39.613321,-105.0166498,,2024.0,,,,,,,,
1812.0,"LLJ Consulting, LLC","Brush & Combs Pet Spa, LLC,Brush & Combs, LLC",Arvada,CO,JEFFERSON,Pet Grooming Facility - Primary Facility Owner,3/2/2026,39.8027644,-105.0874842,,2024.0,,,,,,,,
1813.0,"LSPC DN LAKEWOOD, LLC",Dogtopia,Lakewood,CO,JEFFERSON,Pet Boarding and/or Training,3/2/2026,39.7047095,-105.0813734,,2024.0,,,,,,,,
1814.0,"LSPC DN LAKEWOOD, LLC",Dogtopia,Lakewood,CO,JEFFERSON,Pet Grooming Facility - Primary Facility Owner,3/2/2026,39.7047095,-105.0813734,,2024.0,,,,,,,,
1815.0,LSPC DN Wheatridge LLC,Dogtopia,Denver,CO,JEFFERSON,Pet Boarding and/or Training,3/2/2026,39.766098,-105.0772063,,2024.0,,,,,,,,
1816.0,LSPC DN Wheatridge LLC,Dogtopia,Denver,CO,JEFFERSON,Pet Grooming Facility - Primary Facility Owner,3/2/2026,39.766098,-105.0772063,,2024.0,,,,,,,,
1817.0,LSPC WM Westminster LLC,Dogtopia,Westminster,CO,JEFFERSON,Pet Boarding and/or Training,3/2/2026,39.8366528,-105.0372046,,2024.0,,,,,,,,
1818.0,LSPC WM Westminster LLC,Dogtopia,Westminster,CO,JEFFERSON,Pet Grooming Facility - Primary Facility Owner,3/2/2026,39.8366528,-105.0372046,,2024.0,,,,,,,,
1819.0,"Magic Van Dog Grooming, Inc",,Arvada,CO,JEFFERSON,Pet Grooming Facility - Mobile Groomer,3/2/2026,39.8027644,-105.0874842,,2024.0,,,,,,,,
1820.0,Margaret H. Shiraishi,Pretty Baby Grooming,Arvada,CO,JEFFERSON,Pet Grooming Facility - Primary Facility Owner,3/2/2026,39.8027644,-105.0874842,,2024.0,,,,,,,,
1821.0,Margie S. Turner,Little Dove Pet Wash,Littleton,CO,JEFFERSON,Pet Grooming Facility - Mobile Groomer,3/2/2026,39.613321,-105.0166498,,2024.0,,,,,,,,
1822.0,Max Bull Inc.,Pet Supplies Plus,Arvada,CO,JEFFERSON,Retail / Wholesale of Pet Animals,3/2/2026,39.8027644,-105.0874842,,2024.0,,,,,,,,
1823.0,Max Bull Inc.,Pet Supplies Plus,Arvada,CO,JEFFERSON,Pet Grooming Facility - Primary Facility Owner,3/2/2026,39.8027644,-105.0874842,,2024.0,,,,,,,,
1824.0,Melissa Kowing,Angel Paws Puppy Spa,Arvada,CO,JEFFERSON,Pet Grooming Facility - Primary Facility Owner,3/2/2026,39.8027644,-105.0874842,,2024.0,,,,,,,,
1825.0,Melissa R Louqee Shearer,Melissa's Grooming,Arvada,CO,JEFFERSON,Independent Contractor (IC) Pet Groomer,3/2/2026,39.8027644,-105.0874842,,2024.0,,,,,,,,
1826.0,"MKIG Ventures, LLC",Hike Doggie Flatirons,ARVADA,CO,JEFFERSON,Pet Handler,3/2/2026,39.8027644,-105.0874842,,2024.0,,,,,,,,
1827.0,Mod Pawz: A Modern Pet Salon,,Littleton,CO,JEFFERSON,Pet Grooming Facility - Primary Facility Owner,3/2/2026,39.58143099999999,-105.071562,80128.0,2024.0,,,,,,,,
1828.0,Morina Enterprises,The Bark Club,Lakewood,CO,JEFFERSON,Pet Boarding and/or Training,3/2/2026,39.7047095,-105.0813734,,2024.0,,,,,,,,
1829.0,Morina Enterprises,The Bark Club,Lakewood,CO,JEFFERSON,Pet Grooming Facility - Primary Facility Owner,3/2/2026,39.7047095,-105.0813734,,2024.0,,,,,,,,
1830.0,"Mountain Pet Grooming, Inc.",,Evergreen,CO,JEFFERSON,Pet Grooming Facility - Primary Facility Owner,3/2/2026,39.6322511,-105.3202855,80439.0,2024.0,,,,,,,,
1831.0,Mountain View Canine Services LLC,,Lakewood,CO,JEFFERSON,Pet Boarding and/or Training,3/2/2026,39.6476513,-105.0870144,80235.0,2024.0,,,,,,,,
1832.0,Mountain View Canine Services LLC,,Lakewood,CO,JEFFERSON,Pet Handler,3/2/2026,39.6476513,-105.0870144,80235.0,2024.0,,,,,,,,
1833.0,"MPVH Holdings, Inc.",Mountain Parks Adventure Camp and Pet Lodge,Evergreen,CO,JEFFERSON,Pet Boarding and/or Training,3/2/2026,39.634584,-105.3155562,80439.0,2024.0,,,,,,,,
1834.0,"MPVH Holdings, Inc.",Mountain Parks Adventure Camp and Pet Lodge,Evergreen,CO,JEFFERSON,Pet Grooming Facility - Primary Facility Owner,3/2/2026,39.634584,-105.3155562,80439.0,2024.0,,,,,,,,
1835.0,Muddy Paws Bath House LLC,,Wheat Ridge,CO,JEFFERSON,Pet Grooming Facility - Primary Facility Owner,3/2/2026,39.7754327,-105.0622577,80033.0,2024.0,,,,,,,,
1836.0,Mutt's N' Sud's LLC,Mutt's N'Sud's LLC,Golden,CO,JEFFERSON,Pet Grooming Facility - Mobile Groomer,3/2/2026,39.7803159,-105.2417447,80403.0,2024.0,,,,,,,,
1837.0,Nicholas Jamieson,Nick's Dogs,Lakewood,CO,JEFFERSON,Pet Grooming Facility - Primary Facility Owner,3/2/2026,39.7047095,-105.0813734,,2024.0,,,,,,,,
1838.0,Nichole J Heffner,pimp my dogo,morrison,CO,JEFFERSON,Independent Contractor (IC) Pet Groomer,3/2/2026,39.6535988,-105.1910996,,2024.0,,,,,,,,
1839.0,NVA Arvada Flats Veterinary Management LLC,Arvada Flats Veterinary Hospital,Arvada,CO,JEFFERSON,Pet Grooming Facility - Primary Facility Owner,3/2/2026,39.8111457,-105.1571502,80004.0,2024.0,,,,,,,,
1840.0,Pampered Paws Pet Spa LLC,,Arvada,CO,JEFFERSON,Pet Grooming Facility - Mobile Groomer,3/2/2026,39.8082316,-105.1073945,80004.0,2024.0,,,,,,,,
1841.0,Paula M. Kanios,Cat Cradle Cattery,Wheat Ridge,CO,JEFFERSON,Pet Boarding and/or Training,3/2/2026,39.766098,-105.0772063,,2024.0,,,,,,,,
1842.0,Paws 4 Productivity LLC,,Lakewood,CO,JEFFERSON,Pet Handler,3/2/2026,39.7199048,-105.1164608,,2024.0,,,,,,,,
1843.0,"Paws Plus, LLC",Stephanie Baum,Arvada,CO,JEFFERSON,Pet Grooming Facility - Mobile Groomer,3/2/2026,39.8027644,-105.0874842,,2024.0,,,,,,,,
1844.0,"Paws Plus, LLC",Stephanie Baum,Arvada,CO,JEFFERSON,Independent Contractor (IC) Pet Groomer,3/2/2026,39.8027644,-105.0874842,,2024.0,,,,,,,,
1845.0,Pawsitively Purrfect Inc,A Paw Spa,Littleton,CO,JEFFERSON,Pet Grooming Facility - Primary Facility Owner,3/2/2026,39.613321,-105.0166498,,2024.0,,,,,,,,
1846.0,Pawsitively Purrfect LLC,Pet Grooming,Conifer,CO,JEFFERSON,Pet Grooming Facility - Primary Facility Owner,3/2/2026,39.50099489999999,-105.3261499,80433.0,2024.0,,,,,,,,
1847.0,Pet Designs Inc.,,Westminster,CO,JEFFERSON,Pet Grooming Facility - Primary Facility Owner,3/2/2026,39.8773782,-105.0999765,80021.0,2024.0,,,,,,,,
1848.0,Pet Grooming by Kelly,,Arvada,CO,JEFFERSON,Pet Grooming Facility - Primary Facility Owner,3/2/2026,39.8027644,-105.0874842,,2024.0,,,,,,,,
1849.0,Pet World Inc.,Pet World,Lakewood,CO,JEFFERSON,Pet Boarding and/or Training,3/2/2026,39.7332306,-105.0808301,80214.0,2024.0,,,,,,,,
1850.0,Pet World Inc.,Pet World,Lakewood,CO,JEFFERSON,Retail / Wholesale of Pet Animals,3/2/2026,39.7332306,-105.0808301,80214.0,2024.0,,,,,,,,
1851.0,Pet World Inc.,Pet World,Lakewood,CO,JEFFERSON,Pet Animal Small Shelter,3/2/2026,39.7332306,-105.0808301,80214.0,2024.0,,,,,,,,
1852.0,Pet World Inc.,Pet World,Lakewood,CO,JEFFERSON,Pet Grooming Facility - Primary Facility Owner,3/2/2026,39.7332306,-105.0808301,80214.0,2024.0,,,,,,,,
1853.0,Pet World Inc.,Pet World,Lakewood,CO,JEFFERSON,Bird Band,3/2/2026,39.7332306,-105.0808301,80214.0,2024.0,,,,,,,,
1854.0,"Petco Animal Supplies Store, Inc",Petco - 0496,Golden,CO,JEFFERSON,Retail / Wholesale of Pet Animals,3/2/2026,39.755543,-105.2210997,,2024.0,,,,,,,,
1855.0,"Petco Animal Supplies Store, Inc",Petco - 0496,Golden,CO,JEFFERSON,Pet Grooming Facility - Primary Facility Owner,3/2/2026,39.755543,-105.2210997,,2024.0,,,,,,,,
1856.0,"Petco Animal Supplies Store, Inc",Petco - #0488,Lakewood,CO,JEFFERSON,Retail / Wholesale of Pet Animals,3/2/2026,39.7047095,-105.0813734,,2024.0,,,,,,,,
1857.0,"Petco Animal Supplies Store, Inc",Petco - #0488,Lakewood,CO,JEFFERSON,Pet Grooming Facility - Primary Facility Owner,3/2/2026,39.7047095,-105.0813734,,2024.0,,,,,,,,
1858.0,"Petco Animal Supplies Store, Inc",,Lakeside,CO,JEFFERSON,Retail / Wholesale of Pet Animals,3/2/2026,39.77908050000001,-105.057631,80212.0,2024.0,,,,,,,,
1859.0,"Petco Animal Supplies Store, Inc",,Lakeside,CO,JEFFERSON,Pet Grooming Facility - Primary Facility Owner,3/2/2026,39.77908050000001,-105.057631,80212.0,2024.0,,,,,,,,
1860.0,"Petco Animal Supplies Store, Inc",,Arvada,CO,JEFFERSON,Retail / Wholesale of Pet Animals,3/2/2026,39.8571266,-105.0724551,80031.0,2024.0,,,,,,,,
1861.0,"Petco Animal Supplies Store, Inc",,Arvada,CO,JEFFERSON,Pet Grooming Facility - Primary Facility Owner,3/2/2026,39.8571266,-105.0724551,80031.0,2024.0,,,,,,,,
1862.0,Petology Groomery LLC,,Littleton,CO,JEFFERSON,Pet Grooming Facility - Primary Facility Owner,3/2/2026,39.5963889,-105.1063889,80123.0,2024.0,,,,,,,,
1863.0,Pets Western,Pets Western,Lakwood,CO,JEFFERSON,Pet Handler,3/2/2026,39.7047095,-105.0813734,,2024.0,,,,,,,,
1864.0,"Petsmart, Inc.",PetSmart - 1458,Westminster,CO,JEFFERSON,Retail / Wholesale of Pet Animals,3/2/2026,39.8896001,-105.0753599,80021.0,2024.0,,,,,,,,
1865.0,"Petsmart, Inc.",PetSmart - 1458,Westminster,CO,JEFFERSON,Pet Grooming Facility - Primary Facility Owner,3/2/2026,39.8896001,-105.0753599,80021.0,2024.0,,,,,,,,
1866.0,"Petsmart, Inc.",PetSmart - 1458,Westminster,CO,JEFFERSON,Pet Boarding and/or Training,3/2/2026,39.8896001,-105.0753599,80021.0,2024.0,,,,,,,,
1867.0,"PetSmart, Inc.",PetSmart #230,Lakewood,CO,JEFFERSON,Pet Boarding and/or Training,3/2/2026,39.7196877,-105.0801275,80226.0,2024.0,,,,,,,,
1868.0,"PetSmart, Inc.",PetSmart #230,Lakewood,CO,JEFFERSON,Retail / Wholesale of Pet Animals,3/2/2026,39.7196877,-105.0801275,80226.0,2024.0,,,,,,,,
1869.0,"PetSmart, Inc.",PetSmart #230,Lakewood,CO,JEFFERSON,Pet Grooming Facility - Primary Facility Owner,3/2/2026,39.7196877,-105.0801275,80226.0,2024.0,,,,,,,,
1870.0,"PetSmart, Inc.",PetSmart #228,Wheat Ridge,CO,JEFFERSON,Retail / Wholesale of Pet Animals,3/2/2026,39.7652129,-105.1399497,80033.0,2024.0,,,,,,,,
1871.0,"PetSmart, Inc.",PetSmart #228,Wheat Ridge,CO,JEFFERSON,Pet Grooming Facility - Primary Facility Owner,3/2/2026,39.7652129,-105.1399497,80033.0,2024.0,,,,,,,,
1872.0,"PetSmart, Inc.",PetSmart - 252,Arvada,CO,JEFFERSON,Pet Boarding and/or Training,3/2/2026,39.7939525,-105.0828906,80002.0,2024.0,,,,,,,,
1873.0,"PetSmart, Inc.",PetSmart - 252,Arvada,CO,JEFFERSON,Retail / Wholesale of Pet Animals,3/2/2026,39.7939525,-105.0828906,80002.0,2024.0,,,,,,,,
1874.0,"PetSmart, Inc.",PetSmart - 252,Arvada,CO,JEFFERSON,Pet Grooming Facility - Primary Facility Owner,3/2/2026,39.7939525,-105.0828906,80002.0,2024.0,,,,,,,,
1875.0,"Petsmart, Inc.",PetSmart - 1084,Littleton,CO,JEFFERSON,Pet Boarding and/or Training,3/2/2026,39.613321,-105.0166498,,2024.0,,,,,,,,
1876.0,"Petsmart, Inc.",PetSmart - 1084,Littleton,CO,JEFFERSON,Retail / Wholesale of Pet Animals,3/2/2026,39.613321,-105.0166498,,2024.0,,,,,,,,
1877.0,"Petsmart, Inc.",PetSmart - 1084,Littleton,CO,JEFFERSON,Pet Grooming Facility - Primary Facility Owner,3/2/2026,39.613321,-105.0166498,,2024.0,,,,,,,,
1878.0,"PETSuites of America, LLC",Bergen Bark Inn,Evergreen,CO,JEFFERSON,Pet Boarding and/or Training,3/2/2026,39.634584,-105.3155562,80439.0,2024.0,,,,,,,,
1879.0,"PETSuites of America, LLC",Bergen Bark Inn,Evergreen,CO,JEFFERSON,Pet Grooming Facility - Primary Facility Owner,3/2/2026,39.634584,-105.3155562,80439.0,2024.0,,,,,,,,
1880.0,Phillip Lietz,Arids Only,Arvada,CO,JEFFERSON,Reptile / Amphibian Breeder,3/2/2026,39.8027644,-105.0874842,,2024.0,,,,,,,,
1881.0,Phyllis A. Harper,Harper Dog Grooming,Arvada,CO,JEFFERSON,Pet Grooming Facility - Primary Facility Owner,3/2/2026,39.8007626,-105.0933039,80002.0,2024.0,,,,,,,,
1882.0,Pikes Peak Pomskies,,Littleton,CO,JEFFERSON,Small Scale Dog Breeder,3/2/2026,39.5355477,-104.9242821,80130.0,2024.0,,,,,,,,
1883.0,Polaris Alaskan Malamute Rescue,,Golden,CO,JEFFERSON,Pet Animal Small Rescue,3/2/2026,39.7693254,-105.2319232,80403.0,2024.0,,,,,,,,
1884.0,Proper Paws Dog Training LLC,,Westminster,CO,JEFFERSON,Pet Boarding and/or Training,3/2/2026,39.8576026,-105.0837599,80005.0,2024.0,,,,,,,,
1885.0,Proper Paws Dog Training LLC,,Westminster,CO,JEFFERSON,Pet Handler,3/2/2026,39.8576026,-105.0837599,80005.0,2024.0,,,,,,,,
1886.0,"Pugs and Hugs Rescue, Inc",,Westminster,CO,JEFFERSON,Pet Animal Small Rescue,3/2/2026,39.8366528,-105.0372046,,2024.0,,,,,,,,
1887.0,Q's Pampered Pooches Llc,The Pooch Mobile,Lakewood,CO,JEFFERSON,Pet Grooming Facility - Mobile Groomer,3/2/2026,39.7047095,-105.0813734,,2024.0,,,,,,,,
1888.0,Ralston Valley Canine,Ralston Valley Canine,Arvada,CO,JEFFERSON,Pet Boarding and/or Training,3/2/2026,39.8430395,-105.1402178,80005.0,2024.0,,,,,,,,
1889.0,Ralston Valley Canine,Ralston Valley Canine,Arvada,CO,JEFFERSON,Pet Handler,3/2/2026,39.8430395,-105.1402178,80005.0,2024.0,,,,,,,,
1890.0,Ralston Valley Canine,Ralston Valley Canine,Arvada,CO,JEFFERSON,Pet Grooming Facility - Primary Facility Owner,3/2/2026,39.8430395,-105.1402178,80005.0,2024.0,,,,,,,,
1891.0,Rene Ross,R & R Grooming,Lakewood,CO,JEFFERSON,Pet Grooming Facility - Primary Facility Owner,3/2/2026,39.7047095,-105.0813734,,2024.0,,,,,,,,
1892.0,Retriever Rescue of Colorado,,Evergreen,CO,JEFFERSON,Pet Animal Large Rescue,3/2/2026,39.634584,-105.3155562,80439.0,2024.0,,,,,,,,
1893.0,Robin L LaFloe,R&R Grooming,Lakewood,CO,JEFFERSON,Pet Grooming Facility - Secondary Facility Owner,3/2/2026,39.7117067,-105.0900575,80226.0,2024.0,,,,,,,,
1894.0,Rocky Mountain German Shepherds LLC,,Conifer,CO,JEFFERSON,Small Scale Dog Breeder,3/2/2026,39.4797363,-105.2960586,80433.0,2024.0,,,,,,,,
1895.0,Rocky Mountain German Shepherds LLC,,Conifer,CO,JEFFERSON,Pet Boarding and/or Training,3/2/2026,39.4797363,-105.2960586,80433.0,2024.0,,,,,,,,
1896.0,Rocky Mountain Great Dane Rescue,,Lakewood,CO,JEFFERSON,Pet Animal Small Rescue,3/2/2026,39.748161,-105.0884755,80214.0,2024.0,,,,,,,,
1897.0,"Rolida Kennels, LLC",,Golden,CO,JEFFERSON,Pet Boarding and/or Training,3/2/2026,39.7965418,-105.1174008,80002.0,2024.0,,,,,,,,
1898.0,Rosso Rak Kennels,,Lakewood,CO,JEFFERSON,Pet Boarding and/or Training,3/2/2026,39.67767980000001,-105.0819502,80227.0,2024.0,,,,,,,,
1899.0,Safe Harbor Lab Rescue,,Evergreen,CO,JEFFERSON,Pet Animal Large Rescue,3/2/2026,39.7529541,-105.2161441,80401.0,2024.0,,,,,,,,
1900.0,"Sage Valley Pet Center, LLC",,Golden,CO,JEFFERSON,Pet Boarding and/or Training,3/2/2026,39.7935498,-105.1843234,80403.0,2024.0,,,,,,,,
1901.0,"Sage Valley Pet Center, LLC",,Golden,CO,JEFFERSON,Pet Grooming Facility - Primary Facility Owner,3/2/2026,39.7935498,-105.1843234,80403.0,2024.0,,,,,,,,
1902.0,Salthouse Lane LLC,Camp Bow Wow Bear Creek,Lakewood,CO,JEFFERSON,Pet Boarding and/or Training,3/2/2026,39.7047095,-105.0813734,,2024.0,,,,,,,,
1903.0,Salthouse Lane LLC,Camp Bow Wow Bear Creek,Lakewood,CO,JEFFERSON,Pet Grooming Facility - Primary Facility Owner,3/2/2026,39.7047095,-105.0813734,,2024.0,,,,,,,,
1904.0,Samantha Keck,,Lakewood,CO,JEFFERSON,Independent Contractor (IC) Pet Groomer,3/2/2026,39.7047095,-105.0813734,,2024.0,,,,,,,,
1905.0,Sarah Flavin,,Lakewood,CO,JEFFERSON,Independent Contractor (IC) Pet Groomer,3/2/2026,39.6972288,-105.1288804,80228.0,2024.0,,,,,,,,
1906.0,Saralynn Dye,Country Cottage Grooming,Wheat Ridge,CO,JEFFERSON,Pet Grooming Facility - Primary Facility Owner,3/2/2026,39.766098,-105.0772063,,2024.0,,,,,,,,
1907.0,Save the Giants Dog Rescue,,Arvada,CO,JEFFERSON,Pet Animal Small Rescue,3/2/2026,39.8027644,-105.0874842,,2024.0,,,,,,,,
1908.0,"SBSF Emprise, LLC",Camp Bow Wow Golden,Golden,CO,JEFFERSON,Pet Boarding and/or Training,3/2/2026,39.755543,-105.2210997,,2024.0,,,,,,,,
1909.0,"SBSF Emprise, LLC",Camp Bow Wow Golden,Golden,CO,JEFFERSON,Pet Grooming Facility - Primary Facility Owner,3/2/2026,39.755543,-105.2210997,,2024.0,,,,,,,,
1910.0,Scenthound Lakewood,Scenthound Lakewood,Lakewood,CO,JEFFERSON,Pet Grooming Facility - Primary Facility Owner,3/2/2026,39.71671320000001,-105.0797788,80226.0,2024.0,,,,,,,,
1911.0,Scruffy's Soggy Dog Salon,Pic-A-Pet Inc,Lakewood,CO,JEFFERSON,Pet Grooming Facility - Primary Facility Owner,3/2/2026,39.6826715,-105.0857163,80232.0,2024.0,,,,,,,,
1912.0,Sharon K Micaletti,Doggie Do's,Broomfield,CO,JEFFERSON,Pet Grooming Facility - Primary Facility Owner,3/2/2026,39.9205411,-105.0866504,,2024.0,,,,,,,,
1913.0,Shelby Armenta,,Broomfield,CO,JEFFERSON,Independent Contractor (IC) Pet Groomer,3/2/2026,39.9205411,-105.0866504,,2024.0,,,,,,,,
1914.0,Siobhan N. Flaherty,Clear Creek Dog Training,Golden,CO,JEFFERSON,Pet Boarding and/or Training,3/2/2026,39.755543,-105.2210997,,2024.0,,,,,,,,
1915.0,Siobhan N. Flaherty,Clear Creek Dog Training,Golden,CO,JEFFERSON,Pet Handler,3/2/2026,39.755543,-105.2210997,,2024.0,,,,,,,,
1916.0,"Sit Happens Dog Training, Inc.",Sit Means Sit Denver Dog Training,Wheat Ridge,CO,JEFFERSON,Pet Boarding and/or Training,3/2/2026,39.766098,-105.0772063,,2024.0,,,,,,,,
1917.0,"Sit Happens Dog Training, Inc.",Sit Means Sit Denver Dog Training,Wheat Ridge,CO,JEFFERSON,Pet Handler,3/2/2026,39.766098,-105.0772063,,2024.0,,,,,,,,
1918.0,Soapy Dogs LLC,,Littleton,CO,JEFFERSON,Pet Grooming Facility - Mobile Groomer,3/2/2026,39.613321,-105.0166498,,2024.0,,,,,,,,
1919.0,Solomon Enterprises LLC,Presto Pet Food & Grooming,Morrison,CO,JEFFERSON,Pet Grooming Facility - Primary Facility Owner,3/2/2026,39.6535988,-105.1910996,,2024.0,,,,,,,,
1920.0,Solomon Enterprises LLC,Presto Pet Food & Grooming,Morrison,CO,JEFFERSON,Independent Contractor (IC) Pet Groomer,3/2/2026,39.6535988,-105.1910996,,2024.0,,,,,,,,
1921.0,"Soul Dogs, Inc",,Westminster,CO,JEFFERSON,Pet Boarding and/or Training,3/2/2026,39.8807986,-105.0911844,80021.0,2024.0,,,,,,,,
1922.0,"Soul Dogs, Inc",,Westminster,CO,JEFFERSON,Pet Animal Small Rescue,3/2/2026,39.8807986,-105.0911844,80021.0,2024.0,,,,,,,,
1923.0,Southern Veterinary Partners LLC,West Denver Veterinary Hospital and Wellness,Wheat Ridge,CO,JEFFERSON,Pet Boarding and/or Training,3/2/2026,39.766098,-105.0772063,,2024.0,,,,,,,,
1924.0,Southern Veterinary Partners LLC,West Denver Veterinary Hospital and Wellness,Wheat Ridge,CO,JEFFERSON,Pet Grooming Facility - Primary Facility Owner,3/2/2026,39.766098,-105.0772063,,2024.0,,,,,,,,
1925.0,"Spawlash Pet Grooming and Selfwash, LLC",Puppy Cuts,Wheat Ridge,CO,JEFFERSON,Pet Grooming Facility - Primary Facility Owner,3/2/2026,39.9019151,-104.9801803,80233.0,2024.0,,,,,,,,
1926.0,Spawology LLC,,Lakewood,CO,JEFFERSON,Pet Grooming Facility - Primary Facility Owner,3/2/2026,39.6816643,-105.0989157,80232.0,2024.0,,,,,,,,
1927.0,Spikes Natural Pet Supply Inc.,Busters Natural Pet Supply,Conifer,CO,JEFFERSON,Pet Grooming Facility - Primary Facility Owner,3/2/2026,39.520264,-105.3067316,80433.0,2024.0,,,,,,,,
1928.0,"Springer Spaniel Rescue, Inc",,Morrison,CO,JEFFERSON,Pet Animal Small Rescue,3/2/2026,39.6535988,-105.1910996,,2024.0,,,,,,,,
1929.0,Stay Animal Rescue,,Lakewood,CO,JEFFERSON,Pet Animal Small Rescue,3/2/2026,39.7047095,-105.0813734,,2024.0,,,,,,,,
1930.0,Stefanie J. Perrine,Doggie Styles,Wheat Ridge,CO,JEFFERSON,Pet Grooming Facility - Primary Facility Owner,3/2/2026,39.7692855,-105.0802805,80214.0,2024.0,,,,,,,,
1931.0,Super Pups LLC,Super Pups Pet Salon,Lakewood,CO,JEFFERSON,Pet Grooming Facility - Primary Facility Owner,3/2/2026,39.7105968,-105.1106798,80226.0,2024.0,,,,,,,,
1932.0,Tall Timbers Labradoodles LLC,,Arvada,CO,JEFFERSON,Small Scale Dog Breeder,3/2/2026,39.8027644,-105.0874842,,2024.0,,,,,,,,
1933.0,Tammy Trembley,,Conifer,CO,JEFFERSON,Independent Contractor (IC) Pet Groomer,3/2/2026,39.520264,-105.3067316,80433.0,2024.0,,,,,,,,
1934.0,"Tangled Pet Grooming Salon, LLC",,Lakewood,CO,JEFFERSON,Pet Grooming Facility - Primary Facility Owner,3/2/2026,39.7047095,-105.0813734,,2024.0,,,,,,,,
1935.0,Team Howard Investment LLC,Woof Gang Bakery & Grooming Candelas,Arvada,CO,JEFFERSON,Pet Grooming Facility - Primary Facility Owner,3/2/2026,39.8027644,-105.0874842,,2024.0,,,,,,,,
1936.0,The Barking Lot Corp.,,Arvada,CO,JEFFERSON,Pet Boarding and/or Training,3/2/2026,39.803408,-105.0668772,80003.0,2024.0,,,,,,,,
1937.0,The Barking Lot Corp.,,Arvada,CO,JEFFERSON,Pet Grooming Facility - Primary Facility Owner,3/2/2026,39.803408,-105.0668772,80003.0,2024.0,,,,,,,,
1938.0,The Brown Dog School of Dog Training & Grooming Spa,The Brown Dog School,Wheat Ridge,CO,JEFFERSON,Pet Boarding and/or Training,3/2/2026,39.7777022,-105.1077604,80033.0,2024.0,,,,,,,,
1939.0,The Brown Dog School of Dog Training & Grooming Spa,The Brown Dog School,Wheat Ridge,CO,JEFFERSON,Pet Grooming Facility - Primary Facility Owner,3/2/2026,39.7777022,-105.1077604,80033.0,2024.0,,,,,,,,
1940.0,The Frenchie Revolution LLC,Dogma Pet Supply & Dog Wash,Evergreen,CO,JEFFERSON,Pet Grooming Facility - Primary Facility Owner,3/2/2026,39.634584,-105.3155562,80439.0,2024.0,,,,,,,,
1941.0,The Gentle Groomer Too,,Arvada,CO,JEFFERSON,Pet Grooming Facility - Primary Facility Owner,3/2/2026,39.8407996,-105.0893875,80005.0,2024.0,,,,,,,,
1942.0,The Good Dog Project,,Westminster,CO,JEFFERSON,Pet Handler,3/2/2026,39.8366528,-105.0372046,,2024.0,,,,,,,,
1943.0,The Grooming Gallery,The Grooming Gallery,Littleton,CO,JEFFERSON,Pet Grooming Facility - Primary Facility Owner,3/2/2026,39.5783336,-105.0718614,80128.0,2024.0,,,,,,,,
1944.0,"The Sniff Shack, Inc.",,Denver,CO,JEFFERSON,Pet Boarding and/or Training,3/2/2026,39.7763395,-105.0547395,80212.0,2024.0,,,,,,,,
1945.0,"The Sniff Shack, Inc.",,Denver,CO,JEFFERSON,Pet Grooming Facility - Primary Facility Owner,3/2/2026,39.7763395,-105.0547395,80212.0,2024.0,,,,,,,,
1946.0,The Sydney Foreman Grooming Co,Hair of the Dog,Evergreen,CO,JEFFERSON,Pet Grooming Facility - Secondary Facility Owner,3/2/2026,39.634584,-105.3155562,80439.0,2024.0,,,,,,,,
1947.0,TNT Grooming LLC,Cici's Pet Parlour,Denver,CO,JEFFERSON,Pet Grooming Facility - Primary Facility Owner,3/2/2026,39.734042,-104.9921728,80204.0,2024.0,,,,,,,,
1948.0,Twice Purrfect Feline Rescue,,Littleton,CO,JEFFERSON,Pet Animal Small Rescue,3/2/2026,39.6732584,-104.9920088,80223.0,2024.0,,,,,,,,
1949.0,Two Paws Up,,Arvada,CO,JEFFERSON,Pet Boarding and/or Training,3/2/2026,39.8261865,-105.1052458,80004.0,2024.0,,,,,,,,
1950.0,Ultimutt Grooming,,Lakewood,CO,JEFFERSON,Pet Grooming Facility - Mobile Groomer,3/2/2026,39.7047095,-105.0813734,,2024.0,,,,,,,,
1951.0,"Union Green Car Wash, LLC",,Lakewood,CO,JEFFERSON,Pet Grooming Facility - Self Wash Facility,3/2/2026,39.7114498,-105.1323303,80228.0,2024.0,,,,,,,,
1952.0,"VCA Animal Hospitals, Inc.",VCA Deer Creek Animal Hospital,Littleton,CO,JEFFERSON,Pet Boarding and/or Training,3/2/2026,39.5802717,-105.0917172,80128.0,2024.0,,,,,,,,
1953.0,"VCA Animal Hospitals, Inc.",VCA Deer Creek Animal Hospital,Littleton,CO,JEFFERSON,Pet Grooming Facility - Primary Facility Owner,3/2/2026,39.5802717,-105.0917172,80128.0,2024.0,,,,,,,,
1954.0,"Vintage Dog Rescue, Inc",,Littleton,CO,JEFFERSON,Pet Animal Small Rescue,3/2/2026,39.613321,-105.0166498,,2024.0,,,,,,,,
1955.0,Von Paws LLC,,Littleton,CO,JEFFERSON,Pet Grooming Facility - Mobile Groomer,3/2/2026,39.613321,-105.0166498,,2024.0,,,,,,,,
1956.0,"Welsch Dog Daycare, LLC",Rover Retreat,Golden,CO,JEFFERSON,Pet Boarding and/or Training,3/2/2026,39.755543,-105.2210997,,2024.0,,,,,,,,
1957.0,"Welsch Dog Daycare, LLC",Rover Retreat,Golden,CO,JEFFERSON,Pet Grooming Facility - Primary Facility Owner,3/2/2026,39.755543,-105.2210997,,2024.0,,,,,,,,
1958.0,William Wiley,RandR Grooming,Lakewood,CO,JEFFERSON,Pet Grooming Facility - Secondary Facility Owner,3/2/2026,39.7047095,-105.0813734,,2024.0,,,,,,,,
1959.0,WNW Pet LLC,Wag N Wash,Littleton,CO,JEFFERSON,Pet Grooming Facility - Primary Facility Owner,3/2/2026,39.613321,-105.0166498,,2024.0,,,,,,,,
1960.0,Woolly Bully Inc.,Soggy Dog Grooming,Evergreen,CO,JEFFERSON,Pet Grooming Facility - Primary Facility Owner,3/2/2026,39.634584,-105.3155562,80439.0,2024.0,,,,,,,,
1961.0,Woolly Bully Inc.,Soggy Dog Grooming,Evergreen,CO,JEFFERSON,Pet Boarding and/or Training,3/2/2026,39.634584,-105.3155562,80439.0,2024.0,,,,,,,,
1962.0,WVP Golden Paws LLC,Grooming at Golden Paws,Golden,CO,JEFFERSON,Pet Grooming Facility - Primary Facility Owner,3/2/2026,39.7783284,-105.2328933,80403.0,2024.0,,,,,,,,
1963.0,Zen Doggy Den,,Wheat Ridge,CO,JEFFERSON,Pet Boarding and/or Training,3/2/2026,39.7797292,-105.0818521,80033.0,2024.0,,,,,,,,
1964.0,Zen Doggy Den,,Wheat Ridge,CO,JEFFERSON,Pet Handler,3/2/2026,39.7797292,-105.0818521,80033.0,2024.0,,,,,,,,
1965.0,Zen Doggy Den,,Wheat Ridge,CO,JEFFERSON,Pet Grooming Facility - Primary Facility Owner,3/2/2026,39.7797292,-105.0818521,80033.0,2024.0,,,,,,,,
1966.0,Zoomies Canine Club,,Lakewood,CO,JEFFERSON,Pet Handler,3/2/2026,39.7317519,-105.1566978,80401.0,2024.0,,,,,,,,
1967.0,Zoomies Canine Club,,Lakewood,CO,JEFFERSON,Pet Boarding and/or Training,3/2/2026,39.7317519,-105.1566978,80401.0,2024.0,,,,,,,,
1968.0,Amber Davis Dempsey,Nose 2 Toes,Stratton,CO,KIT CARSON,Pet Boarding and/or Training,3/2/2026,39.3033276,-102.6046454,80836.0,2024.0,,,,,,,,
1969.0,Amber Davis Dempsey,Nose 2 Toes,Stratton,CO,KIT CARSON,Pet Grooming Facility - Primary Facility Owner,3/2/2026,39.3033276,-102.6046454,80836.0,2024.0,,,,,,,,
1970.0,City of Burlington Animal Shelter,,Burlington,CO,KIT CARSON,Pet Animal Small Shelter,3/2/2026,39.3048642,-102.2695622,80807.0,2024.0,,,,,,,,
1971.0,Daylene Erker,The Paw Spa,Bethune,CO,KIT CARSON,Pet Grooming Facility - Primary Facility Owner,3/2/2026,39.3041624,-102.4246395,80805.0,2024.0,,,,,,,,
1972.0,Derek Stevens,Countryside Kennels,Burlington,CO,KIT CARSON,Pet Boarding and/or Training,3/2/2026,39.3061082,-102.2693563,80807.0,2024.0,,,,,,,,
1973.0,Derek Stevens,Countryside Kennels,Burlington,CO,KIT CARSON,Small Scale Dog Breeder,3/2/2026,39.3061082,-102.2693563,80807.0,2024.0,,,,,,,,
1974.0,Eastern Plains Animal Welfare Alliance,EPAWA,Burlington,CO,KIT CARSON,Pet Animal Small Shelter,3/2/2026,39.3007175,-102.2675061,80807.0,2024.0,,,,,,,,
1975.0,Julena Critchfield,Wind Dancer Kennel,Burlington,CO,KIT CARSON,Small Scale Dog Breeder,3/2/2026,39.3061082,-102.2693563,80807.0,2024.0,,,,,,,,
1976.0,Stephen Stegman,Stegman Country Canines,Stratton,CO,KIT CARSON,Large Scale Dog Breeder,3/2/2026,39.3033276,-102.6046454,80836.0,2024.0,,,,,,,,
1977.0,"Anubis, LLC",Creature Comforts,Durango,CO,LA PLATA,Retail / Wholesale of Pet Animals,3/2/2026,37.2739528,-107.8792499,,2024.0,,,,,,,,
1978.0,"Aquatic Enterprises, Inc.",Fish Connection,Durango,CO,LA PLATA,Retail / Wholesale of Pet Animals,3/2/2026,37.2739528,-107.8792499,,2024.0,,,,,,,,
1979.0,Bayfield Grooming LLC,Pawsh Pet Salon and Boutique,Bayfield,CO,LA PLATA,Pet Grooming Facility - Primary Facility Owner,3/2/2026,37.2255593,-107.5981123,81122.0,2024.0,,,,,,,,
1980.0,Cat Care Durango,,Durango,CO,LA PLATA,Pet Boarding and/or Training,3/2/2026,37.2473416,-107.8764282,81301.0,2024.0,,,,,,,,
1981.0,Cat Care Durango,,Durango,CO,LA PLATA,Pet Animal Sanctuary,3/2/2026,37.2473416,-107.8764282,81301.0,2024.0,,,,,,,,
1982.0,Courtney M Murch,Dog Gone Gorgeous,Durango,CO,LA PLATA,Pet Grooming Facility - Primary Facility Owner,3/2/2026,37.2739528,-107.8792499,,2024.0,,,,,,,,
1983.0,"Dapper Dog, LLC",,Bayfield,CO,LA PLATA,Pet Grooming Facility - Mobile Groomer,3/2/2026,37.2255593,-107.5981123,81122.0,2024.0,,,,,,,,
1984.0,Denkai Animal Sanctuary,,Durango,CO,LA PLATA,Pet Animal Large Rescue,3/2/2026,37.2792334,-107.8792334,81301.0,2024.0,,,,,,,,
1985.0,"Diane's Clever K9s, LLC",,Bayfield,CO,LA PLATA,Pet Boarding and/or Training,3/2/2026,37.2255593,-107.5981123,81122.0,2024.0,,,,,,,,
1986.0,"DuPree Family Enterprises, LLC",Dirty Paws Dog Wash,Durango,CO,LA PLATA,Pet Grooming Facility - Self Wash Facility,3/2/2026,37.2739528,-107.8792499,,2024.0,,,,,,,,
1987.0,"Durango Dog Ranch, LLC",,Hesperus,CO,LA PLATA,Commercial Pet Animal Facility,3/2/2026,37.325969,-108.069487,81326.0,2024.0,,,,,,,,
1988.0,Durango Pet Resort & Spa,Durango Pet Resort,Durango,CO,LA PLATA,Pet Boarding and/or Training,3/2/2026,37.23094500000001,-107.8275197,81301.0,2024.0,,,,,,,,
1989.0,Durango Pet Resort & Spa,Durango Pet Resort,Durango,CO,LA PLATA,Pet Grooming Facility - Primary Facility Owner,3/2/2026,37.23094500000001,-107.8275197,81301.0,2024.0,,,,,,,,
1990.0,Erin M. Nissen,Durango Animal Connection,Durango,CO,LA PLATA,Pet Animal Small Rescue,3/2/2026,37.2739528,-107.8792499,,2024.0,,,,,,,,
1991.0,Fi's Pet Grooming,,Durango,CO,LA PLATA,Pet Grooming Facility - Primary Facility Owner,3/2/2026,37.2402005,-107.8675786,81301.0,2024.0,,,,,,,,
1992.0,Flying Shepherd Ranch,Flying Shepherd Ranch,Durango,CO,LA PLATA,Pet Transporter,3/2/2026,37.534606,-107.8201195,81301.0,2024.0,,,,,,,,
1993.0,"Happy Paws Pet Spa, LLC",,Durango,CO,LA PLATA,Pet Grooming Facility - Primary Facility Owner,3/2/2026,37.2963478,-107.853375,81301.0,2024.0,,,,,,,,
1994.0,Healthy Hounds & Fat Cats,,Durango,CO,LA PLATA,Pet Boarding and/or Training,3/2/2026,37.24446100000001,-107.8792598,81303.0,2024.0,,,,,,,,
1995.0,Healthy Hounds & Fat Cats,,Durango,CO,LA PLATA,Pet Grooming Facility - Primary Facility Owner,3/2/2026,37.24446100000001,-107.8792598,81303.0,2024.0,,,,,,,,
1996.0,Healthy Hounds & Fat Cats,,Durango,CO,LA PLATA,Pet Grooming Facility - Self Wash Facility,3/2/2026,37.24446100000001,-107.8792598,81303.0,2024.0,,,,,,,,
1997.0,Joanie's Hideaway,The Hideaway,Durango,CO,LA PLATA,Pet Boarding and/or Training,3/2/2026,37.3614071,-107.6748407,81301.0,2024.0,,,,,,,,
1998.0,La Plata County Humane Society,,Durango,CO,LA PLATA,Pet Animal Small Shelter,3/2/2026,37.2328186,-107.8674697,81303.0,2024.0,,,,,,,,
1999.0,La Plata County Humane Society,,Durango,CO,LA PLATA,Pet Animal Large Shelter,3/2/2026,37.2328186,-107.8674697,81303.0,2024.0,,,,,,,,
2000.0,"Lead Off Leash K9 Training, LLC",,Durango,CO,LA PLATA,Pet Boarding and/or Training,3/2/2026,37.2739528,-107.8792499,,2024.0,,,,,,,,
2001.0,"Pampered Pets, LLC",,Ignacio,CO,LA PLATA,Pet Boarding and/or Training,3/2/2026,37.0509627,-107.5678403,81137.0,2024.0,,,,,,,,
2002.0,Parker's Animal Rescue,,Durango,CO,LA PLATA,Pet Animal Small Rescue,3/2/2026,37.2520266,-107.8777325,81303.0,2024.0,,,,,,,,
2003.0,"Pet Haus, LLC",Pet Haus Groom Room,Durango,CO,LA PLATA,Pet Grooming Facility - Primary Facility Owner,3/2/2026,37.2792699,-107.878394,81301.0,2024.0,,,,,,,,
2004.0,pranaDOGS Behavior & Rehab Center,,Durango,CO,LA PLATA,Pet Boarding and/or Training,3/2/2026,37.2745854,-107.8820865,81301.0,2024.0,,,,,,,,
2005.0,pranaDOGS Behavior & Rehab Center,,Durango,CO,LA PLATA,Pet Animal Small Shelter,3/2/2026,37.2745854,-107.8820865,81301.0,2024.0,,,,,,,,
2006.0,"Puppy Love, LLC",Puppy Love Kennel,Durango,CO,LA PLATA,Pet Boarding and/or Training,3/2/2026,37.2314146,-107.7953212,81301.0,2024.0,,,,,,,,
2007.0,"Puppy Love, LLC",Puppy Love Kennel,Durango,CO,LA PLATA,Pet Grooming Facility - Primary Facility Owner,3/2/2026,37.2314146,-107.7953212,81301.0,2024.0,,,,,,,,
2008.0,Ruffin' It LLC,Willow Tree Kennels,Durango,CO,LA PLATA,Pet Boarding and/or Training,3/2/2026,37.2739528,-107.8792499,,2024.0,,,,,,,,
2009.0,Talk To The Paw dog and cat grooming,Talk to the paw dog grooming,ignacio,CO,LA PLATA,Pet Grooming Facility - Mobile Groomer,3/2/2026,37.1150037,-107.633113,81137.0,2024.0,,,,,,,,
2010.0,Wendy M. Robinette,Wendy's Grooming,Bayfield,CO,LA PLATA,Pet Grooming Facility - Primary Facility Owner,3/2/2026,37.2255593,-107.5981123,81122.0,2024.0,,,,,,,,
2011.0,Wolf Wood,,Ignacio,CO,LA PLATA,Pet Animal Small Shelter,3/2/2026,37.1150037,-107.633113,81137.0,2024.0,,,,,,,,
2012.0,City of Leadville / Lake County,Leadville / Lake County Animal Shelter,Leadville,CO,LAKE,Pet Animal Small Shelter,3/2/2026,39.2508229,-106.2925238,80461.0,2024.0,,,,,,,,
2013.0,EAD Enterprises Inc,Mountain Dogs,Leadville,CO,LAKE,Pet Boarding and/or Training,3/2/2026,39.2508229,-106.2925238,80461.0,2024.0,,,,,,,,
2014.0,EAD Enterprises Inc,Mountain Dogs,Leadville,CO,LAKE,Pet Grooming Facility - Self Wash Facility,3/2/2026,39.2508229,-106.2925238,80461.0,2024.0,,,,,,,,
2015.0,"J&C Enterprises, LLC",Grateful Paws,Leadville,CO,LAKE,Pet Boarding and/or Training,3/2/2026,39.2508229,-106.2925238,80461.0,2024.0,,,,,,,,
2016.0,"J&C Enterprises, LLC",Grateful Paws,Leadville,CO,LAKE,Pet Grooming Facility - Primary Facility Owner,3/2/2026,39.2508229,-106.2925238,80461.0,2024.0,,,,,,,,
2017.0,"LMP Enterprises, LLC","Alpine Adventures, Inc",Leadville,CO,LAKE,Commercial Pet Animal Facility,3/2/2026,39.2508229,-106.2925238,80461.0,2024.0,,,,,,,,
2018.0,Two Mile High Grooming LLC,,Leadville,CO,LAKE,Pet Grooming Facility - Primary Facility Owner,3/2/2026,39.3103628,-106.2465846,80461.0,2024.0,,,,,,,,
2019.0,"All Aboard Animal Rescue and Shelter, Inc.",,Fort Collins,CO,LARIMER,Pet Animal Large Rescue,3/2/2026,40.5242667,-105.1100704,80526.0,2024.0,,,,,,,,
2020.0,"Alpine Koi & Homescapes, LLC",,Fort Collins,CO,LARIMER,Aquarium Only,3/2/2026,40.580716,-105.026244,80524.0,2024.0,,,,,,,,
2021.0,Altitude Corals,,Timnath,CO,LARIMER,Aquarium Only,3/2/2026,40.5291491,-104.9852533,,2024.0,,,,,,,,
2022.0,Animal Aid of Colorado,,Berthoud,CO,LARIMER,Pet Animal Small Shelter,3/2/2026,40.3083174,-105.0810924,,2024.0,,,,,,,,
2023.0,Animal Friends Alliance,,Fort Collins,CO,LARIMER,Pet Animal Small Shelter,3/2/2026,40.5797341,-105.0341665,80524.0,2024.0,,,,,,,,
2024.0,Animal Friends Alliance,,Fort Collins,CO,LARIMER,Pet Transporter,3/2/2026,40.5797341,-105.0341665,80524.0,2024.0,,,,,,,,
2025.0,"Animal Hospital of The Rockies, LLC",,Estes Park,CO,LARIMER,Pet Boarding and/or Training,3/2/2026,40.3714178,-105.5264255,80517.0,2024.0,,,,,,,,
2026.0,"Animal Hospital of The Rockies, LLC",,Estes Park,CO,LARIMER,Pet Grooming Facility - Primary Facility Owner,3/2/2026,40.3714178,-105.5264255,80517.0,2024.0,,,,,,,,
2027.0,"Annie's Grooming, LLC",,Loveland,CO,LARIMER,Pet Grooming Facility - Primary Facility Owner,3/2/2026,40.39603839999999,-105.127315,80537.0,2024.0,,,,,,,,
2028.0,Autowash Thompson Valley Operating Company,Autowash@Thompson Valley,Loveland,CO,LARIMER,Pet Grooming Facility - Self Wash Facility,3/2/2026,40.3808204,-105.0975288,80537.0,2024.0,,,,,,,,
2029.0,"Avalon Aviary, LLC",Avalon Aviary Bird Store,Loveland,CO,LARIMER,Pet Boarding and/or Training,3/2/2026,40.4275548,-105.0769958,80538.0,2024.0,,,,,,,,
2030.0,"Avalon Aviary, LLC",Avalon Aviary Bird Store,Loveland,CO,LARIMER,Retail / Wholesale of Pet Animals,3/2/2026,40.4275548,-105.0769958,80538.0,2024.0,,,,,,,,
2031.0,"Avalon Aviary, LLC",Avalon Aviary Bird Store,Loveland,CO,LARIMER,Pet Animal Small Shelter,3/2/2026,40.4275548,-105.0769958,80538.0,2024.0,,,,,,,,
2032.0,"Avalon Aviary, LLC",Avalon Aviary Bird Store,Loveland,CO,LARIMER,Bird Band,3/2/2026,40.4275548,-105.0769958,80538.0,2024.0,,,,,,,,
2033.0,"Avalon Aviary, LLC",,Loveland,CO,LARIMER,Bird Breeder,3/2/2026,40.4275548,-105.0769958,80538.0,2024.0,,,,,,,,
2034.0,"Avalon Aviary, LLC",,Loveland,CO,LARIMER,Bird Band,3/2/2026,40.4275548,-105.0769958,80538.0,2024.0,,,,,,,,
2035.0,"Bailey & Doherty, Inc",Creature Comforts Pet Retreat,Loveland,CO,LARIMER,Pet Boarding and/or Training,3/2/2026,40.395451,-105.0745837,,2024.0,,,,,,,,
2036.0,"Bailey & Doherty, Inc",Creature Comforts Pet Retreat,Loveland,CO,LARIMER,Pet Grooming Facility - Primary Facility Owner,3/2/2026,40.395451,-105.0745837,,2024.0,,,,,,,,
2037.0,Bark & Bliss Grooming Studio Ltd,,Loveland,CO,LARIMER,Pet Grooming Facility - Primary Facility Owner,3/2/2026,40.444609,-105.094853,80538.0,2024.0,,,,,,,,
2038.0,Barking Blackstone LLC,,Wellington,CO,LARIMER,Pet Grooming Facility - Mobile Groomer,3/2/2026,40.70387119999999,-105.0085856,80549.0,2024.0,,,,,,,,
2039.0,Bejar Services LLC,Bejar Westies,Loveland,CO,LARIMER,Large Scale Dog Breeder,3/2/2026,40.395451,-105.0745837,,2024.0,,,,,,,,
2040.0,Belinda Rodine,Mountain Mutts Bath House,Livermore,CO,LARIMER,Pet Grooming Facility - Primary Facility Owner,3/2/2026,40.7943671,-105.2162779,,2024.0,,,,,,,,
2041.0,Berthoud Pet Supply,,Berthoud,CO,LARIMER,Retail / Wholesale of Pet Animals,3/2/2026,40.3072014,-105.0758085,80513.0,2024.0,,,,,,,,
2042.0,Berthoud Pet Supply,,Berthoud,CO,LARIMER,Pet Grooming Facility - Primary Facility Owner,3/2/2026,40.3072014,-105.0758085,80513.0,2024.0,,,,,,,,
2043.0,Bounce Animal Rescue,,Fort Collins,CO,LARIMER,Pet Animal Large Rescue,3/2/2026,40.5852602,-105.084423,,2024.0,,,,,,,,
2044.0,Bounce Animal Rescue,,Fort Collins,CO,LARIMER,Pet Transporter,3/2/2026,40.5852602,-105.084423,,2024.0,,,,,,,,
2045.0,Brandie Popejoy,Doggie Doo,Fort Collins,CO,LARIMER,Pet Grooming Facility - Mobile Groomer,3/2/2026,40.5852602,-105.084423,,2024.0,,,,,,,,
2046.0,Bright Star K9,Bright Star K9,Fort Collins,CO,LARIMER,Pet Handler,3/2/2026,40.5523789,-105.0851742,80526.0,2024.0,,,,,,,,
2047.0,Brittany Powell,1 Clean Pup,Loveland,CO,LARIMER,Pet Grooming Facility - Primary Facility Owner,3/2/2026,40.3664183,-105.0988455,80537.0,2024.0,,,,,,,,
2048.0,"BRM CO MGMT, LLC",Blue Sky Animal Clinic,Loveland,CO,LARIMER,Pet Boarding and/or Training,3/2/2026,40.395451,-105.0745837,,2024.0,,,,,,,,
2049.0,Brooke A. Dunaway,Busy B Grooming,Fort Collins,CO,LARIMER,Pet Grooming Facility - Mobile Groomer,3/2/2026,40.5723531,-105.0797801,80521.0,2024.0,,,,,,,,
2050.0,Camp Bow Wow Fort Collins,Camp Bow Wow Fort Collins,Fort Collins,CO,LARIMER,Pet Boarding and/or Training,3/2/2026,40.5304807,-105.0800961,80525.0,2024.0,,,,,,,,
2051.0,Camp Bow Wow Fort Collins,Camp Bow Wow Fort Collins,Fort Collins,CO,LARIMER,Pet Grooming Facility - Primary Facility Owner,3/2/2026,40.5304807,-105.0800961,80525.0,2024.0,,,,,,,,
2052.0,Camp Bow Wow Loveland Colorado,Camp Bow Wow Loveland,Loveland,CO,LARIMER,Pet Boarding and/or Training,3/2/2026,40.4041591,-105.0432837,80537.0,2024.0,,,,,,,,
2053.0,Camp Bow Wow Loveland Colorado,Camp Bow Wow Loveland,Loveland,CO,LARIMER,Pet Grooming Facility - Primary Facility Owner,3/2/2026,40.4041591,-105.0432837,80537.0,2024.0,,,,,,,,
2054.0,Canine Hair Design,,Estes Park,CO,LARIMER,Pet Grooming Facility - Primary Facility Owner,3/2/2026,40.3718393,-105.5234266,80517.0,2024.0,,,,,,,,
2055.0,"Canine Health Resort, LLC",,Fort Collins,CO,LARIMER,Pet Boarding and/or Training,3/2/2026,40.6124441,-105.0988949,80524.0,2024.0,,,,,,,,
2056.0,Carrie Harmon,Bandit's Hideout,Fort Collins,CO,LARIMER,Pet Grooming Facility - Primary Facility Owner,3/2/2026,40.5852602,-105.084423,,2024.0,,,,,,,,
2057.0,Cassandra Weeks,Sweetheart Pet Grooming,Loveland,CO,LARIMER,Pet Grooming Facility - Primary Facility Owner,3/2/2026,40.395451,-105.0745837,,2024.0,,,,,,,,
2058.0,Cavies and Canines Animal Rescue,,Wellington,CO,LARIMER,Pet Animal Large Rescue,3/2/2026,40.70387119999999,-105.0085856,80549.0,2024.0,,,,,,,,
2059.0,Clementine Dog Grooming,,Fort Collins,CO,LARIMER,Pet Grooming Facility - Self Wash Facility,3/2/2026,40.5834277,-105.045825,80524.0,2024.0,,,,,,,,
2060.0,Colorado Kitty Coalition,,Loveland,CO,LARIMER,Pet Animal Small Shelter,3/2/2026,40.40774529999999,-105.0682132,80538.0,2024.0,,,,,,,,
2061.0,Corinne Thomas,For the Love of Cats Vet Clinic,Loveland,CO,LARIMER,Pet Boarding and/or Training,3/2/2026,40.4158486,-104.997046,80538.0,2024.0,,,,,,,,
2062.0,Crux K9 LLC,Dog Trainer,Fort Collins,CO,LARIMER,Pet Boarding and/or Training,3/2/2026,40.6890645,-105.1094733,80524.0,2024.0,,,,,,,,
2063.0,"Crystal Glen Kennel, LLC",,Fort Collins,CO,LARIMER,Pet Boarding and/or Training,3/2/2026,40.6118485,-105.088588,80524.0,2024.0,,,,,,,,
2064.0,Cuppycakes Grooming LLC,,Loveland,CO,LARIMER,Pet Grooming Facility - Primary Facility Owner,3/2/2026,40.3983402,-105.0757661,80537.0,2024.0,,,,,,,,
2065.0,"Dandy Ventures, Inc.",Pet Supplies Plus # 4063,Fort Collins,CO,LARIMER,Retail / Wholesale of Pet Animals,3/2/2026,40.5852602,-105.084423,,2024.0,,,,,,,,
2066.0,"Dandy Ventures, Inc.",Pet Supplies Plus # 4063,Fort Collins,CO,LARIMER,Pet Grooming Facility - Self Wash Facility,3/2/2026,40.5852602,-105.084423,,2024.0,,,,,,,,
2067.0,Destination Pet LLC,Ashcroft Pet Resort,Fort Collins,CO,LARIMER,Pet Boarding and/or Training,3/2/2026,40.5852602,-105.084423,,2024.0,,,,,,,,
2068.0,Destination Pet LLC,Ashcroft Pet Resort,Fort Collins,CO,LARIMER,Pet Grooming Facility - Primary Facility Owner,3/2/2026,40.5852602,-105.084423,,2024.0,,,,,,,,
2069.0,Destiny's Kennel LLP,,Berthoud,CO,LARIMER,Pet Boarding and/or Training,3/2/2026,40.2935937,-105.0039218,80513.0,2024.0,,,,,,,,
2070.0,Destiny's Kennel LLP,,Berthoud,CO,LARIMER,Pet Grooming Facility - Primary Facility Owner,3/2/2026,40.2935937,-105.0039218,80513.0,2024.0,,,,,,,,
2071.0,"DME Enterprise, LLC",Dog Baths and Beyond,Loveland,CO,LARIMER,Pet Grooming Facility - Primary Facility Owner,3/2/2026,40.395451,-105.0745837,,2024.0,,,,,,,,
2072.0,"Dog Days, Inc",,Berthoud,CO,LARIMER,Pet Boarding and/or Training,3/2/2026,40.284993,-105.023888,80513.0,2024.0,,,,,,,,
2073.0,Dogs Unbroken,,Berthoud,CO,LARIMER,Pet Animal Small Rescue,3/2/2026,40.3083174,-105.0810924,,2024.0,,,,,,,,
2074.0,"Dogs, LLC",Dogs Own,Loveland,CO,LARIMER,Pet Grooming Facility - Primary Facility Owner,3/2/2026,40.395451,-105.0745837,,2024.0,,,,,,,,
2075.0,Donna L. Palmerton,Mutt Hutt Grooming Salon,Estes Park,CO,LARIMER,Pet Grooming Facility - Primary Facility Owner,3/2/2026,40.3772059,-105.5216651,80517.0,2024.0,,,,,,,,
2076.0,Elena's Barking Lot,,Estes Park,CO,LARIMER,Pet Boarding and/or Training,3/2/2026,40.3723284,-105.5086597,80517.0,2024.0,,,,,,,,
2077.0,EncoreVet Group LLC,Wellington Veterinary Hospital,Wellington,CO,LARIMER,Pet Boarding and/or Training,3/2/2026,40.70387119999999,-105.0085856,80549.0,2024.0,,,,,,,,
2078.0,Estes Bark,Estes Bark,Estes Park,CO,LARIMER,Pet Grooming Facility - Primary Facility Owner,3/2/2026,40.3743428,-105.512567,80517.0,2024.0,,,,,,,,
2079.0,"Estes Park Pet Lodge, Inc.",,Estes Park,CO,LARIMER,Pet Boarding and/or Training,3/2/2026,40.370768,-105.501876,80517.0,2024.0,,,,,,,,
2080.0,"Estes Park Pet Lodge, Inc.",,Estes Park,CO,LARIMER,Pet Animal Small Shelter,3/2/2026,40.370768,-105.501876,80517.0,2024.0,,,,,,,,
2081.0,"Estes Park Pet Lodge, Inc.",,Estes Park,CO,LARIMER,Pet Grooming Facility - Primary Facility Owner,3/2/2026,40.370768,-105.501876,80517.0,2024.0,,,,,,,,
2082.0,Estes Park Pet Supply,,Estes Park,CO,LARIMER,Pet Grooming Facility - Self Wash Facility,3/2/2026,40.3809307,-105.5156434,80517.0,2024.0,,,,,,,,
2083.0,Exotic Bird Ranch Inc.,Exotic Bird Ranch,Fort Collins,CO,LARIMER,Pet Boarding and/or Training,3/2/2026,40.5806105,-105.0106418,80524.0,2024.0,,,,,,,,
2084.0,Exotic Bird Ranch Inc.,Exotic Bird Ranch,Fort Collins,CO,LARIMER,Pet Handler,3/2/2026,40.5806105,-105.0106418,80524.0,2024.0,,,,,,,,
2085.0,Exotic Bird Ranch Inc.,Exotic Bird Ranch,Fort Collins,CO,LARIMER,Retail / Wholesale of Pet Animals,3/2/2026,40.5806105,-105.0106418,80524.0,2024.0,,,,,,,,
2086.0,Exotic Bird Ranch Inc.,Exotic Bird Ranch,Fort Collins,CO,LARIMER,Bird Breeder,3/2/2026,40.5806105,-105.0106418,80524.0,2024.0,,,,,,,,
2087.0,Exotic Bird Ranch Inc.,Exotic Bird Ranch,Fort Collins,CO,LARIMER,Pet Animal Small Shelter,3/2/2026,40.5806105,-105.0106418,80524.0,2024.0,,,,,,,,
2088.0,Exotic Bird Ranch Inc.,Exotic Bird Ranch,Fort Collins,CO,LARIMER,Pet Grooming Facility - Primary Facility Owner,3/2/2026,40.5806105,-105.0106418,80524.0,2024.0,,,,,,,,
2089.0,Exotic Bird Ranch Inc.,Exotic Bird Ranch,Fort Collins,CO,LARIMER,Bird Band,3/2/2026,40.5806105,-105.0106418,80524.0,2024.0,,,,,,,,
2090.0,Firestone Australian Shepherds,,Berthoud,CO,LARIMER,Small Scale Dog Breeder,3/2/2026,40.302883,-105.1385274,80513.0,2024.0,,,,,,,,
2091.0,"Fort Collins Dog, LLC",Dogtopia Fort Collins,Fort Collins,CO,LARIMER,Pet Boarding and/or Training,3/2/2026,40.5852602,-105.084423,,2024.0,,,,,,,,
2092.0,"Fort Collins Dog, LLC",Dogtopia Fort Collins,Fort Collins,CO,LARIMER,Pet Grooming Facility - Primary Facility Owner,3/2/2026,40.5852602,-105.084423,,2024.0,,,,,,,,
2093.0,Front Range Natural Pet,,FORT COLLINS,CO,LARIMER,Pet Grooming Facility - Primary Facility Owner,3/2/2026,40.55218929999999,-105.0975783,80525.0,2024.0,,,,,,,,
2094.0,Geri's Mobile Grooming,,Fort Collins,CO,LARIMER,Pet Grooming Facility - Mobile Groomer,3/2/2026,40.5852602,-105.084423,,2024.0,,,,,,,,
2095.0,Golden Mountain Farm,,Fort Collins,CO,LARIMER,Small Scale Dog Breeder,3/2/2026,40.6652224,-105.0387784,80524.0,2024.0,,,,,,,,
2096.0,GOLDEN THERAPY,Golden Therapy,Berthoud,CO,LARIMER,Small Scale Dog Breeder,3/2/2026,40.3083174,-105.0810924,,2024.0,,,,,,,,
2097.0,"Green Acres B & B, LLC",Green Acres B & B Boarding,Loveland,CO,LARIMER,Pet Boarding and/or Training,3/2/2026,40.4055619,-105.1464082,80537.0,2024.0,,,,,,,,
2098.0,Grooming By Bri LLC,,Loveland,CO,LARIMER,Pet Grooming Facility - Primary Facility Owner,3/2/2026,40.395451,-105.0745837,,2024.0,,,,,,,,
2099.0,"Groomtopia, LLC",Groomtopia,Loveland,CO,LARIMER,Pet Grooming Facility - Primary Facility Owner,3/2/2026,40.378764,-105.07923,80537.0,2024.0,,,,,,,,
2100.0,"Happy Cat Retreat, LLC",,Fort Collins,CO,LARIMER,Pet Boarding and/or Training,3/2/2026,40.4959479,-105.1029757,80526.0,2024.0,,,,,,,,
2101.0,Harley's Dream,,Berthoud,CO,LARIMER,Pet Animal Small Rescue,3/2/2026,40.3083174,-105.0810924,,2024.0,,,,,,,,
2102.0,"Health Furst, L.L.C.",Doggie Dips & Chips,Loveland,CO,LARIMER,Pet Grooming Facility - Self Wash Facility,3/2/2026,40.395451,-105.0745837,,2024.0,,,,,,,,
2103.0,High Country Kennels LLC,,Livermore,CO,LARIMER,Small Scale Dog Breeder,3/2/2026,40.7943671,-105.2162779,,2024.0,,,,,,,,
2104.0,High Tails Grooming,Pet Grooming,Loveland,CO,LARIMER,Pet Grooming Facility - Primary Facility Owner,3/2/2026,40.4000055,-105.0613488,80537.0,2024.0,,,,,,,,
2105.0,Hilltop Labradoodles,,Carr,CO,LARIMER,Small Scale Dog Breeder,3/2/2026,40.89321899999999,-104.8783379,80612.0,2024.0,,,,,,,,
2106.0,Hunter's Hounds Mobile Dog Grooming LLC,,ft collins,CO,LARIMER,Pet Grooming Facility - Mobile Groomer,3/2/2026,40.5852602,-105.084423,,2024.0,,,,,,,,
2107.0,Jay D. Wade,Cats and Dogs By Jay,Loveland,CO,LARIMER,Pet Grooming Facility - Primary Facility Owner,3/2/2026,40.3827783,-105.0107995,80537.0,2024.0,,,,,,,,
2108.0,Jennifer Gay,Hollyhouse,Estes Park,CO,LARIMER,Pet Grooming Facility - Primary Facility Owner,3/2/2026,40.3772059,-105.5216651,80517.0,2024.0,,,,,,,,
2109.0,Jennifer's Pet Grooming,,Loveland,CO,LARIMER,Pet Grooming Facility - Primary Facility Owner,3/2/2026,40.4325586,-105.1015742,80538.0,2024.0,,,,,,,,
2110.0,Jessica J Wolf,"Bow-Wow-Meows Fairy ""Tail"" Villa",Berthoud,CO,LARIMER,Pet Grooming Facility - Primary Facility Owner,3/2/2026,40.3083174,-105.0810924,,2024.0,,,,,,,,
2111.0,Julie Stiles,Gem Poms,FORT COLLINS,CO,LARIMER,Small Scale Dog Breeder,3/2/2026,40.5852602,-105.084423,,2024.0,,,,,,,,
2112.0,K9 Country Clips LLC,,Berthoud,CO,LARIMER,Pet Grooming Facility - Primary Facility Owner,3/2/2026,40.2636619,-105.100205,80513.0,2024.0,,,,,,,,
2113.0,"K9 Wisdom Training & Consulting, LLC",,Berthoud,CO,LARIMER,Pet Boarding and/or Training,3/2/2026,40.3119759,-105.0747842,80513.0,2024.0,,,,,,,,
2114.0,Kenneth Trott,Horsetooth Retriever Kennel,Wellington,CO,LARIMER,Pet Boarding and/or Training,3/2/2026,40.70387119999999,-105.0085856,80549.0,2024.0,,,,,,,,
2115.0,Lazy Dog Ranch Inc.,"Calida Troxell,Lazy Dog Ranch and Dapper Dog Salon",Fort Collins,CO,LARIMER,Pet Boarding and/or Training,3/2/2026,40.5662125,-104.9945088,80525.0,2024.0,,,,,,,,
2116.0,Lazy Dog Ranch Inc.,"Calida Troxell,Lazy Dog Ranch and Dapper Dog Salon",Fort Collins,CO,LARIMER,Pet Grooming Facility - Primary Facility Owner,3/2/2026,40.5662125,-104.9945088,80525.0,2024.0,,,,,,,,
2117.0,Linda Uchytil,Top Dog Grooming,Red Feather Lakes,CO,LARIMER,Pet Grooming Facility - Primary Facility Owner,3/2/2026,40.802481,-105.5916629,80545.0,2024.0,,,,,,,,
2118.0,Littlemitts Ragdolls,,Timnath,CO,LARIMER,Cat Breeder,3/2/2026,40.5291491,-104.9852533,,2024.0,,,,,,,,
2119.0,Longview Kennels LLC,Happy Tails Dog Ranch,Berthoud,CO,LARIMER,Pet Boarding and/or Training,3/2/2026,40.2946087,-105.0862947,80513.0,2024.0,,,,,,,,
2120.0,Longview Kennels LLC,Happy Tails Dog Ranch,Berthoud,CO,LARIMER,Pet Grooming Facility - Primary Facility Owner,3/2/2026,40.2946087,-105.0862947,80513.0,2024.0,,,,,,,,
2121.0,Lovely Lucy's LLC,Lovely Lucy's Dog and Cat Grooming,Laporte,CO,LARIMER,Pet Grooming Facility - Primary Facility Owner,3/2/2026,40.627309,-105.1366314,80535.0,2024.0,,,,,,,,
2122.0,"Lucky Dog Spa, LLP",Lucky Dog,Loveland,CO,LARIMER,Pet Grooming Facility - Primary Facility Owner,3/2/2026,40.39538820000001,-105.0772481,80537.0,2024.0,,,,,,,,
2123.0,Marshann Arabians LLC,Warren's Colorado Mini Aussies,Berthoud,CO,LARIMER,Small Scale Dog Breeder,3/2/2026,40.3083174,-105.0810924,,2024.0,,,,,,,,
2124.0,Martinez Reptiles Limited,Scales N Tails,Fort Collins,CO,LARIMER,Retail / Wholesale of Pet Animals,3/2/2026,40.597909,-105.0604948,80524.0,2024.0,,,,,,,,
2125.0,Martinez Reptiles Limited,Scales N Tails,Fort Collins,CO,LARIMER,Small Animal Breeder,3/2/2026,40.597909,-105.0604948,80524.0,2024.0,,,,,,,,
2126.0,Michel?le Dorsey,Classy Canines,Berthoud,CO,LARIMER,Pet Grooming Facility - Primary Facility Owner,3/2/2026,40.3083174,-105.0810924,,2024.0,,,,,,,,
2127.0,Michi's Grooming LLC,,Fort Collins,CO,LARIMER,Pet Grooming Facility - Primary Facility Owner,3/2/2026,40.5428966,-105.0997915,80526.0,2024.0,,,,,,,,
2128.0,Mutts N Such Rescue,Foster-based Animal Rescue,Laporte,CO,LARIMER,Pet Animal Small Rescue,3/2/2026,40.62637110000001,-105.1377578,,2024.0,,,,,,,,
2129.0,Noco Cat Cafe LLC,,Loveland,CO,LARIMER,Commercial Pet Animal Facility,3/2/2026,40.396656,-105.0754089,80537.0,2024.0,,,,,,,,
2130.0,NOCO Humane,,Loveland,CO,LARIMER,Pet Animal Large Shelter,3/2/2026,40.462581,-105.0127689,80538.0,2024.0,,,,,,,,
2131.0,NOCO Humane,,Loveland,CO,LARIMER,Pet Transporter,3/2/2026,40.462581,-105.0127689,80538.0,2024.0,,,,,,,,
2132.0,NOCO Humane,,Loveland,CO,LARIMER,Bird Band,3/2/2026,40.462581,-105.0127689,80538.0,2024.0,,,,,,,,
2133.0,NoCo Pet Retreat LLC,,Fort Collins,CO,LARIMER,Pet Boarding and/or Training,3/2/2026,40.5854048,-105.0766122,80524.0,2024.0,,,,,,,,
2134.0,NoCo Unleashed LLC,,Loveland,CO,LARIMER,Pet Boarding and/or Training,3/2/2026,40.420908,-105.0741603,80538.0,2024.0,,,,,,,,
2135.0,NoCoKitties.org,,Loveland,CO,LARIMER,Pet Animal Large Rescue,3/2/2026,40.395451,-105.0745837,,2024.0,,,,,,,,
2136.0,North Shore Animal Hospital LLC,North Shore Animal Hospital,Loveland,CO,LARIMER,Pet Boarding and/or Training,3/2/2026,40.423279,-105.097338,80538.0,2024.0,,,,,,,,
2137.0,North Shore Animal Hospital LLC,North Shore Animal Hospital,Loveland,CO,LARIMER,Pet Grooming Facility - Primary Facility Owner,3/2/2026,40.423279,-105.097338,80538.0,2024.0,,,,,,,,
2138.0,Northern Colorado Herpetological Society,Reptile and Amphibian Center of the Rockies,Laporte,CO,LARIMER,Pet Animal Small Shelter,3/2/2026,40.62637110000001,-105.1377578,,2024.0,,,,,,,,
2139.0,NVA AACC Veterinary Management LLC,Advanced Animal Care of Colorado,Fort Collins,CO,LARIMER,Pet Boarding and/or Training,3/2/2026,40.5852602,-105.084423,,2024.0,,,,,,,,
2140.0,Padroni Animal Clinic,,Loveland,CO,LARIMER,Pet Grooming Facility - Primary Facility Owner,3/2/2026,40.395451,-105.0745837,,2024.0,,,,,,,,
2141.0,"Pampered Pets Parlor, LLC",,Windsor,CO,LARIMER,Pet Grooming Facility - Primary Facility Owner,3/2/2026,40.4786024,-104.9213916,80550.0,2024.0,,,,,,,,
2142.0,Peak K9 Dog Training,,Drake,CO,LARIMER,Pet Boarding and/or Training,3/2/2026,40.431928,-105.340268,80515.0,2024.0,,,,,,,,
2143.0,Pei People Shar Pei Rescue Inc.,,Fort Collins,CO,LARIMER,Pet Animal Small Rescue,3/2/2026,40.5852602,-105.084423,,2024.0,,,,,,,,
2144.0,Pet Association of Estes Park Inc,"Estes Park Pet Lodge, Inc",Estes Park,CO,LARIMER,Pet Animal Small Shelter,3/2/2026,40.3772059,-105.5216651,80517.0,2024.0,,,,,,,,
2145.0,"Petco Animal Supplies Store, Inc",Petco # 2451,Loveland,CO,LARIMER,Retail / Wholesale of Pet Animals,3/2/2026,40.395451,-105.0745837,,2024.0,,,,,,,,
2146.0,"Petco Animal Supplies Store, Inc",Petco # 2451,Loveland,CO,LARIMER,Pet Grooming Facility - Primary Facility Owner,3/2/2026,40.395451,-105.0745837,,2024.0,,,,,,,,
2147.0,"Petco Animal Supplies Stores, Inc.",Petco Store 0489,Fort Collins,CO,LARIMER,Retail / Wholesale of Pet Animals,3/2/2026,40.5852602,-105.084423,,2024.0,,,,,,,,
2148.0,"Petco Animal Supplies Stores, Inc.",Petco Store 0489,Fort Collins,CO,LARIMER,Pet Grooming Facility - Primary Facility Owner,3/2/2026,40.5852602,-105.084423,,2024.0,,,,,,,,
2149.0,"PetSmart, Inc",PetSmart - 251,Fort Collins,CO,LARIMER,Pet Boarding and/or Training,3/2/2026,40.5247609,-105.0742702,80525.0,2024.0,,,,,,,,
2150.0,"PetSmart, Inc",PetSmart - 251,Fort Collins,CO,LARIMER,Retail / Wholesale of Pet Animals,3/2/2026,40.5247609,-105.0742702,80525.0,2024.0,,,,,,,,
2151.0,"PetSmart, Inc",PetSmart - 251,Fort Collins,CO,LARIMER,Pet Grooming Facility - Primary Facility Owner,3/2/2026,40.5247609,-105.0742702,80525.0,2024.0,,,,,,,,
2152.0,"Petsmart, Inc.",PetSmart - 1309,Loveland,CO,LARIMER,Retail / Wholesale of Pet Animals,3/2/2026,40.4096692,-105.0048804,80538.0,2024.0,,,,,,,,
2153.0,"Petsmart, Inc.",PetSmart - 1309,Loveland,CO,LARIMER,Pet Grooming Facility - Primary Facility Owner,3/2/2026,40.4096692,-105.0048804,80538.0,2024.0,,,,,,,,
2154.0,PetVet Operating LLC,South Mesa Veterinary Hospital,Fort Collins,CO,LARIMER,Pet Boarding and/or Training,3/2/2026,40.5852602,-105.084423,,2024.0,,,,,,,,
2155.0,PetVet Operating LLC,South Mesa Veterinary Hospital,Fort Collins,CO,LARIMER,Pet Grooming Facility - Primary Facility Owner,3/2/2026,40.5852602,-105.084423,,2024.0,,,,,,,,
2156.0,Poudre Pet and Feed Supply Inc,,Fort Collins,CO,LARIMER,Pet Grooming Facility - Self Wash Facility,3/2/2026,40.5852602,-105.084423,,2024.0,,,,,,,,
2157.0,"Poudre Pet and Feed Supply, Inc.",,Fort Collins,CO,LARIMER,Pet Grooming Facility - Self Wash Facility,3/2/2026,40.5852602,-105.084423,,2024.0,,,,,,,,
2158.0,"Poudre Pet and Feed Supply, Inc.",,Loveland,CO,LARIMER,Pet Grooming Facility - Self Wash Facility,3/2/2026,40.5958112,-105.0763193,80524.0,2024.0,,,,,,,,
2159.0,"Poudre Pet and Feed Supply, Inc.",,Fort Collins,CO,LARIMER,Pet Grooming Facility - Self Wash Facility,3/2/2026,40.5852602,-105.084423,,2024.0,,,,,,,,
2160.0,"Poudre Pet and Feed Supply, Inc.",,Fort Collins,CO,LARIMER,Pet Grooming Facility - Self Wash Facility,3/2/2026,40.5852602,-105.084423,,2024.0,,,,,,,,
2161.0,Pups on the Poudre Grooming,,Fort Collins,CO,LARIMER,Pet Grooming Facility - Primary Facility Owner,3/2/2026,40.5770316,-105.0595735,80524.0,2024.0,,,,,,,,
2162.0,"Raintree Animal Hospital, P.C.",Raintree Animal Hospital Timnath,Timnath,CO,LARIMER,Pet Boarding and/or Training,3/2/2026,40.523385,-104.974181,80547.0,2024.0,,,,,,,,
2163.0,"Raintree Animal Hospital, P.C.",Raintree Animal Hospital Timnath,Timnath,CO,LARIMER,Pet Grooming Facility - Primary Facility Owner,3/2/2026,40.523385,-104.974181,80547.0,2024.0,,,,,,,,
2164.0,RCG Ventures Inc,True Dog Grooming,Loveland,CO,LARIMER,Pet Grooming Facility - Primary Facility Owner,3/2/2026,40.395451,-105.0745837,,2024.0,,,,,,,,
2165.0,Red Barn Grooming,,Fort Collins,CO,LARIMER,Pet Grooming Facility - Primary Facility Owner,3/2/2026,40.4650843,-104.9996018,80528.0,2024.0,,,,,,,,
2166.0,Renee M. Mills,"Canine Corral,Rocking M Ranch",Berthoud,CO,LARIMER,Pet Grooming Facility - Primary Facility Owner,3/2/2026,40.3083174,-105.0810924,,2024.0,,,,,,,,
2167.0,Reptile & Amphibian Center of the Rockies,,Fort Collins,CO,LARIMER,Pet Animal Small Shelter,3/2/2026,40.5735399,-105.0554926,80524.0,2024.0,,,,,,,,
2168.0,Roses Grooming LLC,,Berthoud,CO,LARIMER,Pet Grooming Facility - Secondary Facility Owner,3/2/2026,40.3072014,-105.0758085,80513.0,2024.0,,,,,,,,
2169.0,"Rovers Ranch, Inc.",,Fort Collins,CO,LARIMER,Pet Boarding and/or Training,3/2/2026,40.6561588,-105.0732812,80524.0,2024.0,,,,,,,,
2170.0,Running Dog Rescue,,Fort Collins,CO,LARIMER,Pet Animal Small Shelter,3/2/2026,40.5852602,-105.084423,,2024.0,,,,,,,,
2171.0,Sara Lu's Doggy Doo's Inc.,,Loveland,CO,LARIMER,Pet Grooming Facility - Mobile Groomer,3/2/2026,40.395451,-105.0745837,,2024.0,,,,,,,,
2172.0,"Scroungy Dogs and Pretty Pups Rescue, Inc.",,Loveland,CO,LARIMER,Pet Animal Large Rescue,3/2/2026,40.395451,-105.0745837,,2024.0,,,,,,,,
2173.0,Shana J Wilson,,Wellington,CO,LARIMER,Independent Contractor (IC) Pet Groomer,3/2/2026,40.7094567,-105.0037086,80549.0,2024.0,,,,,,,,
2174.0,Shana Park,Beggin For a Bath,Fort Collins,CO,LARIMER,Pet Grooming Facility - Primary Facility Owner,3/2/2026,40.5303444,-105.0860933,80526.0,2024.0,,,,,,,,
2175.0,Shanna L Keller,Clean Paws 4U,Fort Collins,CO,LARIMER,Pet Grooming Facility - Primary Facility Owner,3/2/2026,40.5852602,-105.084423,,2024.0,,,,,,,,
2176.0,Show me Snakes LLC,Show Me Reptile and Exotics Show,Loveland,CO,LARIMER,Retail / Wholesale of Pet Animals,3/2/2026,40.395451,-105.0745837,,2024.0,,,,,,,,
2177.0,Skyline Investments LLC,The Dog Ranch,Berthoud,CO,LARIMER,Pet Boarding and/or Training,3/2/2026,40.3083174,-105.0810924,,2024.0,,,,,,,,
2178.0,Skyline Investments LLC,The Dog Ranch,Berthoud,CO,LARIMER,Pet Grooming Facility - Primary Facility Owner,3/2/2026,40.3083174,-105.0810924,,2024.0,,,,,,,,
2179.0,Soaped Pup LLC,,Loveland,CO,LARIMER,Pet Grooming Facility - Primary Facility Owner,3/2/2026,40.395451,-105.0745837,,2024.0,,,,,,,,
2180.0,Southern Veterinary Partners LLC,Happy Trails Pet Spa and Resort,Loveland,CO,LARIMER,Pet Boarding and/or Training,3/2/2026,40.395451,-105.0745837,,2024.0,,,,,,,,
2181.0,Southern Veterinary Partners LLC,Happy Trails Pet Spa and Resort,Loveland,CO,LARIMER,Pet Grooming Facility - Primary Facility Owner,3/2/2026,40.395451,-105.0745837,,2024.0,,,,,,,,
2182.0,Southern Veterinary Partners LLC,Boyd Lake Veterinary Center,Loveland,CO,LARIMER,Pet Boarding and/or Training,3/2/2026,40.395451,-105.0745837,,2024.0,,,,,,,,
2183.0,Southern Veterinary Partners LLC,Boyd Lake Veterinary Center,Loveland,CO,LARIMER,Pet Grooming Facility - Primary Facility Owner,3/2/2026,40.395451,-105.0745837,,2024.0,,,,,,,,
2184.0,Southwest English Setter Rescue Inc,,Loveland,CO,LARIMER,Pet Animal Small Rescue,3/2/2026,40.395451,-105.0745837,,2024.0,,,,,,,,
2185.0,Spa 4 Paws LLC,,Fort Collins,CO,LARIMER,Pet Grooming Facility - Primary Facility Owner,3/2/2026,40.583273,-105.049713,80524.0,2024.0,,,,,,,,
2186.0,Summit Dog Training,,Fort Collins,CO,LARIMER,Pet Boarding and/or Training,3/2/2026,40.58203020000001,-105.0233465,80524.0,2024.0,,,,,,,,
2187.0,Susan Morgenstern,,Fort Collins,CO,LARIMER,Pet Grooming Facility - Primary Facility Owner,3/2/2026,40.5852602,-105.084423,,2024.0,,,,,,,,
2188.0,Sweetheart Therapy Dogs LLC,Sweetheart Goldens & German Shepherds,Berthoud,CO,LARIMER,Small Scale Dog Breeder,3/2/2026,40.3083174,-105.0810924,,2024.0,,,,,,,,
2189.0,Sylvancreek LLC,,Longmont,CO,LARIMER,Small Scale Dog Breeder,3/2/2026,40.1672068,-105.1019275,,2024.0,,,,,,,,
2190.0,Tabby Road Animal Hospital LLC,,Wellington,CO,LARIMER,Pet Boarding and/or Training,3/2/2026,40.6904596,-105.0019898,80549.0,2024.0,,,,,,,,
2191.0,Tabby Road Animal Hospital LLC,,Wellington,CO,LARIMER,Pet Grooming Facility - Primary Facility Owner,3/2/2026,40.6904596,-105.0019898,80549.0,2024.0,,,,,,,,
2192.0,Tami Carrasco,American Dog School,Fort Collins,CO,LARIMER,Pet Boarding and/or Training,3/2/2026,40.5852602,-105.084423,,2024.0,,,,,,,,
2193.0,Terry F. Jester,Powder Valley Poodles,Wellington,CO,LARIMER,Large Scale Dog Breeder,3/2/2026,40.70387119999999,-105.0085856,80549.0,2024.0,,,,,,,,
2194.0,"The Canine Stars, Inc.",,Fort Collins,CO,LARIMER,Commercial Pet Animal Facility,3/2/2026,40.5852602,-105.084423,,2024.0,,,,,,,,
2195.0,The Cat Doctor LLC,,Johnstown,CO,LARIMER,Pet Boarding and/or Training,3/2/2026,40.40576530000001,-104.9852599,80534.0,2024.0,,,,,,,,
2196.0,The Dog Wizard Fort Collins,The Dog Wizard Fort Collins,Fort Collins,CO,LARIMER,Pet Boarding and/or Training,3/2/2026,40.521041,-105.043748,80528.0,2024.0,,,,,,,,
2197.0,The Dog Wizard Fort Collins,The Dog Wizard Fort Collins,Fort Collins,CO,LARIMER,Pet Handler,3/2/2026,40.521041,-105.043748,80528.0,2024.0,,,,,,,,
2198.0,The Fish Crew LLC,,Fort Collins,CO,LARIMER,Aquarium Only,3/2/2026,40.5249804,-105.0532567,80525.0,2024.0,,,,,,,,
2199.0,Tina's Home Grooming LLC,,Loveland,CO,LARIMER,Pet Grooming Facility - Primary Facility Owner,3/2/2026,40.440001,-105.0923532,80538.0,2024.0,,,,,,,,
2200.0,Troy and Brendas Oasis,K-9 Island,Loveland,CO,LARIMER,Pet Boarding and/or Training,3/2/2026,40.4076313,-105.1253162,80537.0,2024.0,,,,,,,,
2201.0,"Underwater Wonders, LLC",Underwater Wonders,Fort Collins,CO,LARIMER,Aquarium Only,3/2/2026,40.6003934,-105.0772164,80524.0,2024.0,,,,,,,,
2202.0,Until They're Home,,Laporte,CO,LARIMER,Pet Animal Small Rescue,3/2/2026,40.62637110000001,-105.1377578,,2024.0,,,,,,,,
2203.0,VetCor of Colorado LLC,Aspen Grove Veterinary Care,Fort Collins,CO,LARIMER,Pet Boarding and/or Training,3/2/2026,40.5852602,-105.084423,,2024.0,,,,,,,,
2204.0,"Volz Enterprises, Inc.",All Pro Dogs K9 Corral,Fort Collins,CO,LARIMER,Pet Boarding and/or Training,3/2/2026,40.5852602,-105.084423,,2024.0,,,,,,,,
2205.0,"Volz Enterprises, Inc.",All Pro Dogs K9 Corral,Fort Collins,CO,LARIMER,Pet Grooming Facility - Primary Facility Owner,3/2/2026,40.5852602,-105.084423,,2024.0,,,,,,,,
2206.0,W. O. L. F.,WOLF Sanctuary,Livermore,CO,LARIMER,Pet Animal Sanctuary,3/2/2026,40.7943671,-105.2162779,,2024.0,,,,,,,,
2207.0,Wagz Elevated Pets,,Fort Collins,CO,LARIMER,Pet Grooming Facility - Primary Facility Owner,3/2/2026,40.5877677,-105.0766933,80524.0,2024.0,,,,,,,,
2208.0,Wendi L. Elliott,Little Paws on the Prairie,Wellington,CO,LARIMER,Small Scale Dog Breeder,3/2/2026,40.70387119999999,-105.0085856,80549.0,2024.0,,,,,,,,
2209.0,"WiggleButts Dog Grooming Salon, LLC",,Fort Collins,CO,LARIMER,Pet Grooming Facility - Mobile Groomer,3/2/2026,40.5852602,-105.084423,,2024.0,,,,,,,,
2210.0,Wild West Pet Rescue & Transport,,Fort Collins,CO,LARIMER,Pet Animal Small Rescue,3/2/2026,40.5852602,-105.084423,,2024.0,,,,,,,,
2211.0,Wizard of Pawz LLC,,Loveland,CO,LARIMER,Pet Grooming Facility - Primary Facility Owner,3/2/2026,40.395451,-105.0745837,,2024.0,,,,,,,,
2212.0,WVP of Colorado LLC,Four Paws Pet Hotel & Resort,Fort Collins,CO,LARIMER,Pet Boarding and/or Training,3/2/2026,40.5774978,-105.0638336,80524.0,2024.0,,,,,,,,
2213.0,WVP of Colorado LLC,Four Paws Pet Hotel & Resort,Fort Collins,CO,LARIMER,Pet Grooming Facility - Primary Facility Owner,3/2/2026,40.5774978,-105.0638336,80524.0,2024.0,,,,,,,,
2214.0,"Yellow Dog Farm, LLC",,Berthoud,CO,LARIMER,Small Scale Dog Breeder,3/2/2026,40.296725,-104.9067714,80534.0,2024.0,,,,,,,,
2215.0,"Your Pet, Our Pet LLC",The Dog Pawlour,Fort Collins,CO,LARIMER,Pet Boarding and/or Training,3/2/2026,40.5852602,-105.084423,,2024.0,,,,,,,,
2216.0,"Your Pet, Our Pet LLC",The Dog Pawlour,Fort Collins,CO,LARIMER,Pet Grooming Facility - Primary Facility Owner,3/2/2026,40.5852602,-105.084423,,2024.0,,,,,,,,
2217.0,"Your Pet, Our Pet LLC",The Dog Pawlour,Fort Collins,CO,LARIMER,Pet Grooming Facility - Primary Facility Owner,3/2/2026,40.5852602,-105.084423,,2024.0,,,,,,,,
2218.0,Breeder Release Adoption Service,,Boncarbo,CO,LAS ANIMAS,Pet Animal Small Shelter,3/2/2026,37.2131649,-104.6950943,81091.0,2024.0,,,,,,,,
2219.0,City of Trinidad,,Trrinidad,CO,LAS ANIMAS,Pet Animal Small Shelter,3/2/2026,37.1694632,-104.5005407,81082.0,2024.0,,,,,,,,
2220.0,Denise L. Wood,The DogHouse Grooming,Trinidad,CO,LAS ANIMAS,Pet Grooming Facility - Primary Facility Owner,3/2/2026,37.1694632,-104.5005407,81082.0,2024.0,,,,,,,,
2221.0,Eric Nava,Oh My Dog!,Trinidad,CO,LAS ANIMAS,Pet Grooming Facility - Primary Facility Owner,3/2/2026,37.1694632,-104.5005407,81082.0,2024.0,,,,,,,,
2222.0,JRadlein Corp,3 Peaks Dog Run & Eatery,Trinidad,CO,LAS ANIMAS,Pet Boarding and/or Training,3/2/2026,37.1694632,-104.5005407,81082.0,2024.0,,,,,,,,
2223.0,Kelly A Lopez,,Trinidad,CO,LAS ANIMAS,Pet Grooming Facility - Primary Facility Owner,3/2/2026,37.1694632,-104.5005407,81082.0,2024.0,,,,,,,,
2224.0,KNJ Aussies,,Kim,CO,LAS ANIMAS,Small Scale Dog Breeder,3/2/2026,,,,2024.0,,,,,,,,
2225.0,PALS / Pet Assistance League Store,,Trinidad,CO,LAS ANIMAS,Pet Handler,3/2/2026,37.169008,-104.5052018,81082.0,2024.0,,,,,,,,
2226.0,PALS / Pet Assistance League Store,,Trinidad,CO,LAS ANIMAS,Pet Transporter,3/2/2026,37.169008,-104.5052018,81082.0,2024.0,,,,,,,,
2227.0,Pawsitive Pathways Inc,,Kim,CO,LAS ANIMAS,Pet Animal Small Shelter,3/2/2026,,,,2024.0,,,,,,,,
2228.0,Pawsitive Pathways Inc,,Kim,CO,LAS ANIMAS,Pet Transporter,3/2/2026,,,,2024.0,,,,,,,,
2229.0,Raymond Duran,JR's Car and Pet Wash,Trinidad,CO,LAS ANIMAS,Pet Grooming Facility - Self Wash Facility,3/2/2026,37.1694632,-104.5005407,81082.0,2024.0,,,,,,,,
2230.0,"William C. Aaroe, D.V.M.",Fisher's Peak Veterinary Clinic,Trinidad,CO,LAS ANIMAS,Pet Boarding and/or Training,3/2/2026,37.1694632,-104.5005407,81082.0,2024.0,,,,,,,,
2231.0,"William C. Aaroe, D.V.M.",Fisher's Peak Veterinary Clinic,Trinidad,CO,LAS ANIMAS,Pet Grooming Facility - Primary Facility Owner,3/2/2026,37.1694632,-104.5005407,81082.0,2024.0,,,,,,,,
2232.0,Hi Plains Veterinary Clinic PC,,Limon,CO,LINCOLN,Pet Boarding and/or Training,3/2/2026,39.2556683,-103.6958151,80828.0,2024.0,,,,,,,,
2233.0,Hi Plains Veterinary Clinic PC,,Limon,CO,LINCOLN,Pet Grooming Facility - Primary Facility Owner,3/2/2026,39.2556683,-103.6958151,80828.0,2024.0,,,,,,,,
2234.0,San Nicola Dog Rescue Foundation,,Genoa,CO,LINCOLN,Pet Animal Small Shelter,3/2/2026,39.2783208,-103.5002239,80818.0,2024.0,,,,,,,,
2235.0,"Smithburg Retail Enterprise, Inc.",Hoffman Drug,Limon,CO,LINCOLN,Retail / Wholesale of Pet Animals,3/2/2026,39.2638762,-103.6921737,80828.0,2024.0,,,,,,,,
2236.0,Steel Fork Kennels LLC,,Rush,CO,LINCOLN,Pet Boarding and/or Training,3/2/2026,38.8401582,-104.0925405,,2024.0,,,,,,,,
2237.0,Steel Fork Kennels LLC,,Rush,CO,LINCOLN,Pet Handler,3/2/2026,38.8401582,-104.0925405,,2024.0,,,,,,,,
2238.0,Town of Limon,Town of Limon Animal Shelter,Limon,CO,LINCOLN,Pet Animal Small Shelter,3/2/2026,39.2638762,-103.6921737,80828.0,2024.0,,,,,,,,
2239.0,Comfort Grooming LLC,The K9 Cottage,Sterling,CO,LOGAN,Pet Grooming Facility - Primary Facility Owner,3/2/2026,40.6255415,-103.207709,80751.0,2024.0,,,,,,,,
2240.0,Logan County Humane Society,,Sterling,CO,LOGAN,Pet Animal Small Shelter,3/2/2026,40.6182006,-103.1654515,80751.0,2024.0,,,,,,,,
2241.0,Mark L. Cochran,Sterling Animal Clinic,Sterling,CO,LOGAN,Pet Boarding and/or Training,3/2/2026,40.6255415,-103.207709,80751.0,2024.0,,,,,,,,
2242.0,"Posh Paws Dog Grooming, LLC",,Sterling,CO,LOGAN,Pet Grooming Facility - Primary Facility Owner,3/2/2026,40.6254496,-103.2252602,80751.0,2024.0,,,,,,,,
2243.0,Prison Trained K9 Companion Program Sterling,,Sterling,CO,LOGAN,Pet Boarding and/or Training,3/2/2026,40.6255415,-103.207709,80751.0,2024.0,,,,,,,,
2244.0,Tamy S. Brown,Doggy Stylin,Sterling,CO,LOGAN,Pet Grooming Facility - Primary Facility Owner,3/2/2026,40.6255415,-103.207709,80751.0,2024.0,,,,,,,,
2245.0,Taylor Vandenbark,,Fleming,CO,LOGAN,Small Scale Dog Breeder,3/2/2026,40.6799914,-102.8393627,80728.0,2024.0,,,,,,,,
2246.0,"The Bow Wow Barn, LLC",,Sterling,CO,LOGAN,Pet Boarding and/or Training,3/2/2026,40.622713,-103.199739,80751.0,2024.0,,,,,,,,
2247.0,"The Bow Wow Barn, LLC",,Sterling,CO,LOGAN,Pet Grooming Facility - Primary Facility Owner,3/2/2026,40.622713,-103.199739,80751.0,2024.0,,,,,,,,
2248.0,Veterinary Medical Clinic,,Sterling,CO,LOGAN,Pet Boarding and/or Training,3/2/2026,40.6245892,-103.1990337,80751.0,2024.0,,,,,,,,
2249.0,A and J Enterprises LLC,Your Best Friends Boarding Kennel and Grooming House,Grand Junction,CO,MESA,Pet Boarding and/or Training,3/2/2026,39.0689478,-108.5642809,,2024.0,,,,,,,,
2250.0,A and J Enterprises LLC,Your Best Friends Boarding Kennel and Grooming House,Grand Junction,CO,MESA,Pet Grooming Facility - Primary Facility Owner,3/2/2026,39.0689478,-108.5642809,,2024.0,,,,,,,,
2251.0,A wild hair pet grooming service LLC,,Grand Junction,CO,MESA,Pet Grooming Facility - Primary Facility Owner,3/2/2026,39.0620377,-108.6091974,81507.0,2024.0,,,,,,,,
2252.0,Agape Professional Pet Grooming LLC,,Clifton,CO,MESA,Pet Grooming Facility - Primary Facility Owner,3/2/2026,39.0919256,-108.4489784,,2024.0,,,,,,,,
2253.0,Alexandria L Easterwood,Grooming by Alexandria,Grand Junction,CO,MESA,Independent Contractor (IC) Pet Groomer,3/2/2026,39.0689478,-108.5642809,,2024.0,,,,,,,,
2254.0,"Angie's Mobile Pet Grooming, LLC",Four Paws,Grand Junction,CO,MESA,Pet Grooming Facility - Mobile Groomer,3/2/2026,39.0689478,-108.5642809,,2024.0,,,,,,,,
2255.0,Animal Rescue of the Rockies,,Fruita,CO,MESA,Pet Animal Large Rescue,3/2/2026,39.1588696,-108.7289882,,2024.0,,,,,,,,
2256.0,Bells Grooming,Bell's Grooming,Grand Junction,CO,MESA,Pet Grooming Facility - Primary Facility Owner,3/2/2026,39.0689478,-108.5642809,,2024.0,,,,,,,,
2257.0,Brackett Farm LLC,Top Brackett Danes and French Bulldogs,Grand Junction,CO,MESA,Small Scale Dog Breeder,3/2/2026,39.0689478,-108.5642809,,2024.0,,,,,,,,
2258.0,Brenda K. Fettig Dougherty,Tender Touch Grooming by Brenda,Grand Junction,CO,MESA,Pet Grooming Facility - Primary Facility Owner,3/2/2026,39.1509572,-108.6352271,81505.0,2024.0,,,,,,,,
2259.0,"Broadway Enterprises, LLC",Canyon View Car Wash,Grand Junction,CO,MESA,Pet Grooming Facility - Self Wash Facility,3/2/2026,39.0775098,-108.6337886,,2024.0,,,,,,,,
2260.0,Caryn Y Grisham,Caryn's Classy Critters,Grand Junction,CO,MESA,Pet Grooming Facility - Primary Facility Owner,3/2/2026,39.0689478,-108.5642809,,2024.0,,,,,,,,
2261.0,Cats League & Assistance of the Western Slope Adoption Center,CLAWS Cat Adoption Center,Grand Junction,CO,MESA,Pet Animal Small Shelter,3/2/2026,39.0872563,-108.5869062,81505.0,2024.0,,,,,,,,
2262.0,Cats League and Assistance of the Western Slope,CLAWS,Grand Junction,CO,MESA,Pet Animal Small Shelter,3/2/2026,39.0872563,-108.5869062,81505.0,2024.0,,,,,,,,
2263.0,Charlotte Terry,Charlie's Grooming,Grand Junction,CO,MESA,Pet Grooming Facility - Primary Facility Owner,3/2/2026,39.0837163,-108.6252223,81507.0,2024.0,,,,,,,,
2264.0,"Chow Down III, Inc",Chow Down Pet Supplies,Grand Junction,CO,MESA,Pet Grooming Facility - Primary Facility Owner,3/2/2026,39.0660325,-108.5889592,81507.0,2024.0,,,,,,,,
2265.0,Chow Down V Inc.,Chow Down V Inc.,Fruita,CO,MESA,Pet Grooming Facility - Primary Facility Owner,3/2/2026,39.1590079,-108.7317843,81521.0,2024.0,,,,,,,,
2266.0,Christine Haertling,Chris' Groom Room,Grand Junction,CO,MESA,Pet Grooming Facility - Primary Facility Owner,3/2/2026,39.0689478,-108.5642809,,2024.0,,,,,,,,
2267.0,CLAWS Furrever Home Sanctuary,CLAWS Furrever Home Sanctuary,Loma,CO,MESA,Pet Animal Sanctuary,3/2/2026,39.1958139,-108.813158,81524.0,2024.0,,,,,,,,
2268.0,Colorado Service Dogs LLC,Mini-Aussies in Colorado,Palisade,CO,MESA,Small Scale Dog Breeder,3/2/2026,39.1102587,-108.3509193,81526.0,2024.0,,,,,,,,
2269.0,Country Club Pet Resort,Colin Bush,Grand Junction,CO,MESA,Pet Boarding and/or Training,3/2/2026,39.0729634,-108.5787605,81501.0,2024.0,,,,,,,,
2270.0,Country Club Pet Resort,Colin Bush,Grand Junction,CO,MESA,Pet Grooming Facility - Primary Facility Owner,3/2/2026,39.0729634,-108.5787605,81501.0,2024.0,,,,,,,,
2271.0,David Gissing,Ponderosa Paws Mobile Dog Grooming,Grand Junction,CO,MESA,Pet Grooming Facility - Mobile Groomer,3/2/2026,39.0689478,-108.5642809,,2024.0,,,,,,,,
2272.0,Dog Dynasty LLC,Dog Dynasty and The Downtown Cat,Grand Junction,CO,MESA,Pet Boarding and/or Training,3/2/2026,39.0669752,-108.5456003,81501.0,2024.0,,,,,,,,
2273.0,Dog Dynasty LLC,Dog Dynasty and The Downtown Cat,Grand Junction,CO,MESA,Pet Grooming Facility - Primary Facility Owner,3/2/2026,39.0669752,-108.5456003,81501.0,2024.0,,,,,,,,
2274.0,Dog Dynasty LLC,Dog Dynasty and The Downtown Cat,Grand Junction,CO,MESA,Pet Grooming Facility - Mobile Groomer,3/2/2026,39.0669752,-108.5456003,81501.0,2024.0,,,,,,,,
2275.0,Edna F. Schenck,Hidden Springs Labradors,Loma,CO,MESA,Small Scale Dog Breeder,3/2/2026,39.1958139,-108.813158,81524.0,2024.0,,,,,,,,
2276.0,Elisabeth A Fernandez,,Grand Junction,CO,MESA,Independent Contractor (IC) Pet Groomer,3/2/2026,39.0753349,-108.4657027,81504.0,2024.0,,,,,,,,
2277.0,Fancy Pants Mobile Grooming,Fancy Pants Grooming Salon,Loma,CO,MESA,Pet Grooming Facility - Primary Facility Owner,3/2/2026,39.1958139,-108.813158,81524.0,2024.0,,,,,,,,
2278.0,Four Paws Boarding,Four Paws Boarding and Grooming,Fruita,CO,MESA,Pet Boarding and/or Training,3/2/2026,39.1589792,-108.6911126,81521.0,2024.0,,,,,,,,
2279.0,Four Paws Boarding,Four Paws Boarding and Grooming,Fruita,CO,MESA,Pet Grooming Facility - Primary Facility Owner,3/2/2026,39.1589792,-108.6911126,81521.0,2024.0,,,,,,,,
2280.0,Grand Junction Groomery,Grand Junction Groomery,Glade Park,CO,MESA,Independent Contractor (IC) Pet Groomer,3/2/2026,38.9937222,-108.7406802,81523.0,2024.0,,,,,,,,
2281.0,Grand Rivers Humane Society,,Grand Junction,CO,MESA,Pet Animal Large Rescue,3/2/2026,39.0760307,-108.5102844,81504.0,2024.0,,,,,,,,
2282.0,Harmony Animal Matchmaker and Sanctuary,,Grand Junction,CO,MESA,Pet Boarding and/or Training,3/2/2026,39.0689478,-108.5642809,,2024.0,,,,,,,,
2283.0,Harmony Animal Matchmaker and Sanctuary,,Grand Junction,CO,MESA,Pet Animal Small Shelter,3/2/2026,39.0689478,-108.5642809,,2024.0,,,,,,,,
2284.0,Heart and Home Doodles LLC,Western Rocky Golden Mountain Dog,Clifton,CO,MESA,Large Scale Dog Breeder,3/2/2026,39.0919256,-108.4489784,,2024.0,,,,,,,,
2285.0,High Desert Retrievers,,Loma,CO,MESA,Pet Boarding and/or Training,3/2/2026,39.1958139,-108.813158,81524.0,2024.0,,,,,,,,
2286.0,Hinchman Inc,,Grand Junction,CO,MESA,Pet Boarding and/or Training,3/2/2026,39.0689478,-108.5642809,,2024.0,,,,,,,,
2287.0,Hinchman Inc,,Grand Junction,CO,MESA,Pet Grooming Facility - Primary Facility Owner,3/2/2026,39.0689478,-108.5642809,,2024.0,,,,,,,,
2288.0,Holly White,Jurassic Bark,Grand Junction,CO,MESA,Pet Grooming Facility - Primary Facility Owner,3/2/2026,39.0468009,-108.5465509,81503.0,2024.0,,,,,,,,
2289.0,Howlers and Company LLC,,Fruita,CO,MESA,Pet Boarding and/or Training,3/2/2026,39.15326719999999,-108.7268657,81521.0,2024.0,,,,,,,,
2290.0,Howlers and Company LLC,,Fruita,CO,MESA,Pet Grooming Facility - Primary Facility Owner,3/2/2026,39.15326719999999,-108.7268657,81521.0,2024.0,,,,,,,,
2291.0,Humane Society of Moab Valley dba Petco,,Grand Junction,CO,MESA,Pet Animal Small Rescue,3/2/2026,38.5732935,-109.550772,84532.0,2024.0,,,,,,,,
2292.0,"Infinite Pawsibilities Dog Training, LLC",,Grand Junction,CO,MESA,Pet Boarding and/or Training,3/2/2026,39.0689478,-108.5642809,,2024.0,,,,,,,,
2293.0,"Infinite Pawsibilities Dog Training, LLC",,Grand Junction,CO,MESA,Pet Handler,3/2/2026,39.0689478,-108.5642809,,2024.0,,,,,,,,
2294.0,"J & M Aquatics, LLC",,Grand Junction,CO,MESA,Retail / Wholesale of Pet Animals,3/2/2026,39.0769323,-108.5238231,81501.0,2024.0,,,,,,,,
2295.0,Jenilee McFarland,Leelees Dog House Mobile Grooming,Grand Junction,CO,MESA,Pet Grooming Facility - Primary Facility Owner,3/2/2026,39.0889807,-108.5683728,81501.0,2024.0,,,,,,,,
2296.0,Jessica J. Taylor,Jessica's Grooming,Grand Junction,CO,MESA,Pet Grooming Facility - Primary Facility Owner,3/2/2026,39.0770881,-108.5623355,81501.0,2024.0,,,,,,,,
2297.0,Jil L Forsyth,Doggie Be Groomed,Grand Junction,CO,MESA,Pet Grooming Facility - Primary Facility Owner,3/2/2026,39.0689478,-108.5642809,,2024.0,,,,,,,,
2298.0,JoAnn M McCeig,JoAnn's Dogs,Whitewater,CO,MESA,Pet Grooming Facility - Primary Facility Owner,3/2/2026,38.9910933,-108.4534226,81527.0,2024.0,,,,,,,,
2299.0,JoAnne Marie Hendricks,Destiny Danes,Grand Junction,CO,MESA,Small Scale Dog Breeder,3/2/2026,39.0475774,-108.5227239,81503.0,2024.0,,,,,,,,
2300.0,Julia Mae Durand,Heaven Scent Grooming,Clifton,CO,MESA,Pet Grooming Facility - Mobile Groomer,3/2/2026,39.0737371,-108.4587552,81520.0,2024.0,,,,,,,,
2301.0,Kirstie's K9 Creations,,Grand Junction,CO,MESA,Pet Grooming Facility - Primary Facility Owner,3/2/2026,39.07767339999999,-108.5130639,81504.0,2024.0,,,,,,,,
2302.0,Kiss My Mutt LLC,,Fruita,CO,MESA,Pet Grooming Facility - Primary Facility Owner,3/2/2026,39.1568706,-108.7327871,81521.0,2024.0,,,,,,,,
2303.0,"Kitty Condos, LLC",,Grand Junction,CO,MESA,Pet Boarding and/or Training,3/2/2026,39.0831649,-108.5917466,81505.0,2024.0,,,,,,,,
2304.0,KS Summers LLC,All Pets Center,Grand Junction,CO,MESA,Pet Boarding and/or Training,3/2/2026,39.0689478,-108.5642809,,2024.0,,,,,,,,
2305.0,Lavish Paws LLC,,Grand Junction,CO,MESA,Pet Grooming Facility - Mobile Groomer,3/2/2026,39.0689478,-108.5642809,,2024.0,,,,,,,,
2306.0,Loma Cat House Inc,,Grand Junction,CO,MESA,Pet Animal Small Shelter,3/2/2026,39.0582004,-108.5596451,81501.0,2024.0,,,,,,,,
2307.0,Luann Wallace,SpankysDogs,Mesa,CO,MESA,Small Scale Dog Breeder,3/2/2026,38.9585381,-108.6175626,,2024.0,,,,,,,,
2308.0,Melissa J Bibeau,Paw Prints Pet Grooming,Clifton,CO,MESA,Pet Grooming Facility - Primary Facility Owner,3/2/2026,39.0919256,-108.4489784,,2024.0,,,,,,,,
2309.0,Mesa County Animal Service,,Whitewater,CO,MESA,Pet Animal Large Shelter,3/2/2026,39.0076946,-108.4819011,81527.0,2024.0,,,,,,,,
2310.0,Michele H. Reece,The Pet Parlour,Fruita,CO,MESA,Pet Grooming Facility - Primary Facility Owner,3/2/2026,39.1588696,-108.7289882,,2024.0,,,,,,,,
2311.0,Midwest Veterinary Partners LLC,Orchard Mesa Veterinary Hospital,Grand Junction,CO,MESA,Pet Boarding and/or Training,3/2/2026,39.0689478,-108.5642809,,2024.0,,,,,,,,
2312.0,Pawsome Pups LLC,,Fruita,CO,MESA,Pet Grooming Facility - Mobile Groomer,3/2/2026,39.1588696,-108.7289882,,2024.0,,,,,,,,
2313.0,Peachy Pooches,,Grand junction,CO,MESA,Pet Grooming Facility - Primary Facility Owner,3/2/2026,39.0425754,-108.4848724,81503.0,2024.0,,,,,,,,
2314.0,"Petco Animal Supplies Store, Inc",,Grand Junction,CO,MESA,Retail / Wholesale of Pet Animals,3/2/2026,39.086179,-108.5914058,81505.0,2024.0,,,,,,,,
2315.0,"Petco Animal Supplies Store, Inc",,Grand Junction,CO,MESA,Pet Grooming Facility - Primary Facility Owner,3/2/2026,39.086179,-108.5914058,81505.0,2024.0,,,,,,,,
2316.0,"PetSmart, Inc.",PetSmart #249,Grand Junction,CO,MESA,Pet Boarding and/or Training,3/2/2026,39.0957973,-108.6030701,81505.0,2024.0,,,,,,,,
2317.0,"PetSmart, Inc.",PetSmart #249,Grand Junction,CO,MESA,Retail / Wholesale of Pet Animals,3/2/2026,39.0957973,-108.6030701,81505.0,2024.0,,,,,,,,
2318.0,"PetSmart, Inc.",PetSmart #249,Grand Junction,CO,MESA,Pet Grooming Facility - Primary Facility Owner,3/2/2026,39.0957973,-108.6030701,81505.0,2024.0,,,,,,,,
2319.0,"Puppy Love Grooming, Boarding, and DayCare LLC",,Grand Junction,CO,MESA,Pet Boarding and/or Training,3/2/2026,39.0689478,-108.5642809,,2024.0,,,,,,,,
2320.0,"Puppy Love Grooming, Boarding, and DayCare LLC",,Grand Junction,CO,MESA,Pet Grooming Facility - Primary Facility Owner,3/2/2026,39.0689478,-108.5642809,,2024.0,,,,,,,,
2321.0,Rhonda Mumby,Beautiful Bengals,Grand Junction,CO,MESA,Cat Breeder,3/2/2026,39.0689478,-108.5642809,,2024.0,,,,,,,,
2322.0,Rodney Power,K9 Kar Wash,Grand Junction,CO,MESA,Pet Grooming Facility - Self Wash Facility,3/2/2026,39.0689478,-108.5642809,,2024.0,,,,,,,,
2323.0,"Roice Hurst Humane Society, Inc",,Grand Junction,CO,MESA,Pet Animal Small Shelter,3/2/2026,39.0576206,-108.5333479,81501.0,2024.0,,,,,,,,
2324.0,Ruff Around the Edges Ltd.,Helping Hands helping paws,Grand Junction,CO,MESA,Pet Boarding and/or Training,3/2/2026,39.0769236,-108.5259662,81501.0,2024.0,,,,,,,,
2325.0,Ruff Around the Edges Ltd.,Helping Hands helping paws,Grand Junction,CO,MESA,Pet Handler,3/2/2026,39.0769236,-108.5259662,81501.0,2024.0,,,,,,,,
2326.0,Ruff Around the Edges Ltd.,Helping Hands helping paws,Grand Junction,CO,MESA,Pet Animal Large Rescue,3/2/2026,39.0769236,-108.5259662,81501.0,2024.0,,,,,,,,
2327.0,Ruff'n It Resort & Daycare LLC,Ruff'n It Resort & Daycare,Grand Junction,CO,MESA,Pet Boarding and/or Training,3/2/2026,39.0895137,-108.5850207,81505.0,2024.0,,,,,,,,
2328.0,Ruff'n It Resort & Daycare LLC,Ruff'n It Resort & Daycare,Grand Junction,CO,MESA,Pet Grooming Facility - Primary Facility Owner,3/2/2026,39.0895137,-108.5850207,81505.0,2024.0,,,,,,,,
2329.0,"Show Me Reptiles, LLC",Show Me Reptiles & Exotics SHow,Grand Junction,CO,MESA,Retail / Wholesale of Pet Animals,3/2/2026,39.0689478,-108.5642809,,2024.0,,,,,,,,
2330.0,"Simit DVA, LLC",Grand View Animal Hospital,Grand Junction,CO,MESA,Pet Boarding and/or Training,3/2/2026,39.0689478,-108.5642809,,2024.0,,,,,,,,
2331.0,Stacy Marie Rochelle,,De Beque,CO,MESA,Pet Animal Sanctuary,3/2/2026,39.3344233,-108.2150816,,2024.0,,,,,,,,
2332.0,"Strutt Your Mutt, LLC",,Grand Junction,CO,MESA,Pet Boarding and/or Training,3/2/2026,39.0407015,-108.4475323,81503.0,2024.0,,,,,,,,
2333.0,Tericas Grooming LLC,Tericas grooming LLC,Grand Junction,CO,MESA,Pet Grooming Facility - Primary Facility Owner,3/2/2026,39.0689478,-108.5642809,,2024.0,,,,,,,,
2334.0,The Actualized Canine,,Clifton,CO,MESA,Pet Boarding and/or Training,3/2/2026,39.0919256,-108.4489784,,2024.0,,,,,,,,
2335.0,Tina?s grooming,Pet groomer,Grand junction,CO,MESA,Pet Grooming Facility - Secondary Facility Owner,3/2/2026,39.0689478,-108.5642809,,2024.0,,,,,,,,
2336.0,TLC Grooming by Danielle,,Grand Junction,CO,MESA,Pet Grooming Facility - Primary Facility Owner,3/2/2026,39.0818982,-108.5334884,81501.0,2024.0,,,,,,,,
2337.0,"Western Slope Aquatics & Pets, Inc.",Western Slope Aquatics,Grand Junction,CO,MESA,Aquarium Only,3/2/2026,39.07843099999999,-108.534394,81501.0,2024.0,,,,,,,,
2338.0,Your Way Grooming LLC,HBJ's Your Way Grooming,Grand Junction,CO,MESA,Pet Grooming Facility - Primary Facility Owner,3/2/2026,39.0689478,-108.5642809,,2024.0,,,,,,,,
2339.0,Carolyn McKenzie Jones,Carolyn's Mobile Grooming,Creede,CO,MINERAL,Pet Grooming Facility - Mobile Groomer,3/2/2026,37.8491662,-106.9264345,81130.0,2024.0,,,,,,,,
2340.0,Abigail Tucker,Abby's Grooming,Craig,CO,MOFFAT,Pet Grooming Facility - Secondary Facility Owner,3/2/2026,40.5152491,-107.5464541,81625.0,2024.0,,,,,,,,
2341.0,Angela M. Boss,D'tail Dog Grooming Salon,CRAIG,CO,MOFFAT,Pet Grooming Facility - Secondary Facility Owner,3/2/2026,40.5152491,-107.5464541,81625.0,2024.0,,,,,,,,
2342.0,Bear Creek Animal Hospital of Craig Inc.,"Bear Creek Labradors,The Craig Animal Shelter",Craig,CO,MOFFAT,Pet Boarding and/or Training,3/2/2026,40.5123598,-107.5174406,81625.0,2024.0,,,,,,,,
2343.0,Bear Creek Animal Hospital of Craig Inc.,"Bear Creek Labradors,The Craig Animal Shelter",Craig,CO,MOFFAT,Large Scale Dog Breeder,3/2/2026,40.5123598,-107.5174406,81625.0,2024.0,,,,,,,,
2344.0,Bear Creek Animal Hospital of Craig Inc.,"Bear Creek Labradors,The Craig Animal Shelter",Craig,CO,MOFFAT,Pet Animal Small Shelter,3/2/2026,40.5123598,-107.5174406,81625.0,2024.0,,,,,,,,
2345.0,Bear Creek Animal Hospital of Craig Inc.,"Bear Creek Labradors,The Craig Animal Shelter",Craig,CO,MOFFAT,Pet Grooming Facility - Primary Facility Owner,3/2/2026,40.5123598,-107.5174406,81625.0,2024.0,,,,,,,,
2346.0,Craig Veterinary Hospital,,Craig,CO,MOFFAT,Pet Boarding and/or Training,3/2/2026,40.507231,-107.5779633,81625.0,2024.0,,,,,,,,
2347.0,Craig Veterinary Hospital,,Craig,CO,MOFFAT,Pet Grooming Facility - Primary Facility Owner,3/2/2026,40.507231,-107.5779633,81625.0,2024.0,,,,,,,,
2348.0,Elizabeth A. Tochtrop,,Craig,CO,MOFFAT,Independent Contractor (IC) Pet Groomer,3/2/2026,40.5152491,-107.5464541,81625.0,2024.0,,,,,,,,
2349.0,Home Away From Home,Home Away From Home,Craig,CO,MOFFAT,Pet Boarding and/or Training,3/2/2026,40.5127627,-107.5183188,81625.0,2024.0,,,,,,,,
2350.0,"Honey Rock Dogs, LLC",Honey Rock Dogs Boarding Kennel,Craig,CO,MOFFAT,Pet Boarding and/or Training,3/2/2026,40.5270309,-107.5436553,81625.0,2024.0,,,,,,,,
2351.0,"Honey Rock Dogs, LLC",Honey Rock Dogs Boarding Kennel,Craig,CO,MOFFAT,Pet Grooming Facility - Primary Facility Owner,3/2/2026,40.5270309,-107.5436553,81625.0,2024.0,,,,,,,,
2352.0,Jenasee Lopez,,Craig,CO,MOFFAT,Pet Grooming Facility - Primary Facility Owner,3/2/2026,40.5152491,-107.5464541,81625.0,2024.0,,,,,,,,
2353.0,Kelli Poe,Dog groomer,Craig,CO,MOFFAT,Pet Grooming Facility - Primary Facility Owner,3/2/2026,40.5152491,-107.5464541,81625.0,2024.0,,,,,,,,
2354.0,Lindsay Caperton,Solana Dog Spa,Craig,CO,MOFFAT,Pet Grooming Facility - Secondary Facility Owner,3/2/2026,40.5152491,-107.5464541,81625.0,2024.0,,,,,,,,
2355.0,Lori Noland,,Craig,CO,MOFFAT,Small Scale Dog Breeder,3/2/2026,40.5152491,-107.5464541,81625.0,2024.0,,,,,,,,
2356.0,Rocky Mountain Happy Paws,,Craig,CO,MOFFAT,Pet Boarding and/or Training,3/2/2026,40.51549929999999,-107.5606858,81625.0,2024.0,,,,,,,,
2357.0,Rocky Mountain Happy Paws,,Craig,CO,MOFFAT,Pet Handler,3/2/2026,40.51549929999999,-107.5606858,81625.0,2024.0,,,,,,,,
2358.0,The Jungle Pet Shop LLC,,Craig,CO,MOFFAT,Retail / Wholesale of Pet Animals,3/2/2026,40.5143727,-107.5480982,81625.0,2024.0,,,,,,,,
2359.0,"Aramark Sports and Entertainment Services, LLC",Aramark Mesa Verde,Mancos,CO,MONTEZUMA,Pet Boarding and/or Training,3/2/2026,37.344996,-108.2892487,81328.0,2024.0,,,,,,,,
2360.0,Blackhat Humane Society,,Cortez,CO,MONTEZUMA,Pet Animal Large Rescue,3/2/2026,37.3488827,-108.5859265,81321.0,2024.0,,,,,,,,
2361.0,Blackhat Humane Society,,Cortez,CO,MONTEZUMA,Pet Transporter,3/2/2026,37.3488827,-108.5859265,81321.0,2024.0,,,,,,,,
2362.0,City of Cortez Animal Shelter,,CORTEZ,CO,MONTEZUMA,Pet Animal Small Shelter,3/2/2026,37.3525252,-108.5458295,81321.0,2024.0,,,,,,,,
2363.0,Dennis F. Spruell,Cortez Animal Bed & Breakfast,Cortez,CO,MONTEZUMA,Pet Boarding and/or Training,3/2/2026,37.3488827,-108.5859265,81321.0,2024.0,,,,,,,,
2364.0,Dennis F. Spruell,Cortez Animal Bed & Breakfast,Cortez,CO,MONTEZUMA,Pet Grooming Facility - Primary Facility Owner,3/2/2026,37.3488827,-108.5859265,81321.0,2024.0,,,,,,,,
2365.0,"For Pets' Sake, Inc.",,Cortez,CO,MONTEZUMA,Pet Animal Large Rescue,3/2/2026,37.3488827,-108.5859265,81321.0,2024.0,,,,,,,,
2366.0,Jane E. Horton,Snooty?s Pet Salon,Cortez,CO,MONTEZUMA,Pet Grooming Facility - Primary Facility Owner,3/2/2026,37.3488827,-108.5859265,81321.0,2024.0,,,,,,,,
2367.0,Jeff J. Hunt,JC Pets,Cortez,CO,MONTEZUMA,Retail / Wholesale of Pet Animals,3/2/2026,37.3488827,-108.5859265,81321.0,2024.0,,,,,,,,
2368.0,Jeff J. Hunt,JC Pets,Cortez,CO,MONTEZUMA,Bird Band,3/2/2026,37.3488827,-108.5859265,81321.0,2024.0,,,,,,,,
2369.0,Keri Peterson,Coats & Tails Grooming,Cortez,CO,MONTEZUMA,Pet Grooming Facility - Primary Facility Owner,3/2/2026,37.3488827,-108.5859265,81321.0,2024.0,,,,,,,,
2370.0,Kimberly Kincaid,Stacked Rock K-9 Education Center,Mancos,CO,MONTEZUMA,Pet Boarding and/or Training,3/2/2026,37.344996,-108.2892487,81328.0,2024.0,,,,,,,,
2371.0,Mollie L Wolf,Mudpuppies's Pawshoppe,Dolores,CO,MONTEZUMA,Pet Grooming Facility - Primary Facility Owner,3/2/2026,37.4738818,-108.5045356,81323.0,2024.0,,,,,,,,
2372.0,Obe's Angels Rescue,,Cortez,CO,MONTEZUMA,Pet Animal Small Rescue,3/2/2026,37.3484466,-108.5806237,81321.0,2024.0,,,,,,,,
2373.0,Rachel?s Forgotten Felines Rescue,,Cortez,CO,MONTEZUMA,Pet Animal Small Rescue,3/2/2026,37.3488827,-108.5859265,81321.0,2024.0,,,,,,,,
2374.0,Rocky Mountain Biewer Terriers,,Dolores,CO,MONTEZUMA,Large Scale Dog Breeder,3/2/2026,37.4935602,-108.4882188,81323.0,2024.0,,,,,,,,
2375.0,The Dog Ranch LLC,The Dog Ranch,Lewis,CO,MONTEZUMA,Pet Boarding and/or Training,3/2/2026,37.507683,-108.6333256,81327.0,2024.0,,,,,,,,
2376.0,The Dog Ranch LLC,The Dog Ranch,Lewis,CO,MONTEZUMA,Pet Handler,3/2/2026,37.507683,-108.6333256,81327.0,2024.0,,,,,,,,
2377.0,Black Canyon Doodles LLC,Rocky Mtn Bernedoodles,Montrose,CO,MONTROSE,Large Scale Dog Breeder,3/2/2026,38.4386528,-107.8762738,81403.0,2024.0,,,,,,,,
2378.0,Black Canyon Pet Lodge LLC,Pearl's Pet Lodge,Montrose,CO,MONTROSE,Pet Boarding and/or Training,3/2/2026,38.5753936,-107.7415961,,2024.0,,,,,,,,
2379.0,Chow Down IV Inc.,Chow Down Pet Supplies,Montrose,CO,MONTROSE,Pet Grooming Facility - Primary Facility Owner,3/2/2026,38.4802295,-107.8742485,81401.0,2024.0,,,,,,,,
2380.0,Cimarron Dog Training LLC,,Montrose,CO,MONTROSE,Pet Boarding and/or Training,3/2/2026,38.4783198,-107.8761738,,2024.0,,,,,,,,
2381.0,City of Montrose,City of Montrose Animal Shelter,Montrose,CO,MONTROSE,Pet Animal Small Shelter,3/2/2026,38.4783198,-107.8761738,,2024.0,,,,,,,,
2382.0,City of Montrose,City of Montrose Animal Shelter,Montrose,CO,MONTROSE,Bird Band,3/2/2026,38.4783198,-107.8761738,,2024.0,,,,,,,,
2383.0,DaKine Dog LLC,,Montrose,CO,MONTROSE,Pet Grooming Facility - Primary Facility Owner,3/2/2026,38.4831733,-107.8717852,81401.0,2024.0,,,,,,,,
2384.0,"Doodler Dog Grooming, LLC",,Montrose,CO,MONTROSE,Pet Grooming Facility - Primary Facility Owner,3/2/2026,38.4804321,-107.8800006,81401.0,2024.0,,,,,,,,
2385.0,Elaine M. Wolford,Happy Tails,Montrose,CO,MONTROSE,Pet Grooming Facility - Primary Facility Owner,3/2/2026,38.4783198,-107.8761738,,2024.0,,,,,,,,
2386.0,Fur Tamer Mobile Grooming,,Montrose,CO,MONTROSE,Pet Grooming Facility - Mobile Groomer,3/2/2026,38.4783198,-107.8761738,,2024.0,,,,,,,,
2387.0,Golden Heart Canine LLC,,Olathe,CO,MONTROSE,Pet Boarding and/or Training,3/2/2026,38.5518203,-107.9834851,81425.0,2024.0,,,,,,,,
2388.0,Hailey Domann,,Montrose,CO,MONTROSE,Independent Contractor (IC) Pet Groomer,3/2/2026,38.4783198,-107.8761738,,2024.0,,,,,,,,
2389.0,Heather K Myers,,Montrose,CO,MONTROSE,Pet Grooming Facility - Primary Facility Owner,3/2/2026,38.4795805,-107.8430231,81401.0,2024.0,,,,,,,,
2390.0,"Heller, Inc.",High Mesa Doodles,Montrose,CO,MONTROSE,Small Scale Dog Breeder,3/2/2026,38.4783198,-107.8761738,,2024.0,,,,,,,,
2391.0,High Mountain Muttz LLC,,Montrose,CO,MONTROSE,Pet Grooming Facility - Mobile Groomer,3/2/2026,38.5343611,-107.9711278,81403.0,2024.0,,,,,,,,
2392.0,"Honeybeez, LLC DBA HunniPawz",HunniPawz,Montrose,CO,MONTROSE,Cat Breeder,3/2/2026,38.4831981,-107.7833767,81401.0,2024.0,,,,,,,,
2393.0,Hoof and Paw Inc,,Naturita,CO,MONTROSE,Pet Animal Small Shelter,3/2/2026,38.2155154,-108.5628048,81422.0,2024.0,,,,,,,,
2394.0,Iron Will Dog Lodge,,Montrose,CO,MONTROSE,Pet Boarding and/or Training,3/2/2026,38.4209028,-107.8730416,81403.0,2024.0,,,,,,,,
2395.0,Iron Will Dog Lodge,,Montrose,CO,MONTROSE,Pet Handler,3/2/2026,38.4209028,-107.8730416,81403.0,2024.0,,,,,,,,
2396.0,Judith Greenfield,Peach Valley Kennels,Montrose,CO,MONTROSE,Small Scale Dog Breeder,3/2/2026,38.4783198,-107.8761738,,2024.0,,,,,,,,
2397.0,Kristy L. Spaedt,Western Fancy Pups,Delta,CO,MONTROSE,Small Scale Dog Breeder,3/2/2026,38.7422062,-108.0689582,81416.0,2024.0,,,,,,,,
2398.0,Moonridge Falls LLC,Crystal Clear Wash,Montrose,CO,MONTROSE,Pet Grooming Facility - Self Wash Facility,3/2/2026,38.419244,-107.823184,81403.0,2024.0,,,,,,,,
2399.0,"My Paw Parlour, LLC",,Montrose,CO,MONTROSE,Pet Grooming Facility - Primary Facility Owner,3/2/2026,38.5619856,-107.9529836,81401.0,2024.0,,,,,,,,
2400.0,N + 1 LLC,"Alicia's Paw Spa,N Plus 1",Montrose,CO,MONTROSE,Pet Boarding and/or Training,3/2/2026,38.4824271,-107.8743747,81401.0,2024.0,,,,,,,,
2401.0,N + 1 LLC,"Alicia's Paw Spa,N Plus 1",Montrose,CO,MONTROSE,Pet Handler,3/2/2026,38.4824271,-107.8743747,81401.0,2024.0,,,,,,,,
2402.0,N + 1 LLC,"Alicia's Paw Spa,N Plus 1",Montrose,CO,MONTROSE,Pet Grooming Facility - Primary Facility Owner,3/2/2026,38.4824271,-107.8743747,81401.0,2024.0,,,,,,,,
2403.0,NK Mobile Dog Grooming,NK Mobile Dog Grooming,Olathe,CO,MONTROSE,Pet Grooming Facility - Mobile Groomer,3/2/2026,38.6049853,-107.9822884,81425.0,2024.0,,,,,,,,
2404.0,Paco LLC,The Hydrant,Montrose,CO,MONTROSE,Pet Boarding and/or Training,3/2/2026,38.419244,-107.823184,81403.0,2024.0,,,,,,,,
2405.0,Pawsitive Beginnings,,Montrose,CO,MONTROSE,Pet Boarding and/or Training,3/2/2026,38.4783198,-107.8761738,,2024.0,,,,,,,,
2406.0,Peace of Mind Dog Boarding LLC,Peace of Mind Dog Boarding & Pet Sitting,Montrose,CO,MONTROSE,Pet Boarding and/or Training,3/2/2026,38.4751862,-107.9367877,81403.0,2024.0,,,,,,,,
2407.0,"Peace, Love & Grooming",,Montrose,CO,MONTROSE,Independent Contractor (IC) Pet Groomer,3/2/2026,38.474898,-107.8830601,81401.0,2024.0,,,,,,,,
2408.0,"Petco Animal Supplies Store, Inc",,Montrose,CO,MONTROSE,Retail / Wholesale of Pet Animals,3/2/2026,38.4783198,-107.8761738,,2024.0,,,,,,,,
2409.0,"Petco Animal Supplies Store, Inc",,Montrose,CO,MONTROSE,Pet Grooming Facility - Primary Facility Owner,3/2/2026,38.4783198,-107.8761738,,2024.0,,,,,,,,
2410.0,PMP Pimp My Pooch,PMP Grooming,Montrose,CO,MONTROSE,Pet Grooming Facility - Primary Facility Owner,3/2/2026,38.4890376,-107.8585025,81401.0,2024.0,,,,,,,,
2411.0,Redclyffe Kennels LLC,,Montrose,CO,MONTROSE,Pet Boarding and/or Training,3/2/2026,38.4417211,-107.8732419,81403.0,2024.0,,,,,,,,
2412.0,Rocking LJ Breeding,,Olathe,CO,MONTROSE,Small Scale Dog Breeder,3/2/2026,38.6049853,-107.9822884,81425.0,2024.0,,,,,,,,
2413.0,Ruff Mornings,Ruff Mornings,Montrose,CO,MONTROSE,Pet Grooming Facility - Mobile Groomer,3/2/2026,38.4783198,-107.8761738,,2024.0,,,,,,,,
2414.0,Sandra L McLaughlin,"Puppy Kindergarten 24-7,Rocky Mountain NEWfy poo,We Nose Paws",Montrose,CO,MONTROSE,Small Scale Dog Breeder,3/2/2026,38.4995283,-107.9179305,,2024.0,,,,,,,,
2415.0,Sharon McCathern,Groomer,Montrose,CO,MONTROSE,Independent Contractor (IC) Pet Groomer,3/2/2026,38.4783198,-107.8761738,,2024.0,,,,,,,,
2416.0,Small Wag Shop,Small wag shop,Montrose,CO,MONTROSE,Pet Grooming Facility - Primary Facility Owner,3/2/2026,38.4714025,-107.8683372,81401.0,2024.0,,,,,,,,
2417.0,"The Best Paw Forward, LLC",,Montrose,CO,MONTROSE,Pet Boarding and/or Training,3/2/2026,38.3427665,-107.8244887,81403.0,2024.0,,,,,,,,
2418.0,"The Best Paw Forward, LLC",,Montrose,CO,MONTROSE,Pet Grooming Facility - Primary Facility Owner,3/2/2026,38.3427665,-107.8244887,81403.0,2024.0,,,,,,,,
2419.0,The Boarding House,Montrose Vet Clinic,Montrose,CO,MONTROSE,Pet Boarding and/or Training,3/2/2026,38.4783198,-107.8761738,,2024.0,,,,,,,,
2420.0,The Boarding House,Montrose Vet Clinic,Montrose,CO,MONTROSE,Pet Grooming Facility - Primary Facility Owner,3/2/2026,38.4783198,-107.8761738,,2024.0,,,,,,,,
2421.0,The Montrose Bully Breed Club,,Montrose,CO,MONTROSE,Pet Animal Small Rescue,3/2/2026,38.4783198,-107.8761738,,2024.0,,,,,,,,
2422.0,Thunder River Ranch LLC,Alpine Bernedoodles,Montrose,CO,MONTROSE,Small Scale Dog Breeder,3/2/2026,38.4776417,-107.8974538,81403.0,2024.0,,,,,,,,
2423.0,Tortoise and the Hare Common to Exotic Pets LLC,Tortoise and the Hare,Montrose,CO,MONTROSE,Aquarium Only,3/2/2026,38.4808778,-107.8752563,81401.0,2024.0,,,,,,,,
2424.0,Tortoise and the Hare Common to Exotic Pets LLC,Tortoise and the Hare,Montrose,CO,MONTROSE,Retail / Wholesale of Pet Animals,3/2/2026,38.4808778,-107.8752563,81401.0,2024.0,,,,,,,,
2425.0,Tortoise and the Hare Common to Exotic Pets LLC,Tortoise and the Hare,Montrose,CO,MONTROSE,Pet Animal Small Rescue,3/2/2026,38.4808778,-107.8752563,81401.0,2024.0,,,,,,,,
2426.0,Tortoise and the Hare Common to Exotic Pets LLC,Tortoise and the Hare,Montrose,CO,MONTROSE,Pet Animal Small Shelter,3/2/2026,38.4808778,-107.8752563,81401.0,2024.0,,,,,,,,
2427.0,All About Paws Pet Spa LLC,,Fort Morgan,CO,MORGAN,Pet Grooming Facility - Primary Facility Owner,3/2/2026,40.3054134,-103.8439103,80701.0,2024.0,,,,,,,,
2428.0,All Mixed Up Dog Rescue,German Shepherd Rescue of the Rockies,Fort Morgan,CO,MORGAN,Pet Animal Small Rescue,3/2/2026,40.2502582,-103.7999509,80701.0,2024.0,,,,,,,,
2429.0,Cindy Wehrer,Pets R People Too,Fort Morgan,CO,MORGAN,Retail / Wholesale of Pet Animals,3/2/2026,40.2502582,-103.7999509,80701.0,2024.0,,,,,,,,
2430.0,Cindy Wehrer,Pets R People Too,Fort Morgan,CO,MORGAN,Small Animal Breeder,3/2/2026,40.2502582,-103.7999509,80701.0,2024.0,,,,,,,,
2431.0,Cindy Wehrer,Pets R People Too,Fort Morgan,CO,MORGAN,Pet Animal Small Shelter,3/2/2026,40.2502582,-103.7999509,80701.0,2024.0,,,,,,,,
2432.0,Cindy Wehrer,Pets R People Too,Fort Morgan,CO,MORGAN,Pet Grooming Facility - Primary Facility Owner,3/2/2026,40.2502582,-103.7999509,80701.0,2024.0,,,,,,,,
2433.0,City of Brush Animal Shelter,,Brush,CO,MORGAN,Pet Animal Small Shelter,3/2/2026,40.2551884,-103.6263039,80723.0,2024.0,,,,,,,,
2434.0,Dawn M. Whitney,Whitney Farms,Fort Morgan,CO,MORGAN,Small Scale Dog Breeder,3/2/2026,40.2502582,-103.7999509,80701.0,2024.0,,,,,,,,
2435.0,Fort Morgan Humane Society,,Fort Morgan,CO,MORGAN,Pet Animal Small Shelter,3/2/2026,40.2483698,-103.7865418,80701.0,2024.0,,,,,,,,
2436.0,Kathryn Quaratino,Groomingdales,Brush,CO,MORGAN,Pet Grooming Facility - Primary Facility Owner,3/2/2026,40.2588686,-103.6238367,80723.0,2024.0,,,,,,,,
2437.0,"Knutson Enterprises, Inc.","Gunclub Labradors,Riverview Boarding Kennel",Orchard,CO,MORGAN,Pet Boarding and/or Training,3/2/2026,40.3310766,-104.1180962,80649.0,2024.0,,,,,,,,
2438.0,"Knutson Enterprises, Inc.","Gunclub Labradors,Riverview Boarding Kennel",Orchard,CO,MORGAN,Pet Handler,3/2/2026,40.3310766,-104.1180962,80649.0,2024.0,,,,,,,,
2439.0,"Knutson Enterprises, Inc.","Gunclub Labradors,Riverview Boarding Kennel",Orchard,CO,MORGAN,Pet Grooming Facility - Primary Facility Owner,3/2/2026,40.3310766,-104.1180962,80649.0,2024.0,,,,,,,,
2440.0,Little Rescue on the Prairie,,Log Lane Village,CO,MORGAN,Pet Animal Small Shelter,3/2/2026,40.2684611,-103.8322909,80705.0,2024.0,,,,,,,,
2441.0,Muttly Manor LLC,,Brush,CO,MORGAN,Pet Boarding and/or Training,3/2/2026,40.2547122,-103.6380865,80723.0,2024.0,,,,,,,,
2442.0,Mutts and pups grooming llc,Mutts and pups,Brush,CO,MORGAN,Pet Grooming Facility - Primary Facility Owner,3/2/2026,40.2549577,-103.629189,80723.0,2024.0,,,,,,,,
2443.0,Paw Passion Grooming LLC,Paw Passion Mobile Grooming,Brush,CO,MORGAN,Pet Grooming Facility - Mobile Groomer,3/2/2026,40.2588686,-103.6238367,80723.0,2024.0,,,,,,,,
2444.0,"Paws and Claws Grooming, LLC",,Fort Morgan,CO,MORGAN,Pet Grooming Facility - Primary Facility Owner,3/2/2026,40.2319,-103.8957658,80701.0,2024.0,,,,,,,,
2445.0,PAWSecond Chance Rescue,,Log Lane Village,CO,MORGAN,Pet Handler,3/2/2026,40.2691338,-103.8328796,80705.0,2024.0,,,,,,,,
2446.0,PAWSecond Chance Rescue,,Log Lane Village,CO,MORGAN,Pet Animal Small Shelter,3/2/2026,40.2691338,-103.8328796,80705.0,2024.0,,,,,,,,
2447.0,PAWSecond Chance Rescue,,Log Lane Village,CO,MORGAN,Pet Transporter,3/2/2026,40.2691338,-103.8328796,80705.0,2024.0,,,,,,,,
2448.0,"Sandy Acres Kennel, LLC",,Brush,CO,MORGAN,Small Scale Dog Breeder,3/2/2026,40.2481916,-103.6027882,80723.0,2024.0,,,,,,,,
2449.0,Spaw Land Grooming Salon LLC,,Wiggins,CO,MORGAN,Pet Grooming Facility - Primary Facility Owner,3/2/2026,40.2296389,-104.0740216,80654.0,2024.0,,,,,,,,
2450.0,"Sunny Dayz Grooming Salon, LLC",,Fort Morgan,CO,MORGAN,Pet Grooming Facility - Primary Facility Owner,3/2/2026,40.2548385,-103.7694407,80701.0,2024.0,,,,,,,,
2451.0,The Tiny Groomer Store LLC,Groomer,Brush,CO,MORGAN,Pet Grooming Facility - Primary Facility Owner,3/2/2026,40.25592899999999,-103.6235311,80723.0,2024.0,,,,,,,,
2452.0,Amy T Proctor,Paw Parlor,Rocky Ford,CO,OTERO,Pet Grooming Facility - Primary Facility Owner,3/2/2026,38.052508,-103.7202274,81067.0,2024.0,,,,,,,,
2453.0,Ark Valley Animal Hospital Inc,,La Junta,CO,OTERO,Pet Boarding and/or Training,3/2/2026,37.9992384,-103.5899603,81050.0,2024.0,,,,,,,,
2454.0,City of La Junta,City of La Junta Animal Shelter,La Junta,CO,OTERO,Pet Animal Small Shelter,3/2/2026,37.9850091,-103.5438321,81050.0,2024.0,,,,,,,,
2455.0,City of Rocky Ford,City of Rocky Ford Animal Shleter,Rocky Ford,CO,OTERO,Pet Animal Small Shelter,3/2/2026,38.0522928,-103.7207321,81067.0,2024.0,,,,,,,,
2456.0,Diane Van Landingham,Diane's Spa 4 Paws,La Junta,CO,OTERO,Pet Grooming Facility - Primary Facility Owner,3/2/2026,37.9850091,-103.5438321,81050.0,2024.0,,,,,,,,
2457.0,Donna Allison,The Animal House,Rocky Ford,CO,OTERO,Pet Boarding and/or Training,3/2/2026,38.052508,-103.7202274,81067.0,2024.0,,,,,,,,
2458.0,HappyWag LLC,,La Junta,CO,OTERO,Pet Grooming Facility - Primary Facility Owner,3/2/2026,37.9850091,-103.5438321,81050.0,2024.0,,,,,,,,
2459.0,Kathryn E. Chulata,Puppy Kisses Ranch,Rocky Ford,CO,OTERO,Small Scale Dog Breeder,3/2/2026,38.052508,-103.7202274,81067.0,2024.0,,,,,,,,
2460.0,Lorna R. Gilreath,Paws-itive Image Pet Salon,Fowler,CO,OTERO,Pet Grooming Facility - Primary Facility Owner,3/2/2026,38.1291721,-104.0232934,81039.0,2024.0,,,,,,,,
2461.0,ML Pix LLC,Marnie's Grooming and Pet Supply,La Junta,CO,OTERO,Pet Grooming Facility - Primary Facility Owner,3/2/2026,37.9850091,-103.5438321,81050.0,2024.0,,,,,,,,
2462.0,Painted Prairie Grooming,,La Junta,CO,OTERO,Pet Grooming Facility - Primary Facility Owner,3/2/2026,37.9968126,-103.5331147,81050.0,2024.0,,,,,,,,
2463.0,"Peak View Animal Hospital, Inc.",,Fowler,CO,OTERO,Pet Boarding and/or Training,3/2/2026,38.098126,-104.0447818,81039.0,2024.0,,,,,,,,
2464.0,"Peak View Animal Hospital, Inc.",,Fowler,CO,OTERO,Pet Animal Small Shelter,3/2/2026,38.098126,-104.0447818,81039.0,2024.0,,,,,,,,
2465.0,Sonya Neve,Valley Dog Grooming,La Junta,CO,OTERO,Pet Grooming Facility - Primary Facility Owner,3/2/2026,37.9850091,-103.5438321,81050.0,2024.0,,,,,,,,
2466.0,Wanda S Williams,North La Junta Dog Grooming Bathing,La Junta,CO,OTERO,Pet Grooming Facility - Primary Facility Owner,3/2/2026,37.9850091,-103.5438321,81050.0,2024.0,,,,,,,,
2467.0,Whitney A. Martenson,Attract Balance Aviary,La Junta,CO,OTERO,Bird Band,3/2/2026,37.9850091,-103.5438321,81050.0,2024.0,,,,,,,,
2468.0,Carol May,Little Paws Dog Care,Montrose,CO,OURAY,Pet Boarding and/or Training,3/2/2026,38.4783198,-107.8761738,,2024.0,,,,,,,,
2469.0,Ouray Dog Company,,Ouray,CO,OURAY,Pet Boarding and/or Training,3/2/2026,38.0381563,-107.6792084,81427.0,2024.0,,,,,,,,
2470.0,Ouray Dog Company,,Ouray,CO,OURAY,Pet Grooming Facility - Primary Facility Owner,3/2/2026,38.0381563,-107.6792084,81427.0,2024.0,,,,,,,,
2471.0,Robin Mitchell,,Ouray,CO,OURAY,Independent Contractor (IC) Pet Groomer,3/2/2026,38.0227716,-107.6714487,,2024.0,,,,,,,,
2472.0,"Second Chance Humane Society, Inc",,Ridgway,CO,OURAY,Pet Animal Small Shelter,3/2/2026,38.175711,-107.7399282,81432.0,2024.0,,,,,,,,
2473.0,Anderson County Humane Society,BARC the Humane Society,Palestine,TX,OUT OF STATE,Pet Transporter,3/2/2026,31.7681583,-95.659347,75803.0,2024.0,,,,,,,,
2474.0,Animal Services Center of the Mesilla Valley,ASCMV,Las Cruces,NM,OUT OF STATE,Pet Transporter,3/2/2026,32.3660062,-106.7492115,88012.0,2024.0,,,,,,,,
2475.0,Austin Pets Alive,,Austin,TX,OUT OF STATE,Pet Transporter,3/2/2026,30.267153,-97.7430608,,2024.0,,,,,,,,
2476.0,Aztec Animal Shelter,,Aztec,NM,OUT OF STATE,Pet Transporter,3/2/2026,36.8304156,-107.9749302,87410.0,2024.0,,,,,,,,
2477.0,Best Friends Animal Society,Best Friends Animal Sanctuary,Kanab,UT,OUT OF STATE,Pet Transporter,3/2/2026,37.049375,-112.5344865,84741.0,2024.0,,,,,,,,
2478.0,Blue Sky Pet Supply,,West Valley City,UT,OUT OF STATE,Pet Transporter,3/2/2026,40.7071513,-111.9183935,84119.0,2024.0,,,,,,,,
2479.0,Boarding for Rescues and Animal Welfare,,El Campo,TX,OUT OF STATE,Pet Transporter,3/2/2026,29.19664049999999,-96.2696867,77437.0,2024.0,,,,,,,,
2480.0,Bosque Spay Neuter,Paws and Claws Resource Center,Clifton,TX,OUT OF STATE,Pet Transporter,3/2/2026,31.78237979999999,-97.5766862,76634.0,2024.0,,,,,,,,
2481.0,Catnip Foundation at Big Sky Ranch,,Folsom,LA,OUT OF STATE,Pet Transporter,3/2/2026,30.6227345,-90.1853872,70437.0,2024.0,,,,,,,,
2482.0,Cheyenne Animal Shelter,,Cheyenne,WY,OUT OF STATE,Pet Transporter,3/2/2026,41.1106037,-104.8458225,82007.0,2024.0,,,,,,,,
2483.0,City of Albuquerque Animal Welfare Department,,Albuquerque,NM,OUT OF STATE,Pet Transporter,3/2/2026,35.0650746,-106.7607566,87121.0,2024.0,,,,,,,,
2484.0,City of Las Vegas Animal Care Center,Las Vegas Animal Care Center,Las vegas,NM,OUT OF STATE,Pet Transporter,3/2/2026,35.608129,-105.2088155,87701.0,2024.0,,,,,,,,
2485.0,City of Salina Animal Services,The Salina Animal Shelter,Salina,KS,OUT OF STATE,Pet Transporter,3/2/2026,38.8467483,-97.6048965,67401.0,2024.0,,,,,,,,
2486.0,Crittersville Enterprises LLC,,Culbertson,NE,OUT OF STATE,Pet Transporter,3/2/2026,40.23071400000001,-100.8369649,69024.0,2024.0,,,,,,,,
2487.0,Dog Is My CoPilot,,Jackson,WY,OUT OF STATE,Pet Transporter,3/2/2026,43.4792959,-110.7639382,83001.0,2024.0,,,,,,,,
2488.0,Espanola Valley Humane Society,,Espanola,NM,OUT OF STATE,Pet Transporter,3/2/2026,35.9910383,-106.0818233,,2024.0,,,,,,,,
2489.0,Farmington Regional Animal Shelter,,Farmington,NM,OUT OF STATE,Pet Transporter,3/2/2026,36.7332819,-108.1683305,87401.0,2024.0,,,,,,,,
2490.0,Finney County Humane Society Inc,,Garden City,KS,OUT OF STATE,Pet Transporter,3/2/2026,37.9626159,-100.8540954,67846.0,2024.0,,,,,,,,
2491.0,"Ford County Humane Society, Inc.",,Dodge City,KS,OUT OF STATE,Pet Transporter,3/2/2026,37.75557999999999,-99.996151,67801.0,2024.0,,,,,,,,
2492.0,Forever Homes Animal Rescue,,Alamogordo,NM,OUT OF STATE,Pet Transporter,3/2/2026,32.878701,-105.9811959,88310.0,2024.0,,,,,,,,
2493.0,Four Corners Animal League,,Valdez,NM,OUT OF STATE,Pet Transporter,3/2/2026,36.5344701,-105.5838984,87580.0,2024.0,,,,,,,,
2494.0,Friends of Mountainair Animal Shelter,,Mountainair,NM,OUT OF STATE,Pet Transporter,3/2/2026,34.518355,-106.2312542,87036.0,2024.0,,,,,,,,
2495.0,"Friends of Roswell Animals, Inc. FORA",,Roswell,NM,OUT OF STATE,Pet Transporter,3/2/2026,33.3942528,-104.5226958,,2024.0,,,,,,,,
2496.0,Great Plains Angels for Animals,,Liberal,KS,OUT OF STATE,Pet Transporter,3/2/2026,37.0519988,-100.9298006,67901.0,2024.0,,,,,,,,
2497.0,Humane Society of Taos,Stray Hearts Animal Shelter,Taos,NM,OUT OF STATE,Pet Transporter,3/2/2026,36.4072134,-105.5733788,87571.0,2024.0,,,,,,,,
2498.0,Husky Halfway House Foundation,,Eufaula,OK,OUT OF STATE,Pet Handler,3/2/2026,35.2583761,-95.5751995,74432.0,2024.0,,,,,,,,
2499.0,K9 Delivery LLC,,Fairhope,AL,OUT OF STATE,Pet Transporter,3/2/2026,30.5229719,-87.9033261,36532.0,2024.0,,,,,,,,
2500.0,Megan N. Arreguin,,Bloomington,TX,OUT OF STATE,Pet Transporter,3/2/2026,28.6477735,-96.8924852,,2024.0,,,,,,,,
2501.0,Miami Animal Alliance,,Miami,OK,OUT OF STATE,Pet Transporter,3/2/2026,36.8745146,-94.8774554,74354.0,2024.0,,,,,,,,
2502.0,"Nebraskaland Pets, Inc.",,Atkinson,NE,OUT OF STATE,Pet Transporter,3/2/2026,42.5568792,-99.0332229,68713.0,2024.0,,,,,,,,
2503.0,NMDOG,NMDOG,Albuquerque,NM,OUT OF STATE,Pet Transporter,3/2/2026,35.0843859,-106.650422,,2024.0,,,,,,,,
2504.0,Oklahoma Alliance for Animals,,Tulsa,OK,OUT OF STATE,Pet Transporter,3/2/2026,36.0597406,-95.9009613,74133.0,2024.0,,,,,,,,
2505.0,Operation Pets Alive,,Spring,TX,OUT OF STATE,Pet Transporter,3/2/2026,30.0799405,-95.4171601,77373.0,2024.0,,,,,,,,
2506.0,Pampa Animal Welfare Society,PAWS,Pampa,TX,OUT OF STATE,Pet Transporter,3/2/2026,35.5280858,-100.9708839,79065.0,2024.0,,,,,,,,
2507.0,"Paws Cruisaders, LLC",,San Antonio,TX,OUT OF STATE,Pet Handler,3/2/2026,29.4251905,-98.4945922,,2024.0,,,,,,,,
2508.0,"Paws Cruisaders, LLC",,San Antonio,TX,OUT OF STATE,Pet Transporter,3/2/2026,29.4251905,-98.4945922,,2024.0,,,,,,,,
2509.0,Petsfly.com,,Henderson,NV,OUT OF STATE,Pet Handler,3/2/2026,36.0395247,-114.9817213,,2024.0,,,,,,,,
2510.0,Race for Life Rescue,,Annapolis,MD,OUT OF STATE,Pet Transporter,3/2/2026,38.9764364,-76.489642,,2024.0,,,,,,,,
2511.0,Raton Humane Society,,Raton,NM,OUT OF STATE,Pet Transporter,3/2/2026,36.9033581,-104.4391532,87740.0,2024.0,,,,,,,,
2512.0,Rebel Animal Rescue,,AMARILLO,TX,OUT OF STATE,Pet Transporter,3/2/2026,35.1949834,-101.8765978,79102.0,2024.0,,,,,,,,
2513.0,"Rescued Pets Movement, Inc.",RPM,Houston,TX,OUT OF STATE,Pet Transporter,3/2/2026,29.8168303,-95.4426057,77018.0,2024.0,,,,,,,,
2514.0,"Saving Pets at Risk, Inc.",Dog Rescue,Shawnee,OK,OUT OF STATE,Pet Transporter,3/2/2026,35.3272928,-96.9253004,,2024.0,,,,,,,,
2515.0,Susan E. Trammell,Highway Hounds Rescue and Transport,Fort Worth,TX,OUT OF STATE,Pet Transporter,3/2/2026,32.6320099,-97.2818313,76140.0,2024.0,,,,,,,,
2516.0,Texas Pet Wrangler LLC,,Houston,TX,OUT OF STATE,Pet Transporter,3/2/2026,29.7600771,-95.3701108,,2024.0,,,,,,,,
2517.0,The American Society for the Prevention of Cruelty,ASPCA,New York,NY,OUT OF STATE,Pet Transporter,3/2/2026,40.7127753,-74.0059728,,2024.0,,,,,,,,
2518.0,The Artemis Project Inc,,Hackett,AR,OUT OF STATE,Pet Transporter,3/2/2026,35.1865945,-94.4137643,72937.0,2024.0,,,,,,,,
2519.0,The Humane Society of Tulsa,,Sapulpa,OK,OUT OF STATE,Pet Transporter,3/2/2026,35.9987007,-96.1141664,,2024.0,,,,,,,,
2520.0,Transporter Tinisha Delivers,,Hutto,TX,OUT OF STATE,Pet Transporter,3/2/2026,30.54269949999999,-97.5466702,78634.0,2024.0,,,,,,,,
2521.0,Transporter Tinisha Delivers,,Hutto,TX,OUT OF STATE,Pet Handler,3/2/2026,30.54269949999999,-97.5466702,78634.0,2024.0,,,,,,,,
2522.0,Underdog Animal Rescue and Rehab,,Moab,UT,OUT OF STATE,Pet Animal Large Rescue,3/2/2026,38.5003265,-109.4604305,84532.0,2024.0,,,,,,,,
2523.0,Underdog Animal Rescue and Rehab,,Moab,UT,OUT OF STATE,Pet Transporter,3/2/2026,38.5003265,-109.4604305,84532.0,2024.0,,,,,,,,
2524.0,Valencia County Animal Control,Valencia County Animal Shelter,Los Lunas,NM,OUT OF STATE,Pet Transporter,3/2/2026,34.8119694,-106.7417746,87031.0,2024.0,,,,,,,,
2525.0,Animal Rescue of the Rockies,Animal Rescue of the Rockies Cat Casita,Fairplay,CO,PARK,Pet Animal Small Shelter,3/2/2026,39.223264,-105.9918842,80440.0,2024.0,,,,,,,,
2526.0,Bailey grooming,,Bailey,CO,PARK,Pet Grooming Facility - Primary Facility Owner,3/2/2026,39.4077211,-105.4892171,80421.0,2024.0,,,,,,,,
2527.0,Bailey Laundromat LLC,Bailey Laundromat and Dog Wash,Bailey,CO,PARK,Pet Grooming Facility - Self Wash Facility,3/2/2026,39.4060536,-105.4786412,80421.0,2024.0,,,,,,,,
2528.0,"Big Sky Ranch Bed and Biscuit, LLC",,Jefferson,CO,PARK,Pet Boarding and/or Training,3/2/2026,39.3636759,-105.758201,80456.0,2024.0,,,,,,,,
2529.0,"Big Sky Ranch Bed and Biscuit, LLC",,Jefferson,CO,PARK,Pet Handler,3/2/2026,39.3636759,-105.758201,80456.0,2024.0,,,,,,,,
2530.0,County of Park Animal Shelter,,Bailey,CO,PARK,Pet Animal Small Shelter,3/2/2026,39.4060536,-105.4786412,80421.0,2024.0,,,,,,,,
2531.0,High Paw Pet Supplies Inc.,,Fairplay,CO,PARK,Pet Grooming Facility - Primary Facility Owner,3/2/2026,39.2234468,-105.9918522,80440.0,2024.0,,,,,,,,
2532.0,"Indigo Mountain Nature Center, Inc",,Lake George,CO,PARK,Pet Animal Sanctuary,3/2/2026,38.9797141,-105.3574943,80827.0,2024.0,,,,,,,,
2533.0,Mountain Pals Pet Sitting LLC,,Alma,CO,PARK,Pet Boarding and/or Training,3/2/2026,39.3404127,-106.0642996,80420.0,2024.0,,,,,,,,
2534.0,Mountain Pals Pet Sitting LLC,,Alma,CO,PARK,Pet Handler,3/2/2026,39.3404127,-106.0642996,80420.0,2024.0,,,,,,,,
2535.0,Paws N Claws Dog Grooming LLC,,Pine,CO,PARK,Pet Grooming Facility - Primary Facility Owner,3/2/2026,39.4084249,-105.3232433,80470.0,2024.0,,,,,,,,
2536.0,Katie Arnold,Happy Tails,Holyoke,CO,PHILLIPS,Pet Grooming Facility - Primary Facility Owner,3/2/2026,40.5844369,-102.3024103,80734.0,2024.0,,,,,,,,
2537.0,Tracy L. Simpson,Dog Gone Kennels,Holyoke,CO,PHILLIPS,Pet Boarding and/or Training,3/2/2026,40.5844369,-102.3024103,80734.0,2024.0,,,,,,,,
2538.0,"Tuxedo Paws, LTD",Tuxedo Paws,Holyoke,CO,PHILLIPS,Pet Boarding and/or Training,3/2/2026,40.5844369,-102.3024103,80734.0,2024.0,,,,,,,,
2539.0,"Tuxedo Paws, LTD",Tuxedo Paws,Holyoke,CO,PHILLIPS,Pet Grooming Facility - Primary Facility Owner,3/2/2026,40.5844369,-102.3024103,80734.0,2024.0,,,,,,,,
2540.0,Aspen Pet Concierge,,Aspen,CO,PITKIN,Pet Handler,3/2/2026,39.1910983,-106.8175387,81611.0,2024.0,,,,,,,,
2541.0,Deborah Farrell,Tailwaggers,Basalt,CO,PITKIN,Pet Grooming Facility - Primary Facility Owner,3/2/2026,39.37248110000001,-107.0785013,,2024.0,,,,,,,,
2542.0,Endless Pawsibilities Dog Training & Services LLC,,Aspen,CO,PITKIN,Pet Boarding and/or Training,3/2/2026,39.2205055,-106.8601334,81611.0,2024.0,,,,,,,,
2543.0,Laura A Dubois,Barking Beauties,Aspen,CO,PITKIN,Pet Grooming Facility - Primary Facility Owner,3/2/2026,39.1910983,-106.8175387,81611.0,2024.0,,,,,,,,
2544.0,Lucky Day Animal Rescue of Colorado,,Aspen,CO,PITKIN,Pet Animal Large Rescue,3/2/2026,39.1910983,-106.8175387,81611.0,2024.0,,,,,,,,
2545.0,"RMP, Inc.",Rocky Mountain Pet Shop,Aspen,CO,PITKIN,Retail / Wholesale of Pet Animals,3/2/2026,39.1910983,-106.8175387,81611.0,2024.0,,,,,,,,
2546.0,"RMP, Inc.",Rocky Mountain Pet Shop,Aspen,CO,PITKIN,Pet Grooming Facility - Self Wash Facility,3/2/2026,39.1910983,-106.8175387,81611.0,2024.0,,,,,,,,
2547.0,"Sachson, Inc",Aspen / Pitkin County Animal Shelter,Aspen,CO,PITKIN,Pet Boarding and/or Training,3/2/2026,39.1910983,-106.8175387,81611.0,2024.0,,,,,,,,
2548.0,"Sachson, Inc",Aspen / Pitkin County Animal Shelter,Aspen,CO,PITKIN,Pet Animal Small Shelter,3/2/2026,39.1910983,-106.8175387,81611.0,2024.0,,,,,,,,
2549.0,"Sachson, Inc",Aspen / Pitkin County Animal Shelter,Aspen,CO,PITKIN,Pet Grooming Facility - Primary Facility Owner,3/2/2026,39.1910983,-106.8175387,81611.0,2024.0,,,,,,,,
2550.0,Snowmass Mountain Dog,,Snowmass Village,CO,PITKIN,Pet Grooming Facility - Mobile Groomer,3/2/2026,39.1903602,-106.947666,81615.0,2024.0,,,,,,,,
2551.0,Zeppelin's Wash LLC,Zeppelin's Dirty Dogs,Aspen,CO,PITKIN,Pet Boarding and/or Training,3/2/2026,39.1902854,-106.8161324,81611.0,2024.0,,,,,,,,
2552.0,Zeppelin's Wash LLC,Zeppelin's Dirty Dogs,Aspen,CO,PITKIN,Pet Grooming Facility - Secondary Facility Owner,3/2/2026,39.1902854,-106.8161324,81611.0,2024.0,,,,,,,,
2553.0,Zeppelin's Wash LLC,Zeppelin's Dirty Dogs,Aspen,CO,PITKIN,Pet Grooming Facility - Self Wash Facility,3/2/2026,39.1902854,-106.8161324,81611.0,2024.0,,,,,,,,
2554.0,City of Lamar Animal Shelter,,Lamar,CO,PROWERS,Pet Animal Small Shelter,3/2/2026,38.0846366,-102.6184997,81052.0,2024.0,,,,,,,,
2555.0,Groomingdales Salon and Boutique LLC,,Lamar,CO,PROWERS,Pet Grooming Facility - Primary Facility Owner,3/2/2026,38.0743397,-102.6236941,81052.0,2024.0,,,,,,,,
2556.0,Lamar Veterinary Clinic LLC,,Lamar,CO,PROWERS,Pet Boarding and/or Training,3/2/2026,38.0886031,-102.6054965,81052.0,2024.0,,,,,,,,
2557.0,Lamar Veterinary Clinic LLC,,Lamar,CO,PROWERS,Pet Grooming Facility - Primary Facility Owner,3/2/2026,38.0886031,-102.6054965,81052.0,2024.0,,,,,,,,
2558.0,Second Chance Animal Rescue Foundation,,Lamar,CO,PROWERS,Pet Animal Large Rescue,3/2/2026,38.0872307,-102.6207496,81052.0,2024.0,,,,,,,,
2559.0,Tanisha Fleshman Kisamore,Tail Wag'N Grooming,Lamar,CO,PROWERS,Pet Boarding and/or Training,3/2/2026,38.0872307,-102.6207496,81052.0,2024.0,,,,,,,,
2560.0,Tanisha Fleshman Kisamore,Tail Wag'N Grooming,Lamar,CO,PROWERS,Pet Grooming Facility - Primary Facility Owner,3/2/2026,38.0872307,-102.6207496,81052.0,2024.0,,,,,,,,
2561.0,Tidy Tails Pet Pawlor LLC,Tidy Tails Pet Pawlor LLC,Lamar,CO,PROWERS,Pet Grooming Facility - Primary Facility Owner,3/2/2026,38.0883462,-102.6187458,81052.0,2024.0,,,,,,,,
2562.0,Animal Welfare & Protection Society,"PAWS,Paws for Life",Pueblo,CO,PUEBLO,Pet Animal Small Shelter,3/2/2026,38.2705996,-104.6101033,,2024.0,,,,,,,,
2563.0,"BA Bakers, LLC",Sit Means Sit,PUEBLO,CO,PUEBLO,Pet Boarding and/or Training,3/2/2026,38.2705996,-104.6101033,,2024.0,,,,,,,,
2564.0,"BA Bakers, LLC",Sit Means Sit,PUEBLO,CO,PUEBLO,Pet Handler,3/2/2026,38.2705996,-104.6101033,,2024.0,,,,,,,,
2565.0,"BA Bakers, LLC",Sit Means Sit,PUEBLO,CO,PUEBLO,Pet Grooming Facility - Primary Facility Owner,3/2/2026,38.2705996,-104.6101033,,2024.0,,,,,,,,
2566.0,Beasties LLC,,Pueblo,CO,PUEBLO,Pet Boarding and/or Training,3/2/2026,38.3108403,-104.6265327,81008.0,2024.0,,,,,,,,
2567.0,Beasties LLC,,Pueblo,CO,PUEBLO,Retail / Wholesale of Pet Animals,3/2/2026,38.3108403,-104.6265327,81008.0,2024.0,,,,,,,,
2568.0,Beasties LLC,,Pueblo,CO,PUEBLO,Reptile / Amphibian Breeder,3/2/2026,38.3108403,-104.6265327,81008.0,2024.0,,,,,,,,
2569.0,Beasties LLC,,Pueblo,CO,PUEBLO,Pet Animal Small Shelter,3/2/2026,38.3108403,-104.6265327,81008.0,2024.0,,,,,,,,
2570.0,Bianka M Williams,Bianka's Dackels,Pueblo,CO,PUEBLO,Small Scale Dog Breeder,3/2/2026,38.2819336,-104.6113208,81003.0,2024.0,,,,,,,,
2571.0,Bird D's Grooming & Embroidery LLC,Bird D's Grooming,Pueblo,CO,PUEBLO,Pet Grooming Facility - Mobile Groomer,3/2/2026,38.2705996,-104.6101033,,2024.0,,,,,,,,
2572.0,Blessed Beyond Dobermans LLC,,Pueblo West,CO,PUEBLO,Large Scale Dog Breeder,3/2/2026,38.3929879,-104.6846433,81007.0,2024.0,,,,,,,,
2573.0,Bradburn Group LLC,The Proper Pup Dog Training,Pueblo,CO,PUEBLO,Pet Handler,3/2/2026,38.2705996,-104.6101033,,2024.0,,,,,,,,
2574.0,Brittany Schillinger,,Pueblo,CO,PUEBLO,Pet Boarding and/or Training,3/2/2026,38.2787767,-104.6085313,81003.0,2024.0,,,,,,,,
2575.0,Celia L. Steves,Mudpuppy Grooming,Pueblo,CO,PUEBLO,Pet Grooming Facility - Primary Facility Owner,3/2/2026,38.233561,-104.647096,81005.0,2024.0,,,,,,,,
2576.0,Cold Blooded Expos LLC,,Pueblo,CO,PUEBLO,Retail / Wholesale of Pet Animals,3/2/2026,38.2705996,-104.6101033,,2024.0,,,,,,,,
2577.0,Colleen F Lopez,Colleens Grooming,Pueblo,CO,PUEBLO,Pet Grooming Facility - Primary Facility Owner,3/2/2026,38.3017507,-104.6768268,81008.0,2024.0,,,,,,,,
2578.0,Colorado Bullies & More,,Rye,CO,PUEBLO,Pet Animal Small Shelter,3/2/2026,37.8215916,-104.8077935,81069.0,2024.0,,,,,,,,
2579.0,Cooper's Companions,,Pueblo,CO,PUEBLO,Pet Animal Large Rescue,3/2/2026,38.2705996,-104.6101033,,2024.0,,,,,,,,
2580.0,Cosmos Mobile Grooming Company,,Pueblo,CO,PUEBLO,Pet Grooming Facility - Mobile Groomer,3/2/2026,38.2705996,-104.6101033,,2024.0,,,,,,,,
2581.0,Cryptic Creations LLC,Cryptic Creations LLC,Pueblo West,CO,PUEBLO,Retail / Wholesale of Pet Animals,3/2/2026,38.3324119,-104.7404269,,2024.0,,,,,,,,
2582.0,Cryptic Creations LLC,Cryptic Creations LLC,Pueblo West,CO,PUEBLO,Small Animal Breeder,3/2/2026,38.3324119,-104.7404269,,2024.0,,,,,,,,
2583.0,"Cyndy's Grooming, LLC",,Pueblo,CO,PUEBLO,Pet Grooming Facility - Primary Facility Owner,3/2/2026,38.2379908,-104.6440374,81005.0,2024.0,,,,,,,,
2584.0,Diamonds In The Ruff Pet Spa,,Pueblo,CO,PUEBLO,Pet Grooming Facility - Primary Facility Owner,3/2/2026,38.2705996,-104.6101033,,2024.0,,,,,,,,
2585.0,Dirty to Purrrdy,Dirty to Purrdy,Avondale,CO,PUEBLO,Pet Grooming Facility - Mobile Groomer,3/2/2026,38.2375025,-104.3510792,81022.0,2024.0,,,,,,,,
2586.0,Douglas Poll,Doug's Grooming,Pueblo,CO,PUEBLO,Pet Grooming Facility - Primary Facility Owner,3/2/2026,38.3050448,-104.5941077,81001.0,2024.0,,,,,,,,
2587.0,Elite Paws Pet Resort,Elite Paws Pet Resort,Pueblo,CO,PUEBLO,Pet Boarding and/or Training,3/2/2026,38.2509002,-104.5008468,81006.0,2024.0,,,,,,,,
2588.0,Elite Paws Pet Resort,Elite Paws Pet Resort,Pueblo,CO,PUEBLO,Pet Grooming Facility - Primary Facility Owner,3/2/2026,38.2509002,-104.5008468,81006.0,2024.0,,,,,,,,
2589.0,Gina A Bryan,Going Poodles,Pueblo,CO,PUEBLO,Small Scale Dog Breeder,3/2/2026,38.2705996,-104.6101033,,2024.0,,,,,,,,
2590.0,Gold Valley Farrier and Pet Grooming LLC,,Pueblo West,CO,PUEBLO,Pet Grooming Facility - Primary Facility Owner,3/2/2026,38.3324119,-104.7404269,,2024.0,,,,,,,,
2591.0,Groombusters LLC,,Pueblo,CO,PUEBLO,Pet Grooming Facility - Mobile Groomer,3/2/2026,38.2705996,-104.6101033,,2024.0,,,,,,,,
2592.0,Hailey Houghton,Bailey's Bath,Pueblo west,CO,PUEBLO,Pet Grooming Facility - Primary Facility Owner,3/2/2026,38.3324119,-104.7404269,,2024.0,,,,,,,,
2593.0,Heather A. Weaver,Heather's Doggie Do's & Kitties Too,Pueblo,CO,PUEBLO,Pet Grooming Facility - Primary Facility Owner,3/2/2026,38.3398652,-104.6639268,81007.0,2024.0,,,,,,,,
2594.0,Humane Society of the Pikes Peak Region,,Pueblo,CO,PUEBLO,Pet Animal Large Shelter,3/2/2026,38.31916100000001,-104.6208179,81008.0,2024.0,,,,,,,,
2595.0,Humane Society of the Pikes Peak Region,,Pueblo,CO,PUEBLO,Bird Band,3/2/2026,38.31916100000001,-104.6208179,81008.0,2024.0,,,,,,,,
2596.0,James D Singleton,Pueblo West Boarding Kennels,Pueblo West,CO,PUEBLO,Pet Boarding and/or Training,3/2/2026,38.3324119,-104.7404269,,2024.0,,,,,,,,
2597.0,Jennifer L. Dodds,,Pueblo,CO,PUEBLO,Independent Contractor (IC) Pet Groomer,3/2/2026,38.282332,-104.6137187,81003.0,2024.0,,,,,,,,
2598.0,Jessica Fabrizio,,Pueblo,CO,PUEBLO,Independent Contractor (IC) Pet Groomer,3/2/2026,38.2705996,-104.6101033,,2024.0,,,,,,,,
2599.0,Kelley Kyle,Kelley's Kritters,Pueblo,CO,PUEBLO,Small Scale Dog Breeder,3/2/2026,38.3015142,-104.7508574,81007.0,2024.0,,,,,,,,
2600.0,Kristie Wilma Corey,Puppy Love Dog Grooming,Pueblo West,CO,PUEBLO,Pet Grooming Facility - Primary Facility Owner,3/2/2026,38.3324119,-104.7404269,,2024.0,,,,,,,,
2601.0,Kurbside Klean K9 LLC,,Pueblo,CO,PUEBLO,Pet Grooming Facility - Mobile Groomer,3/2/2026,38.2705996,-104.6101033,,2024.0,,,,,,,,
2602.0,Laws4Paws,,Pueblo,CO,PUEBLO,Pet Animal Small Rescue,3/2/2026,38.2705996,-104.6101033,,2024.0,,,,,,,,
2603.0,Lindys Quality Grooming,,Pueblo,CO,PUEBLO,Pet Grooming Facility - Primary Facility Owner,3/2/2026,38.2745346,-104.6119161,81003.0,2024.0,,,,,,,,
2604.0,Lynette A. Jarrett,Aspen Grooming,Pueblo,CO,PUEBLO,Pet Grooming Facility - Primary Facility Owner,3/2/2026,38.2311019,-104.6208223,81004.0,2024.0,,,,,,,,
2605.0,"MVPL, Inc",Mountain View Pet Lodge,Pueblo West,CO,PUEBLO,Pet Boarding and/or Training,3/2/2026,38.3324119,-104.7404269,,2024.0,,,,,,,,
2606.0,"MVPL, Inc",Mountain View Pet Lodge,Pueblo West,CO,PUEBLO,Pet Grooming Facility - Primary Facility Owner,3/2/2026,38.3324119,-104.7404269,,2024.0,,,,,,,,
2607.0,Paws and Relax LLC,,Colorado City,CO,PUEBLO,Pet Grooming Facility - Primary Facility Owner,3/2/2026,37.95312,-104.8159808,81019.0,2024.0,,,,,,,,
2608.0,Pet Paradise,,Pueblo,CO,PUEBLO,Retail / Wholesale of Pet Animals,3/2/2026,38.2458725,-104.6636124,81005.0,2024.0,,,,,,,,
2609.0,Pet Paradise,,Pueblo,CO,PUEBLO,Small Animal Breeder,3/2/2026,38.2458725,-104.6636124,81005.0,2024.0,,,,,,,,
2610.0,Pet Paradise,,Pueblo,CO,PUEBLO,Pet Animal Small Shelter,3/2/2026,38.2458725,-104.6636124,81005.0,2024.0,,,,,,,,
2611.0,Pet Paradise,,Pueblo,CO,PUEBLO,Pet Grooming Facility - Primary Facility Owner,3/2/2026,38.2458725,-104.6636124,81005.0,2024.0,,,,,,,,
2612.0,Pet Paradise,,Pueblo,CO,PUEBLO,Bird Band,3/2/2026,38.2458725,-104.6636124,81005.0,2024.0,,,,,,,,
2613.0,"Petco Animal Supplies Store, Inc #1441",,Pueblo,CO,PUEBLO,Retail / Wholesale of Pet Animals,3/2/2026,38.3334,-104.6231785,81008.0,2024.0,,,,,,,,
2614.0,"Petco Animal Supplies Store, Inc #1441",,Pueblo,CO,PUEBLO,Pet Grooming Facility - Primary Facility Owner,3/2/2026,38.3334,-104.6231785,81008.0,2024.0,,,,,,,,
2615.0,"PetSmart, Inc.",PetSmart #236,Pueblo,CO,PUEBLO,Retail / Wholesale of Pet Animals,3/2/2026,38.3129989,-104.6126029,81008.0,2024.0,,,,,,,,
2616.0,"PetSmart, Inc.",PetSmart #236,Pueblo,CO,PUEBLO,Pet Grooming Facility - Primary Facility Owner,3/2/2026,38.3129989,-104.6126029,81008.0,2024.0,,,,,,,,
2617.0,Pointer Hill Kennels LLC,,Pueblo,CO,PUEBLO,Pet Boarding and/or Training,3/2/2026,38.2336163,-104.4904466,81006.0,2024.0,,,,,,,,
2618.0,Pointer Hill Kennels LLC,,Pueblo,CO,PUEBLO,Pet Grooming Facility - Primary Facility Owner,3/2/2026,38.2336163,-104.4904466,81006.0,2024.0,,,,,,,,
2619.0,"Polar Opposite Kennels, LLC",,Pueblo,CO,PUEBLO,Small Scale Dog Breeder,3/2/2026,38.2705996,-104.6101033,,2024.0,,,,,,,,
2620.0,Pretty Bitches Grooming & Daycare,Pretty Bitches Grooming,Pueblo,CO,PUEBLO,Pet Grooming Facility - Secondary Facility Owner,3/2/2026,38.2705996,-104.6101033,,2024.0,,,,,,,,
2621.0,Prison Trained K9 Companion Program LaVista,La Vista,Pueblo,CO,PUEBLO,Pet Boarding and/or Training,3/2/2026,38.2225531,-104.6679281,81005.0,2024.0,,,,,,,,
2622.0,"Pueblo Small Animal Clinic, Inc.",,Pueblo,CO,PUEBLO,Pet Boarding and/or Training,3/2/2026,38.285669,-104.5868413,81001.0,2024.0,,,,,,,,
2623.0,Robert Shewfelt LLC,,Pueblo West,CO,PUEBLO,Retail / Wholesale of Pet Animals,3/2/2026,38.3324119,-104.7404269,,2024.0,,,,,,,,
2624.0,Robert Turner,R&M Concessions,Pueblo,CO,PUEBLO,Retail / Wholesale of Pet Animals,3/2/2026,38.2705996,-104.6101033,,2024.0,,,,,,,,
2625.0,Rocky Mountain Cocker Rescue,,Pueblo,CO,PUEBLO,Pet Animal Large Rescue,3/2/2026,38.2705996,-104.6101033,,2024.0,,,,,,,,
2626.0,"Rocky Mountain Collie and Sheltie Rescue, Inc.",,Pueblo West,CO,PUEBLO,Pet Animal Small Rescue,3/2/2026,38.3327619,-104.7794876,81007.0,2024.0,,,,,,,,
2627.0,Sara E Cox,The Doggy Salon,Pueblo,CO,PUEBLO,Pet Grooming Facility - Primary Facility Owner,3/2/2026,38.2705996,-104.6101033,,2024.0,,,,,,,,
2628.0,SoCo Paws Grooming,SoCo Paws Grooming,Pueblo West,CO,PUEBLO,Pet Grooming Facility - Primary Facility Owner,3/2/2026,38.3250077,-104.6973249,81007.0,2024.0,,,,,,,,
2629.0,Southern Colorado Spay Neuter Association,,Pueblo,CO,PUEBLO,Pet Animal Small Shelter,3/2/2026,38.2390134,-104.6433374,81005.0,2024.0,,,,,,,,
2630.0,Stacy R. Weaver,Coats N' Tails,Pueblo West,CO,PUEBLO,Pet Grooming Facility - Primary Facility Owner,3/2/2026,38.3324119,-104.7404269,,2024.0,,,,,,,,
2631.0,Stephanie Bearheart,,Colorado City,CO,PUEBLO,Pet Grooming Facility - Primary Facility Owner,3/2/2026,37.9452861,-104.8352628,,2024.0,,,,,,,,
2632.0,Stylish Edge Grooming LLC,Dog Groomer,Pueblo West,CO,PUEBLO,Pet Grooming Facility - Secondary Facility Owner,3/2/2026,38.3380633,-104.7337335,81007.0,2024.0,,,,,,,,
2633.0,Tails to Nails LLC,Tails to Nails Mobile Grooming,Pueblo,CO,PUEBLO,Pet Grooming Facility - Mobile Groomer,3/2/2026,38.2705996,-104.6101033,,2024.0,,,,,,,,
2634.0,Teri Poteet,Best In Show,Pueblo West,CO,PUEBLO,Pet Grooming Facility - Primary Facility Owner,3/2/2026,38.3324119,-104.7404269,,2024.0,,,,,,,,
2635.0,The Paw Spa,,Pueblo,CO,PUEBLO,Pet Grooming Facility - Primary Facility Owner,3/2/2026,38.2458736,-104.5732767,81006.0,2024.0,,,,,,,,
2636.0,"The Thomas Group, LLC",Yer Dirty Dawg,Pueblo,CO,PUEBLO,Pet Grooming Facility - Primary Facility Owner,3/2/2026,38.3054215,-104.5986674,81001.0,2024.0,,,,,,,,
2637.0,Valerie Trujillo,Celestial Pet Services,Pueblo,CO,PUEBLO,Pet Grooming Facility - Mobile Groomer,3/2/2026,38.3098386,-104.6590554,810082212.0,2024.0,,,,,,,,
2638.0,Wags and Whiskers Grooming LLC,,Pueblo West,CO,PUEBLO,Pet Grooming Facility - Primary Facility Owner,3/2/2026,38.3114644,-104.706272,81007.0,2024.0,,,,,,,,
2639.0,Jennifer L. Otto,J & J's Pomeranian Ranch,Meeker,CO,RIO BLANCO,Small Scale Dog Breeder,3/2/2026,40.03747329999999,-107.9131299,81641.0,2024.0,,,,,,,,
2640.0,Katy Alger,Meeker Pet Grooming,Meeker,CO,RIO BLANCO,Pet Grooming Facility - Primary Facility Owner,3/2/2026,36.753768,3.0587561,,2024.0,,,,,,,,
2641.0,The Fur Factory,The Fur Factory,Rangely,CO,RIO BLANCO,Pet Grooming Facility - Primary Facility Owner,3/2/2026,40.0874759,-108.8048292,81648.0,2024.0,,,,,,,,
2642.0,The Meeker Cat Coalition,Wild West Kitty Kingdom,Meeker,CO,RIO BLANCO,Pet Animal Small Shelter,3/2/2026,40.03747329999999,-107.9131299,81641.0,2024.0,,,,,,,,
2643.0,Town of Meeker Animal Control Facility,,Meeker,CO,RIO BLANCO,Pet Animal Small Shelter,3/2/2026,40.0360536,-107.9093058,81641.0,2024.0,,,,,,,,
2644.0,Town of Rangely,Town of Rangely Animal Shelter,Rangely,CO,RIO BLANCO,Pet Animal Small Shelter,3/2/2026,40.0874759,-108.8048292,81648.0,2024.0,,,,,,,,
2645.0,Anne Henningsen,,Monte Vista,CO,RIO GRANDE,Pet Grooming Facility - Secondary Facility Owner,3/2/2026,37.5791696,-106.1480842,81144.0,2024.0,,,,,,,,
2646.0,cats alive slv,,Del Norte,CO,RIO GRANDE,Pet Animal Large Rescue,3/2/2026,37.678447,-106.3453783,81132.0,2024.0,,,,,,,,
2647.0,Dirty Dog Grooming LLC,,South Fork,CO,RIO GRANDE,Pet Grooming Facility - Secondary Facility Owner,3/2/2026,37.6708812,-106.6321118,81154.0,2024.0,,,,,,,,
2648.0,Happy Wiggle Butt LLC,Shampooch,South Fork,CO,RIO GRANDE,Pet Grooming Facility - Primary Facility Owner,3/2/2026,37.6694235,-106.6395661,81154.0,2024.0,,,,,,,,
2649.0,Kendall Ackerman,Dog Groomer,Monte Vista,CO,RIO GRANDE,Independent Contractor (IC) Pet Groomer,3/2/2026,37.5791696,-106.1480842,81144.0,2024.0,,,,,,,,
2650.0,Lisa A. Herrick,Special Touch Pet Grooming,Monte Vista,CO,RIO GRANDE,Pet Grooming Facility - Primary Facility Owner,3/2/2026,37.5791696,-106.1480842,81144.0,2024.0,,,,,,,,
2651.0,Lisa K. McClure,Lisa's Dog Grooming,Del Norte,CO,RIO GRANDE,Pet Grooming Facility - Primary Facility Owner,3/2/2026,37.6786462,-106.3519088,81132.0,2024.0,,,,,,,,
2652.0,Muddy Paws Doggie Wash,B and J Grooming,Monte Vista,CO,RIO GRANDE,Pet Grooming Facility - Primary Facility Owner,3/2/2026,37.5791696,-106.1480842,81144.0,2024.0,,,,,,,,
2653.0,Noah's Arff LLC,Noah's Arff LLC Dog Boarding and Cattery,Monte Vista,CO,RIO GRANDE,Pet Boarding and/or Training,3/2/2026,37.529131,-106.0932656,81144.0,2024.0,,,,,,,,
2654.0,Noah's Arff LLC,Noah's Arff LLC Dog Boarding and Cattery,Monte Vista,CO,RIO GRANDE,Pet Grooming Facility - Primary Facility Owner,3/2/2026,37.529131,-106.0932656,81144.0,2024.0,,,,,,,,
2655.0,"Ruff Dogs, Inc.",,South Fork,CO,RIO GRANDE,Pet Boarding and/or Training,3/2/2026,37.669571,-106.633449,81154.0,2024.0,,,,,,,,
2656.0,"Ruff Dogs, Inc.",,South Fork,CO,RIO GRANDE,Pet Grooming Facility - Mobile Groomer,3/2/2026,37.669571,-106.633449,81154.0,2024.0,,,,,,,,
2657.0,Stephanie Malstrom,,Monte Vista,CO,RIO GRANDE,Independent Contractor (IC) Pet Groomer,3/2/2026,37.5791696,-106.1480842,81144.0,2024.0,,,,,,,,
2658.0,Upper Rio Grande Animal Society,Conour Animal Shelter,Monte Vista,CO,RIO GRANDE,Pet Animal Small Shelter,3/2/2026,37.5791696,-106.1480842,81144.0,2024.0,,,,,,,,
2659.0,Central Park Investments,Mountain View Car Wash,Steamboat Springs,CO,ROUTT,Pet Grooming Facility - Self Wash Facility,3/2/2026,40.4619345,-106.8166074,80487.0,2024.0,,,,,,,,
2660.0,"Doggy Style Mobile Pet Grooming, LLC",,Steamboat Springs,CO,ROUTT,Pet Grooming Facility - Mobile Groomer,3/2/2026,40.4849769,-106.8317158,80487.0,2024.0,,,,,,,,
2661.0,Four Elements LLC,Steamboat Dog Spa,Steamboat Springs,CO,ROUTT,Pet Grooming Facility - Primary Facility Owner,3/2/2026,40.4848469,-106.8290658,80487.0,2024.0,,,,,,,,
2662.0,HH Ranch Inc,Grizzle T Dog & Sled Works,Steamboat Springs,CO,ROUTT,Commercial Pet Animal Facility,3/2/2026,40.4849769,-106.8317158,80487.0,2024.0,,,,,,,,
2663.0,Mountain Mutts and Such LLC,,Hayden,CO,ROUTT,Pet Grooming Facility - Primary Facility Owner,3/2/2026,40.4950985,-107.2578747,81639.0,2024.0,,,,,,,,
2664.0,Peace Love Dogs Inc,Peace Love Petcare,Steamboat Springs,CO,ROUTT,Pet Boarding and/or Training,3/2/2026,40.4849769,-106.8317158,80487.0,2024.0,,,,,,,,
2665.0,Powder Hounds Grooming Salon,,Steamboat Springs,CO,ROUTT,Pet Grooming Facility - Primary Facility Owner,3/2/2026,40.4878502,-106.8393092,80487.0,2024.0,,,,,,,,
2666.0,Red Rover Resort Ltd,,Steamboat Springs,CO,ROUTT,Pet Boarding and/or Training,3/2/2026,40.4683917,-107.0098184,80487.0,2024.0,,,,,,,,
2667.0,"Rocky Mountain Retrievers, Inc.",Rocky Mountain Pet Resort,Yampa,CO,ROUTT,Pet Boarding and/or Training,3/2/2026,40.1524837,-106.9086582,80483.0,2024.0,,,,,,,,
2668.0,"Rocky Mountain Retrievers, Inc.",Rocky Mountain Pet Resort,Yampa,CO,ROUTT,Pet Grooming Facility - Primary Facility Owner,3/2/2026,40.1524837,-106.9086582,80483.0,2024.0,,,,,,,,
2669.0,Routt County Humane Society Inc.,R.C.H.S.,Steamboat Springs,CO,ROUTT,Pet Animal Small Shelter,3/2/2026,40.48920710000001,-106.8509922,80487.0,2024.0,,,,,,,,
2670.0,Sambrian Feed LLC,Elk River Pet and Ranch,Steamboat Springs,CO,ROUTT,Retail / Wholesale of Pet Animals,3/2/2026,40.4849769,-106.8317158,80487.0,2024.0,,,,,,,,
2671.0,Snow Buddy Dog Sled Tours LLC,,Oak Creek,CO,ROUTT,Commercial Pet Animal Facility,3/2/2026,40.2749806,-106.9583829,80467.0,2024.0,,,,,,,,
2672.0,"Splash Hounds SBS, LLC",Splash Hounds Dog Wash,Steamboat Springs,CO,ROUTT,Pet Grooming Facility - Self Wash Facility,3/2/2026,40.4747552,-106.8270877,80487.0,2024.0,,,,,,,,
2673.0,Accountable K9,,Moffat,CO,SAGUACHE,Pet Boarding and/or Training,3/2/2026,38.161079,-105.9611259,81155.0,2024.0,,,,,,,,
2674.0,Accountable K9,,Moffat,CO,SAGUACHE,Large Scale Dog Breeder,3/2/2026,38.161079,-105.9611259,81155.0,2024.0,,,,,,,,
2675.0,Patricia A Shellabarger,Rito Alto Kennels,Moffat,CO,SAGUACHE,Retail / Wholesale of Pet Animals,3/2/2026,37.9988882,-105.9100156,,2024.0,,,,,,,,
2676.0,Patricia A Shellabarger,Rito Alto Kennels,Moffat,CO,SAGUACHE,Large Scale Dog Breeder,3/2/2026,37.9988882,-105.9100156,,2024.0,,,,,,,,
2677.0,Spruced Pup Dog Grooming,,Saguache,CO,SAGUACHE,Pet Grooming Facility - Mobile Groomer,3/2/2026,38.087336,-106.13248,81149.0,2024.0,,,,,,,,
2678.0,Dirt Dawg Co LLC,,Telluride,CO,SAN MIGUEL,Pet Grooming Facility - Primary Facility Owner,3/2/2026,37.9369302,-107.8092966,81435.0,2024.0,,,,,,,,
2679.0,"Dogtown, Colorado",The Dog House -Telluride,Telluride,CO,SAN MIGUEL,Pet Boarding and/or Training,3/2/2026,37.9374939,-107.8122852,,2024.0,,,,,,,,
2680.0,"Dogtown, Colorado",The Dog House -Telluride,Telluride,CO,SAN MIGUEL,Pet Grooming Facility - Primary Facility Owner,3/2/2026,37.9374939,-107.8122852,,2024.0,,,,,,,,
2681.0,Idarado Sled Dog Adventures LLC,,Placerville,CO,SAN MIGUEL,Commercial Pet Animal Facility,3/2/2026,38.0166587,-108.0534031,81430.0,2024.0,,,,,,,,
2682.0,"Lady Brooke Hitching, Country, LLC",Ophir Animal Camp,Ophir,CO,SAN MIGUEL,Pet Boarding and/or Training,3/2/2026,37.8569392,-107.8325644,81426.0,2024.0,,,,,,,,
2683.0,Lynn M Black,,Placerville,CO,SAN MIGUEL,Pet Grooming Facility - Primary Facility Owner,3/2/2026,38.0166587,-108.0534031,81430.0,2024.0,,,,,,,,
2684.0,San Miguel Veterinary Clinic LLC,San Miguel Veterinary Clinic,Norwood,CO,SAN MIGUEL,Pet Boarding and/or Training,3/2/2026,38.1303482,-108.2795257,81423.0,2024.0,,,,,,,,
2685.0,San Miguel Veterinary Clinic LLC,San Miguel Veterinary Clinic,Norwood,CO,SAN MIGUEL,Pet Grooming Facility - Primary Facility Owner,3/2/2026,38.1303482,-108.2795257,81423.0,2024.0,,,,,,,,
2686.0,Sierra Hawksley,Telluride K9 Adventure School,Telluride,CO,SAN MIGUEL,Pet Handler,3/2/2026,37.9374939,-107.8122852,,2024.0,,,,,,,,
2687.0,Telluride Humane Society,,Ophir,CO,SAN MIGUEL,Pet Animal Small Rescue,3/2/2026,37.8569392,-107.8325644,81426.0,2024.0,,,,,,,,
2688.0,The Animal Hospital of Telluride,,Telluride,CO,SAN MIGUEL,Pet Animal Small Shelter,3/2/2026,37.9476089,-107.9136047,81435.0,2024.0,,,,,,,,
2689.0,John Fryar,All Washed Up Laundro-Mutt,Julesburg,CO,SEDGWICK,Pet Grooming Facility - Self Wash Facility,3/2/2026,40.98832580000001,-102.2643519,80737.0,2024.0,,,,,,,,
2690.0,Kelley Gross,Groomer,Julesburg,CO,SEDGWICK,Pet Grooming Facility - Secondary Facility Owner,3/2/2026,40.98832580000001,-102.2643519,80737.0,2024.0,,,,,,,,
2691.0,"Animal Lovers Pet Supply, LLC",,Breckenridge,CO,SUMMIT,Pet Grooming Facility - Primary Facility Owner,3/2/2026,39.5137659,-106.0526159,80424.0,2024.0,,,,,,,,
2692.0,"Animal Lovers Pet Supply, LLC",,Breckenridge,CO,SUMMIT,Pet Grooming Facility - Self Wash Facility,3/2/2026,39.5137659,-106.0526159,80424.0,2024.0,,,,,,,,
2693.0,Colorado Dog Sledding,Colorado Dog Sledding,Silverthorne,CO,SUMMIT,Commercial Pet Animal Facility,3/2/2026,39.770586,-106.1299305,80498.0,2024.0,,,,,,,,
2694.0,Elk Mountain Trading Company LLC,A & A Pet Supply and Feed,Frisco,CO,SUMMIT,Pet Grooming Facility - Primary Facility Owner,3/2/2026,39.577437,-106.092321,80443.0,2024.0,,,,,,,,
2695.0,Elk Mountain Trading Company LLC,A & A Pet Supply and Feed,Frisco,CO,SUMMIT,Pet Grooming Facility - Self Wash Facility,3/2/2026,39.577437,-106.092321,80443.0,2024.0,,,,,,,,
2696.0,Good Times Adventures LLC,Good Times Adventures,Breckenridge,CO,SUMMIT,Commercial Pet Animal Facility,3/2/2026,39.508068,-105.945877,80424.0,2024.0,,,,,,,,
2697.0,Hairy Pupper LLC,,Breckenridge,CO,SUMMIT,Pet Grooming Facility - Mobile Groomer,3/2/2026,39.4816537,-106.0383518,80424.0,2024.0,,,,,,,,
2698.0,Hairy Pupper LLC,,Breckenridge,CO,SUMMIT,Independent Contractor (IC) Pet Groomer,3/2/2026,39.4816537,-106.0383518,80424.0,2024.0,,,,,,,,
2699.0,Pawsh Limited LLC,,Breckenridge,CO,SUMMIT,Pet Grooming Facility - Primary Facility Owner,3/2/2026,39.513793,-106.0525831,80424.0,2024.0,,,,,,,,
2700.0,"Petco Animal Supplies Store, Inc",,Dillon,CO,SUMMIT,Retail / Wholesale of Pet Animals,3/2/2026,39.6302643,-106.0433518,,2024.0,,,,,,,,
2701.0,"Petco Animal Supplies Store, Inc",,Dillon,CO,SUMMIT,Pet Grooming Facility - Primary Facility Owner,3/2/2026,39.6302643,-106.0433518,,2024.0,,,,,,,,
2702.0,Slope Dogs LLC,,Breckenridge,CO,SUMMIT,Pet Grooming Facility - Primary Facility Owner,3/2/2026,39.5152849,-106.0534556,80424.0,2024.0,,,,,,,,
2703.0,Summit County Animal Control,Summit County Animal Shelter,Frisco,CO,SUMMIT,Pet Animal Small Shelter,3/2/2026,39.5744309,-106.0975203,,2024.0,,,,,,,,
2704.0,Summit Pet Co LLC,Summit Groom Shop,Silverthorne,CO,SUMMIT,Pet Handler,3/2/2026,39.6296191,-106.0712941,,2024.0,,,,,,,,
2705.0,Summit Pet Co LLC,Summit Groom Shop,Silverthorne,CO,SUMMIT,Pet Grooming Facility - Primary Facility Owner,3/2/2026,39.6296191,-106.0712941,,2024.0,,,,,,,,
2706.0,Summit Pet Co LLC,Summit Groom Shop,Silverthorne,CO,SUMMIT,Pet Grooming Facility - Self Wash Facility,3/2/2026,39.6296191,-106.0712941,,2024.0,,,,,,,,
2707.0,"TDC78, LLC",The Dog Chalet,Dillon,CO,SUMMIT,Pet Boarding and/or Training,3/2/2026,39.6302643,-106.0433518,,2024.0,,,,,,,,
2708.0,TKM Ventures LLC,The Dog House,Breckenridge,CO,SUMMIT,Pet Boarding and/or Training,3/2/2026,39.4816537,-106.0383518,80424.0,2024.0,,,,,,,,
2709.0,TKM Ventures LLC,The Dog House,Breckenridge,CO,SUMMIT,Pet Grooming Facility - Primary Facility Owner,3/2/2026,39.4816537,-106.0383518,80424.0,2024.0,,,,,,,,
2710.0,Aggie Animal Care LLC,,Florissant,CO,TELLER,Pet Grooming Facility - Mobile Groomer,3/2/2026,38.946154,-105.2893555,80816.0,2024.0,,,,,,,,
2711.0,Allison Keany,Allison's Dog Grooming,Woodland Park,CO,TELLER,Pet Grooming Facility - Mobile Groomer,3/2/2026,38.9938808,-105.0569301,80863.0,2024.0,,,,,,,,
2712.0,Barbara J. Neiswander,Doggie Kamp with Cats on the Side,Woodland Park,CO,TELLER,Pet Boarding and/or Training,3/2/2026,38.9938808,-105.0569301,80863.0,2024.0,,,,,,,,
2713.0,Clearwater Grooming and Pet Care LLC,,Woodland Park,CO,TELLER,Pet Grooming Facility - Primary Facility Owner,3/2/2026,38.995154,-105.054604,80863.0,2024.0,,,,,,,,
2714.0,Colorado Wolf Adventures,Colorado Wolf Adventures,Woodland Park,CO,TELLER,Commercial Pet Animal Facility,3/2/2026,38.9938808,-105.0569301,80863.0,2024.0,,,,,,,,
2715.0,Cripple Creek Police Department,City of Cripple Creek Animal Shelter,Cripple Creek,CO,TELLER,Pet Animal Small Shelter,3/2/2026,38.74672899999999,-105.180218,80813.0,2024.0,,,,,,,,
2716.0,Diane Decker,Woodland Kennels,Woodland Park,CO,TELLER,Pet Boarding and/or Training,3/2/2026,38.9938808,-105.0569301,80863.0,2024.0,,,,,,,,
2717.0,Dog House Grooming LLC,,Florissant,CO,TELLER,Pet Grooming Facility - Primary Facility Owner,3/2/2026,38.946154,-105.2893555,80816.0,2024.0,,,,,,,,
2718.0,"Florissant Kennels & Grooming, Inc.",,Florissant,CO,TELLER,Pet Boarding and/or Training,3/2/2026,38.9588718,-105.260656,80816.0,2024.0,,,,,,,,
2719.0,Linda A. Smith,Vom Dortmunder German Shepherds,Florissant,CO,TELLER,Pet Boarding and/or Training,3/2/2026,38.946154,-105.2893555,80816.0,2024.0,,,,,,,,
2720.0,Linda A. Smith,Vom Dortmunder German Shepherds,Florissant,CO,TELLER,Small Scale Dog Breeder,3/2/2026,38.946154,-105.2893555,80816.0,2024.0,,,,,,,,
2721.0,Linda Hartelt,High Country German Shepherds,Lake George,CO,TELLER,Small Scale Dog Breeder,3/2/2026,38.9797141,-105.3574943,80827.0,2024.0,,,,,,,,
2722.0,"Mama Mia""s Pet Spaw",,Woodland Park,CO,TELLER,Pet Grooming Facility - Primary Facility Owner,3/2/2026,38.992507,-105.0486409,80863.0,2024.0,,,,,,,,
2723.0,Mama Mia's Pet Spaw LLC,,Woodland Park,CO,TELLER,Pet Grooming Facility - Primary Facility Owner,3/2/2026,38.992507,-105.0486409,80863.0,2024.0,,,,,,,,
2724.0,"My Life Unleashed, LLC",,Divide,CO,TELLER,Pet Boarding and/or Training,3/2/2026,38.9810108,-105.0450109,80863.0,2024.0,,,,,,,,
2725.0,"My Life Unleashed, LLC",,Divide,CO,TELLER,Pet Transporter,3/2/2026,38.9810108,-105.0450109,80863.0,2024.0,,,,,,,,
2726.0,"My Life Unleashed, LLC",,Divide,CO,TELLER,Pet Grooming Facility - Primary Facility Owner,3/2/2026,38.9810108,-105.0450109,80863.0,2024.0,,,,,,,,
2727.0,Rocky Mountains High LLC,Blues Natural Pet Market and Dog Wash,Woodland Park,CO,TELLER,Pet Grooming Facility - Self Wash Facility,3/2/2026,38.9938808,-105.0569301,80863.0,2024.0,,,,,,,,
2728.0,Sheree Sanchez,,Cripple Creek,CO,TELLER,Small Scale Dog Breeder,3/2/2026,38.7466555,-105.1783149,,2024.0,,,,,,,,
2729.0,Sheree Sanchez,The Sudsey Pup,Woodland Park,CO,TELLER,Pet Grooming Facility - Primary Facility Owner,3/2/2026,38.9938808,-105.0569301,80863.0,2024.0,,,,,,,,
2730.0,Suveto Operations CO LLC,Animal Medical Center of Woodland Park,Woodland Park,CO,TELLER,Pet Boarding and/or Training,3/2/2026,38.9938808,-105.0569301,80863.0,2024.0,,,,,,,,
2731.0,Suveto Operations CO LLC,Animal Medical Center of Woodland Park,Woodland Park,CO,TELLER,Pet Grooming Facility - Self Wash Facility,3/2/2026,38.9938808,-105.0569301,80863.0,2024.0,,,,,,,,
2732.0,Teller County Regional Animal Shelter,TCRAS,Woodland Park,CO,TELLER,Pet Animal Small Rescue,3/2/2026,38.9438529,-105.1500706,80814.0,2024.0,,,,,,,,
2733.0,"Teller County Regional Animal Shelter, Inc.",TCRAS,Divide,CO,TELLER,Pet Animal Small Shelter,3/2/2026,38.9438529,-105.1500706,80814.0,2024.0,,,,,,,,
2734.0,Judy L. Dunbar,JD Kennels,Akron,CO,WASHINGTON,Small Scale Dog Breeder,3/2/2026,40.1605373,-103.2143843,80720.0,2024.0,,,,,,,,
2735.0,Julie Jones,J4 Corgis and Auggies,Akron,CO,WASHINGTON,Small Scale Dog Breeder,3/2/2026,40.1605373,-103.2143843,80720.0,2024.0,,,,,,,,
2736.0,STK Just Labs Inc.,STK Just Labs Kennel,Otis,CO,WASHINGTON,Small Scale Dog Breeder,3/2/2026,40.1719648,-102.9277861,80743.0,2024.0,,,,,,,,
2737.0,Town of Akron,,Akron,CO,WASHINGTON,Pet Animal Small Shelter,3/2/2026,40.1605373,-103.2143843,80720.0,2024.0,,,,,,,,
2738.0,17th and Pawlished LLC,,Greeley,CO,WELD,Pet Grooming Facility - Primary Facility Owner,3/2/2026,40.41180800000001,-104.71851,80634.0,2024.0,,,,,,,,
2739.0,Adriann Wycoff,County Line Kennels,Brighton,CO,WELD,Pet Boarding and/or Training,3/2/2026,39.9852617,-104.8205283,,2024.0,,,,,,,,
2740.0,Adventure K9 LLC,Adventure K9,Erie,CO,WELD,Pet Handler,3/2/2026,40.0546654,-105.0220828,80516.0,2024.0,,,,,,,,
2741.0,"Alpine Veterinary Hospital of Greeley, Inc.",,Greeley,CO,WELD,Pet Boarding and/or Training,3/2/2026,40.434241,-104.736807,80634.0,2024.0,,,,,,,,
2742.0,Amy R. Fenner,Colorado Low Rider Puppies,Keenesburg,CO,WELD,Small Scale Dog Breeder,3/2/2026,40.1083158,-104.5199585,80643.0,2024.0,,,,,,,,
2743.0,Andrea Andersen,A Andersen Aviary,Keenesburg,CO,WELD,Bird Breeder,3/2/2026,40.1083158,-104.5199585,80643.0,2024.0,,,,,,,,
2744.0,Andrea Andersen,A Andersen Aviary,Keenesburg,CO,WELD,Bird Band,3/2/2026,40.1083158,-104.5199585,80643.0,2024.0,,,,,,,,
2745.0,"Animal Attraction, LLC",,Greeley,CO,WELD,Retail / Wholesale of Pet Animals,3/2/2026,40.396638,-104.6965623,80631.0,2024.0,,,,,,,,
2746.0,"Animal Attraction, LLC",,Greeley,CO,WELD,Small Animal Breeder,3/2/2026,40.396638,-104.6965623,80631.0,2024.0,,,,,,,,
2747.0,"Animal Attraction, LLC",,Greeley,CO,WELD,Pet Animal Small Shelter,3/2/2026,40.396638,-104.6965623,80631.0,2024.0,,,,,,,,
2748.0,"Animal Den, Inc.",Eaton Animal Den,Eaton,CO,WELD,Pet Boarding and/or Training,3/2/2026,40.5215597,-104.7113998,80615.0,2024.0,,,,,,,,
2749.0,"Animal Den, Inc.",Eaton Animal Den,Eaton,CO,WELD,Pet Animal Small Shelter,3/2/2026,40.5215597,-104.7113998,80615.0,2024.0,,,,,,,,
2750.0,"Animal Den, Inc.",Eaton Animal Den,Eaton,CO,WELD,Pet Grooming Facility - Primary Facility Owner,3/2/2026,40.5215597,-104.7113998,80615.0,2024.0,,,,,,,,
2751.0,Anne E Backstrom,Centennial Ranch,Platteville,CO,WELD,Small Scale Dog Breeder,3/2/2026,40.2149829,-104.8227494,,2024.0,,,,,,,,
2752.0,Annette B. Rodriguez,Monarch Corgis,Keenesburg,CO,WELD,Small Scale Dog Breeder,3/2/2026,40.1083158,-104.5199585,80643.0,2024.0,,,,,,,,
2753.0,Archway Adventures,,Greeley,CO,WELD,Pet Animal Small Shelter,3/2/2026,40.37773019999999,-104.5922315,80631.0,2024.0,,,,,,,,
2754.0,Art & Science Behavior Services,,KEENESBURG,CO,WELD,Pet Boarding and/or Training,3/2/2026,40.1083158,-104.5199585,80643.0,2024.0,,,,,,,,
2755.0,Art & Science Behavior Services,,KEENESBURG,CO,WELD,Pet Handler,3/2/2026,40.1083158,-104.5199585,80643.0,2024.0,,,,,,,,
2756.0,Auntie Em inc.,Auntie Em,Firestone,CO,WELD,Pet Grooming Facility - Mobile Groomer,3/2/2026,40.1124839,-104.9366436,,2024.0,,,,,,,,
2757.0,"Aussie & Friends Mobile Dog Grooming, LLC",,Severance,CO,WELD,Pet Grooming Facility - Mobile Groomer,3/2/2026,40.5241479,-104.8510819,,2024.0,,,,,,,,
2758.0,Autowash Vista Ridge Operating Company,Autowash@Vista Ridge,Erie,CO,WELD,Pet Grooming Facility - Self Wash Facility,3/2/2026,40.0010369,-105.0355074,80516.0,2024.0,,,,,,,,
2759.0,Beai's Grooming Salon LLC,Beai's Grooming Salon,Evans,CO,WELD,Pet Grooming Facility - Primary Facility Owner,3/2/2026,40.4226962,-104.7295123,80634.0,2024.0,,,,,,,,
2760.0,"Beast to Beauty Pet Grooming, LLC",,Greeley,CO,WELD,Pet Grooming Facility - Primary Facility Owner,3/2/2026,40.4233142,-104.7091322,,2024.0,,,,,,,,
2761.0,Becky L Minney,Becky's Paws and Claws Pet Grooming,Greeley,CO,WELD,Pet Grooming Facility - Primary Facility Owner,3/2/2026,40.4382169,-104.7387913,80631.0,2024.0,,,,,,,,
2762.0,"Bed N Biscuit Inn, Inc.",,Keenesburg,CO,WELD,Pet Boarding and/or Training,3/2/2026,40.0599454,-104.507735,80643.0,2024.0,,,,,,,,
2763.0,"Bed N Biscuit Inn, Inc.",,Keenesburg,CO,WELD,Pet Grooming Facility - Primary Facility Owner,3/2/2026,40.0599454,-104.507735,80643.0,2024.0,,,,,,,,
2764.0,Bee Clean Auto Wash LLC,,Greeley,CO,WELD,Pet Grooming Facility - Self Wash Facility,3/2/2026,40.4233142,-104.7091322,,2024.0,,,,,,,,
2765.0,Best in Show LLC,,Greeley,CO,WELD,Pet Grooming Facility - Primary Facility Owner,3/2/2026,40.4032433,-104.7337278,80634.0,2024.0,,,,,,,,
2766.0,Betty Roos,Betty's Dogs,Dacono,CO,WELD,Small Scale Dog Breeder,3/2/2026,40.0516647,-104.9427942,80514.0,2024.0,,,,,,,,
2767.0,Big Bones Canine Rescue,,Wellington,CO,WELD,Pet Animal Small Shelter,3/2/2026,40.70387119999999,-105.0085856,80549.0,2024.0,,,,,,,,
2768.0,"Big Bones Canine Rescue Service, Inc.",,Windsor,CO,WELD,Pet Animal Small Shelter,3/2/2026,40.4774818,-104.9013617,,2024.0,,,,,,,,
2769.0,Big Primpin,Big Primpin,Greeley,CO,WELD,Pet Grooming Facility - Primary Facility Owner,3/2/2026,40.4247383,-104.7157016,80634.0,2024.0,,,,,,,,
2770.0,Biggs Lagoon,,Longmont,CO,WELD,Aquarium Only,3/2/2026,40.1586489,-104.9408386,80504.0,2024.0,,,,,,,,
2771.0,Bounding Hounds LLC,Bounding Hounds,Firestone,CO,WELD,Pet Grooming Facility - Primary Facility Owner,3/2/2026,40.1124839,-104.9366436,,2024.0,,,,,,,,
2772.0,Canine Behavior Connection LLC,,Keenesburg,CO,WELD,Pet Boarding and/or Training,3/2/2026,40.1083158,-104.5199585,80643.0,2024.0,,,,,,,,
2773.0,Canine Behavior Connection LLC,,Keenesburg,CO,WELD,Pet Handler,3/2/2026,40.1083158,-104.5199585,80643.0,2024.0,,,,,,,,
2774.0,"Canine Cuts Grooming Salon, LLC",,Johnstown,CO,WELD,Pet Grooming Facility - Mobile Groomer,3/2/2026,40.3374112,-104.9060121,80534.0,2024.0,,,,,,,,
2775.0,Carman Beck,,Berthoud,CO,WELD,Pet Grooming Facility - Primary Facility Owner,3/2/2026,40.3083174,-105.0810924,,2024.0,,,,,,,,
2776.0,"Centerpiece Puppies, LLC",,Greeley,CO,WELD,Small Scale Dog Breeder,3/2/2026,40.4233142,-104.7091322,,2024.0,,,,,,,,
2777.0,Chomps Dog Training,Chomps Dog Training,Erie,CO,WELD,Pet Boarding and/or Training,3/2/2026,40.0539504,-104.9973713,80516.0,2024.0,,,,,,,,
2778.0,Chomps Dog Training,Chomps Dog Training,Erie,CO,WELD,Pet Handler,3/2/2026,40.0539504,-104.9973713,80516.0,2024.0,,,,,,,,
2779.0,Christine Williams,Christine's K9 Coat Shop,Greeley,CO,WELD,Pet Grooming Facility - Primary Facility Owner,3/2/2026,40.4233142,-104.7091322,,2024.0,,,,,,,,
2780.0,Christine's Paw Spa LLC,,Windsor,CO,WELD,Pet Grooming Facility - Primary Facility Owner,3/2/2026,40.4774818,-104.9013617,,2024.0,,,,,,,,
2781.0,Christopher Seigler,Seigler Pet Grooming,FIRESTONE,CO,WELD,Pet Grooming Facility - Mobile Groomer,3/2/2026,40.1124839,-104.9366436,,2024.0,,,,,,,,
2782.0,Coal Ridge Animal Hospital,,Longmont,CO,WELD,Pet Boarding and/or Training,3/2/2026,40.1329493,-104.9384867,80504.0,2024.0,,,,,,,,
2783.0,Coal Ridge Animal Hospital,,Longmont,CO,WELD,Pet Grooming Facility - Primary Facility Owner,3/2/2026,40.1329493,-104.9384867,80504.0,2024.0,,,,,,,,
2784.0,Colorado Greyhound Adoption,,Johnstown,CO,WELD,Pet Animal Large Rescue,3/2/2026,40.3369272,-104.9121967,,2024.0,,,,,,,,
2785.0,Colorado Reptile Humane Society,,Longmont,CO,WELD,Pet Animal Small Shelter,3/2/2026,40.2028292,-105.0475907,80504.0,2024.0,,,,,,,,
2786.0,"Combs/Hubert, LLC",West Ridge Animal Hospital,Greeley,CO,WELD,Pet Boarding and/or Training,3/2/2026,40.4072364,-104.8120382,80634.0,2024.0,,,,,,,,
2787.0,"Corlis ""Midge"" A Tucker",Midge's Pet Grooming,Greeley,CO,WELD,Pet Grooming Facility - Secondary Facility Owner,3/2/2026,40.434785,-104.7598305,80634.0,2024.0,,,,,,,,
2788.0,Cottage Kennels,,Longmont,CO,WELD,Pet Boarding and/or Training,3/2/2026,40.1672068,-105.1019275,,2024.0,,,,,,,,
2789.0,Cottage Kennels,,Longmont,CO,WELD,Pet Grooming Facility - Primary Facility Owner,3/2/2026,40.1672068,-105.1019275,,2024.0,,,,,,,,
2790.0,Country Barn Dog Kennel,,Erie,CO,WELD,Pet Boarding and/or Training,3/2/2026,40.0184016,-104.9980103,80516.0,2024.0,,,,,,,,
2791.0,Country Barn Dog Kennel,,Erie,CO,WELD,Pet Grooming Facility - Primary Facility Owner,3/2/2026,40.0184016,-104.9980103,80516.0,2024.0,,,,,,,,
2792.0,Cowboy K9 Training LLC,,Nunn,CO,WELD,Pet Boarding and/or Training,3/2/2026,40.706923,-104.749435,80648.0,2024.0,,,,,,,,
2793.0,Danielle J Reed,The Pampered Pup Grooming Salon,Greeley,CO,WELD,Pet Grooming Facility - Primary Facility Owner,3/2/2026,40.4394217,-104.7390537,80631.0,2024.0,,,,,,,,
2794.0,Dani's Pawsitive Vibes Pet Grooming LLC,,Greeley,CO,WELD,Pet Grooming Facility - Primary Facility Owner,3/2/2026,40.4157601,-104.7232531,80634.0,2024.0,,,,,,,,
2795.0,Dawgma LLC,,Windsor,CO,WELD,Pet Grooming Facility - Mobile Groomer,3/2/2026,40.4774818,-104.9013617,,2024.0,,,,,,,,
2796.0,Deborah L. Temple,Platte Valley Pet Grooming,Platteville,CO,WELD,Pet Grooming Facility - Primary Facility Owner,3/2/2026,40.2149829,-104.8227494,,2024.0,,,,,,,,
2797.0,Dogs by Dames,,Greeley,CO,WELD,Pet Grooming Facility - Primary Facility Owner,3/2/2026,40.4233142,-104.7091322,,2024.0,,,,,,,,
2798.0,Dolled Up Dogs LLC,,Windsor,CO,WELD,Pet Grooming Facility - Primary Facility Owner,3/2/2026,40.4808868,-104.9203149,80550.0,2024.0,,,,,,,,
2799.0,Elite Doodles of Colorado LLC,,Pierce,CO,WELD,Large Scale Dog Breeder,3/2/2026,40.63553599999999,-104.7552458,80650.0,2024.0,,,,,,,,
2800.0,"Erie Animal Hospital, PC",,Erie,CO,WELD,Pet Boarding and/or Training,3/2/2026,40.0325769,-105.0549268,80516.0,2024.0,,,,,,,,
2801.0,Erie Dog Co LLC,,Erie,CO,WELD,Pet Boarding and/or Training,3/2/2026,40.0502623,-105.0499817,,2024.0,,,,,,,,
2802.0,"Fawn's Grooming Salon, LLC",,Milliken,CO,WELD,Pet Grooming Facility - Secondary Facility Owner,3/2/2026,40.3303486,-104.8564185,80543.0,2024.0,,,,,,,,
2803.0,Feeders Unlimited LLC,,Greeley,CO,WELD,Retail / Wholesale of Pet Animals,3/2/2026,40.4248104,-104.7111002,80631.0,2024.0,,,,,,,,
2804.0,Feeders Unlimited LLC,,Greeley,CO,WELD,Small Animal Breeder,3/2/2026,40.4248104,-104.7111002,80631.0,2024.0,,,,,,,,
2805.0,Feeders Unlimited LLC,,Greeley,CO,WELD,Pet Animal Small Shelter,3/2/2026,40.4248104,-104.7111002,80631.0,2024.0,,,,,,,,
2806.0,Fire Hydrant Lane Mobile Dog Grooming LLC,Fire Hydrant Lane Mobile Dog Grooming,Firestone,CO,WELD,Pet Grooming Facility - Mobile Groomer,3/2/2026,40.18936739999999,-105.0783692,80504.0,2024.0,,,,,,,,
2807.0,Forr Paws,,Greeley,CO,WELD,Pet Grooming Facility - Mobile Groomer,3/2/2026,40.4233142,-104.7091322,,2024.0,,,,,,,,
2808.0,Fort Lupton Police Department,,Fort Lupton,CO,WELD,Pet Animal Small Shelter,3/2/2026,40.079619,-104.8125165,80621.0,2024.0,,,,,,,,
2809.0,Frances Owens,Fran's Grooming Shop,Greeley,CO,WELD,Pet Grooming Facility - Primary Facility Owner,3/2/2026,40.4233142,-104.7091322,,2024.0,,,,,,,,
2810.0,French Bred Frenchies,,Hudson,CO,WELD,Small Scale Dog Breeder,3/2/2026,40.0254664,-104.6851282,80642.0,2024.0,,,,,,,,
2811.0,Fur Sure Grooming Co,,Platteville,CO,WELD,Pet Grooming Facility - Mobile Groomer,3/2/2026,40.2149829,-104.8227494,,2024.0,,,,,,,,
2812.0,Fureverdog Rescue,Fureverdog Rescue and Boarding,Fort Lupton,CO,WELD,Pet Boarding and/or Training,3/2/2026,40.114776,-104.755197,80621.0,2024.0,,,,,,,,
2813.0,Fureverdog Rescue,Fureverdog Rescue and Boarding,Fort Lupton,CO,WELD,Pet Animal Small Shelter,3/2/2026,40.114776,-104.755197,80621.0,2024.0,,,,,,,,
2814.0,Gemba LLC,Hounds town Erie,Frederick,CO,WELD,Pet Boarding and/or Training,3/2/2026,40.0991506,-104.9371993,,2024.0,,,,,,,,
2815.0,Gemba LLC,Hounds town Erie,Frederick,CO,WELD,Pet Grooming Facility - Primary Facility Owner,3/2/2026,40.0991506,-104.9371993,,2024.0,,,,,,,,
2816.0,Georgia Mountrakis,Every Creature Caravan,Fort Lupton,CO,WELD,Pet Transporter,3/2/2026,40.0847055,-104.8130275,80621.0,2024.0,,,,,,,,
2817.0,Gold Paw Grooming,Gold Paw Grooming,Firestone,CO,WELD,Pet Grooming Facility - Primary Facility Owner,3/2/2026,40.1619007,-104.9444067,80504.0,2024.0,,,,,,,,
2818.0,Greg P. Sage,Select Aquatics of Erie CO,Erie,CO,WELD,Retail / Wholesale of Pet Animals,3/2/2026,40.0887453,-105.0541197,80516.0,2024.0,,,,,,,,
2819.0,Grooming by Lauren Ltd,,Greeley,CO,WELD,Pet Grooming Facility - Primary Facility Owner,3/2/2026,40.4071035,-104.7495946,80634.0,2024.0,,,,,,,,
2820.0,Grooms by Shannon LLC,Country Paws Kennel,Fort Lupton,CO,WELD,Pet Grooming Facility - Primary Facility Owner,3/2/2026,40.0847055,-104.8130275,80621.0,2024.0,,,,,,,,
2821.0,"Happy Hounds, LLC",Happy Hounds Dog Care Center,Longmont,CO,WELD,Pet Boarding and/or Training,3/2/2026,40.1583113,-105.0242481,80504.0,2024.0,,,,,,,,
2822.0,High Plains K9 Connections LLC,,Greeley,CO,WELD,Pet Boarding and/or Training,3/2/2026,40.4832557,-104.7401307,80631.0,2024.0,,,,,,,,
2823.0,High Plains K9 Connections LLC,,Greeley,CO,WELD,Pet Grooming Facility - Primary Facility Owner,3/2/2026,40.4832557,-104.7401307,80631.0,2024.0,,,,,,,,
2824.0,High Prairie Farms Flushing Spaniels LLC,,Carr,CO,WELD,Pet Boarding and/or Training,3/2/2026,40.80594019999999,-104.8477646,80612.0,2024.0,,,,,,,,
2825.0,High Prairie Farms Flushing Spaniels LLC,,Carr,CO,WELD,Small Scale Dog Breeder,3/2/2026,40.80594019999999,-104.8477646,80612.0,2024.0,,,,,,,,
2826.0,Homeward Bound Rescue of Colorado,,Greeley,CO,WELD,Pet Animal Small Rescue,3/2/2026,40.4233142,-104.7091322,,2024.0,,,,,,,,
2827.0,"J&T Country Feeds, Inc",J&T Feeds,Greeley,CO,WELD,Pet Grooming Facility - Self Wash Facility,3/2/2026,40.4233142,-104.7091322,,2024.0,,,,,,,,
2828.0,Jack Russell Grooming,,Severance,CO,WELD,Pet Grooming Facility - Primary Facility Owner,3/2/2026,40.5219078,-104.8758595,80550.0,2024.0,,,,,,,,
2829.0,Jamie R. Weber,A Dog's Life,Greeley,CO,WELD,Pet Grooming Facility - Primary Facility Owner,3/2/2026,40.3910419,-104.7893871,80634.0,2024.0,,,,,,,,
2830.0,Jane Stamp,"Bernedoodle of the Rockies,Colorado Bernese Mountain Dog,Dapple Doxie,JM Kennels",Johnstown,CO,WELD,Large Scale Dog Breeder,3/2/2026,40.3369272,-104.9121967,,2024.0,,,,,,,,
2831.0,Jeff Jordan,Intrepid Retrievers,Kersey,CO,WELD,Pet Boarding and/or Training,3/2/2026,40.387481,-104.5616256,,2024.0,,,,,,,,
2832.0,Johnii Wilson,,Johnstown,CO,WELD,Independent Contractor (IC) Pet Groomer,3/2/2026,40.3216775,-104.8988612,80543.0,2024.0,,,,,,,,
2833.0,Jolene Martin,All Around Aussies,La Salle,CO,WELD,Large Scale Dog Breeder,3/2/2026,40.3488703,-104.7019102,80645.0,2024.0,,,,,,,,
2834.0,Joseph K. Markley,Beauty-Fur Grooming LLC,Greeley,CO,WELD,Pet Grooming Facility - Primary Facility Owner,3/2/2026,40.4203145,-104.7451209,80634.0,2024.0,,,,,,,,
2835.0,Joynt Industries LLC,Zoomin Groomin Fort Collins,Windsor,CO,WELD,Pet Grooming Facility - Mobile Groomer,3/2/2026,40.4774818,-104.9013617,,2024.0,,,,,,,,
2836.0,K.C.'s Dog Grooming LLC,,Windsor,CO,WELD,Pet Grooming Facility - Primary Facility Owner,3/2/2026,40.4852855,-104.9071856,80550.0,2024.0,,,,,,,,
2837.0,K9cation LLC,"K9cation Firestone, Longmont (K2)",Fort Lupton,CO,WELD,Pet Boarding and/or Training,3/2/2026,40.157128,-104.884952,80621.0,2024.0,,,,,,,,
2838.0,K9cation LLC,"K9cation Firestone, Longmont (K2)",Fort Lupton,CO,WELD,Pet Grooming Facility - Primary Facility Owner,3/2/2026,40.157128,-104.884952,80621.0,2024.0,,,,,,,,
2839.0,K9cation LLC,,Hudson,CO,WELD,Pet Boarding and/or Training,3/2/2026,40.0245626,-104.6209261,80642.0,2024.0,,,,,,,,
2840.0,K9cation LLC,,Hudson,CO,WELD,Pet Grooming Facility - Primary Facility Owner,3/2/2026,40.0245626,-104.6209261,80642.0,2024.0,,,,,,,,
2841.0,Kari Osowski,Top Knotch Pet Spaw,Milliken,CO,WELD,Pet Grooming Facility - Mobile Groomer,3/2/2026,40.3294268,-104.85525,,2024.0,,,,,,,,
2842.0,Kates K9 Grooming LLC,,Mead,CO,WELD,Pet Grooming Facility - Mobile Groomer,3/2/2026,40.2333174,-104.9985899,,2024.0,,,,,,,,
2843.0,Kathie's Pet Grooming LLC,,Windsor,CO,WELD,Pet Grooming Facility - Primary Facility Owner,3/2/2026,40.4774818,-104.9013617,,2024.0,,,,,,,,
2844.0,Kathrine R Overturf,Overturf Animal Sanctuary,Nunn,CO,WELD,Pet Animal Sanctuary,3/2/2026,40.7035916,-104.7808024,80648.0,2024.0,,,,,,,,
2845.0,L & W Kennel And Equine LLC,,Fort Lupton,CO,WELD,Pet Boarding and/or Training,3/2/2026,40.0847055,-104.8130275,80621.0,2024.0,,,,,,,,
2846.0,L & W Kennel And Equine LLC,,Fort Lupton,CO,WELD,Pet Grooming Facility - Primary Facility Owner,3/2/2026,40.0847055,-104.8130275,80621.0,2024.0,,,,,,,,
2847.0,L&M Ventures Pet Grooming,,Firestone,CO,WELD,Pet Grooming Facility - Primary Facility Owner,3/2/2026,40.1183639,-104.9399625,80504.0,2024.0,,,,,,,,
2848.0,L&M Ventures Pet Grooming,,Firestone,CO,WELD,Pet Grooming Facility - Secondary Facility Owner,3/2/2026,40.1183639,-104.9399625,80504.0,2024.0,,,,,,,,
2849.0,Larry Lohmann,SNL Farms,Greeley,CO,WELD,Small Scale Dog Breeder,3/2/2026,40.4233142,-104.7091322,,2024.0,,,,,,,,
2850.0,"Leah's Grooming, Ltd",Leah's Pet Grooming,Windsor,CO,WELD,Pet Grooming Facility - Primary Facility Owner,3/2/2026,40.4774818,-104.9013617,,2024.0,,,,,,,,
2851.0,LeClipperie Dog Grooming L.L.C.,,Greeley,CO,WELD,Pet Grooming Facility - Primary Facility Owner,3/2/2026,40.4233142,-104.7091322,,2024.0,,,,,,,,
2852.0,Lee Ann Heldt,Hunter's Goldstrike,Windsor,CO,WELD,Small Scale Dog Breeder,3/2/2026,40.4774818,-104.9013617,,2024.0,,,,,,,,
2853.0,LightShine Canine: A Rez Dog Rescue,,Erie,CO,WELD,Pet Animal Large Rescue,3/2/2026,40.0502623,-105.0499817,,2024.0,,,,,,,,
2854.0,Lizz Rogers LLC,Big Primpin,Greeley,CO,WELD,Pet Grooming Facility - Secondary Facility Owner,3/2/2026,40.4233142,-104.7091322,,2024.0,,,,,,,,
2855.0,Longmont Friends of Feral & Abandoned Cats,,Longmont,CO,WELD,Pet Animal Small Shelter,3/2/2026,40.1672068,-105.1019275,,2024.0,,,,,,,,
2856.0,Macs Pooch LLC,Macs Mobile Dog Wash,Firestone,CO,WELD,Pet Grooming Facility - Mobile Groomer,3/2/2026,40.1124839,-104.9366436,,2024.0,,,,,,,,
2857.0,Mandy Moon French Bulldogs,Mandy Moon French Bulldogs,Greeley,CO,WELD,Large Scale Dog Breeder,3/2/2026,40.4096467,-104.7852387,80634.0,2024.0,,,,,,,,
2858.0,Mel's Dog House,,Longmont,CO,WELD,Pet Boarding and/or Training,3/2/2026,40.1989682,-105.0348841,80504.0,2024.0,,,,,,,,
2859.0,Merle Creek Aussies,,Brighton,CO,WELD,Small Scale Dog Breeder,3/2/2026,40.0029527,-104.8964548,80603.0,2024.0,,,,,,,,
2860.0,Michelle L Odell,Sweet Peep Conures,Greeley,CO,WELD,Bird Band,3/2/2026,40.4382169,-104.7387913,80631.0,2024.0,,,,,,,,
2861.0,"Mile High Canine Rescue, Inc.",,Mead,CO,WELD,Pet Animal Large Rescue,3/2/2026,40.2333174,-104.9985899,,2024.0,,,,,,,,
2862.0,Misty D. Leber,Silent Dog Grooming Salon,Firestone,CO,WELD,Pet Grooming Facility - Primary Facility Owner,3/2/2026,40.1124839,-104.9366436,,2024.0,,,,,,,,
2863.0,"Mountain State K9 Academy, LLC",,Greeley,CO,WELD,Pet Boarding and/or Training,3/2/2026,40.481369,-104.7868118,80631.0,2024.0,,,,,,,,
2864.0,"Mountain State K9 Academy, LLC",,Greeley,CO,WELD,Pet Grooming Facility - Primary Facility Owner,3/2/2026,40.481369,-104.7868118,80631.0,2024.0,,,,,,,,
2865.0,Muddy Mutt LLC,,Windsor,CO,WELD,Pet Grooming Facility - Self Wash Facility,3/2/2026,40.4803056,-104.9217749,80550.0,2024.0,,,,,,,,
2866.0,"My Second Home Rescue, Inc.",,Carr,CO,WELD,Pet Animal Large Rescue,3/2/2026,40.89321899999999,-104.8783379,80612.0,2024.0,,,,,,,,
2867.0,Nicole Grimm,Grateful Dog Grooming by Nicole,Greeley,CO,WELD,Pet Grooming Facility - Secondary Facility Owner,3/2/2026,40.4233142,-104.7091322,,2024.0,,,,,,,,
2868.0,No 2 Alike Dog Training LLC,No 2 Alike Dog Training,Brighton,CO,WELD,Pet Boarding and/or Training,3/2/2026,39.9852617,-104.8205283,,2024.0,,,,,,,,
2869.0,NoCo Creations Limited,NoCo Animal Care,Greeley,CO,WELD,Pet Handler,3/2/2026,40.4226254,-104.7300782,80634.0,2024.0,,,,,,,,
2870.0,NoCo Creations Limited,NoCo Animal Care,Greeley,CO,WELD,Pet Grooming Facility - Primary Facility Owner,3/2/2026,40.4226254,-104.7300782,80634.0,2024.0,,,,,,,,
2871.0,NOCO Humane,,Evans,CO,WELD,Pet Animal Large Shelter,3/2/2026,40.3694499,-104.7059716,80620.0,2024.0,,,,,,,,
2872.0,NOCO Humane,,Evans,CO,WELD,Bird Band,3/2/2026,40.3694499,-104.7059716,80620.0,2024.0,,,,,,,,
2873.0,NOCO Humane,,Greeley,CO,WELD,Pet Animal Small Shelter,3/2/2026,40.3694499,-104.7059716,80620.0,2024.0,,,,,,,,
2874.0,NOCO Humane,,Greeley,CO,WELD,Bird Band,3/2/2026,40.3694499,-104.7059716,80620.0,2024.0,,,,,,,,
2875.0,NoCo Veterinary Services PC,Sheep Draw Veterinary Hospital,Greeley,CO,WELD,Pet Boarding and/or Training,3/2/2026,40.4226254,-104.7300782,80634.0,2024.0,,,,,,,,
2876.0,Once Upon A Doodle,,Carr,CO,WELD,Small Scale Dog Breeder,3/2/2026,40.89321899999999,-104.8783379,80612.0,2024.0,,,,,,,,
2877.0,Pansy's K9 Corral,,Longmont,CO,WELD,Pet Boarding and/or Training,3/2/2026,40.1672068,-105.1019275,,2024.0,,,,,,,,
2878.0,Paragon Service Dogs,,Longmont,CO,WELD,Retail / Wholesale of Pet Animals,3/2/2026,40.2152716,-105.0380083,80504.0,2024.0,,,,,,,,
2879.0,Paragon Service Dogs,,Longmont,CO,WELD,Pet Animal Small Shelter,3/2/2026,40.2152716,-105.0380083,80504.0,2024.0,,,,,,,,
2880.0,Paws And People,Paws And People Rescue,Greeley,CO,WELD,Pet Animal Small Rescue,3/2/2026,40.4233142,-104.7091322,,2024.0,,,,,,,,
2881.0,Peak K9 Dog Training,,Carr,CO,WELD,Pet Boarding and/or Training,3/2/2026,40.89321899999999,-104.8783379,80612.0,2024.0,,,,,,,,
2882.0,Pet Ninja LLC,Ninja Paw,Windsor,CO,WELD,Pet Grooming Facility - Mobile Groomer,3/2/2026,40.4774818,-104.9013617,,2024.0,,,,,,,,
2883.0,"Petco Animal Supplies Store, Inc",Petco - #1437,Greeley,CO,WELD,Retail / Wholesale of Pet Animals,3/2/2026,40.3903286,-104.7587226,80634.0,2024.0,,,,,,,,
2884.0,"Petco Animal Supplies Store, Inc",Petco - #1437,Greeley,CO,WELD,Pet Grooming Facility - Primary Facility Owner,3/2/2026,40.3903286,-104.7587226,80634.0,2024.0,,,,,,,,
2885.0,"PetSmart, Inc.",PetSmart - 1014,Greeley,CO,WELD,Pet Boarding and/or Training,3/2/2026,40.3892845,-104.7370545,80634.0,2024.0,,,,,,,,
2886.0,"PetSmart, Inc.",PetSmart - 1014,Greeley,CO,WELD,Retail / Wholesale of Pet Animals,3/2/2026,40.3892845,-104.7370545,80634.0,2024.0,,,,,,,,
2887.0,"PetSmart, Inc.",PetSmart - 1014,Greeley,CO,WELD,Pet Grooming Facility - Primary Facility Owner,3/2/2026,40.3892845,-104.7370545,80634.0,2024.0,,,,,,,,
2888.0,"PETSuites of America, LLC",Bowhaus Dog Daycare & Boarding,Erie,CO,WELD,Pet Boarding and/or Training,3/2/2026,40.0502623,-105.0499817,,2024.0,,,,,,,,
2889.0,"PETSuites of America, LLC",Bowhaus Dog Daycare & Boarding,Erie,CO,WELD,Pet Grooming Facility - Primary Facility Owner,3/2/2026,40.0502623,-105.0499817,,2024.0,,,,,,,,
2890.0,"Platte Valley Veterinary,LLC",,Severance,CO,WELD,Pet Animal Small Shelter,3/2/2026,40.5230192,-104.8555178,80550.0,2024.0,,,,,,,,
2891.0,Pointerrescue Org,Pointer Rescue Organization,Ault,CO,WELD,Pet Animal Small Rescue,3/2/2026,40.5824804,-104.7319112,,2024.0,,,,,,,,
2892.0,"Posh Paws, Inc.",Posh Paws Mobile Spa,Mead,CO,WELD,Pet Grooming Facility - Mobile Groomer,3/2/2026,40.2333174,-104.9985899,,2024.0,,,,,,,,
2893.0,"Poudre Pet and Feed Supply, Inc.",,Windsor,CO,WELD,Pet Grooming Facility - Self Wash Facility,3/2/2026,40.5958112,-105.0763193,80524.0,2024.0,,,,,,,,
2894.0,"Powell Veterinary Service, Inc",,Kersey,CO,WELD,Pet Boarding and/or Training,3/2/2026,40.370571,-104.56938,80644.0,2024.0,,,,,,,,
2895.0,Pupper Cut,Pet Groomer,Greeley,CO,WELD,Pet Grooming Facility - Primary Facility Owner,3/2/2026,40.4233142,-104.7091322,,2024.0,,,,,,,,
2896.0,Puppy Paws Colorado LLC,Puppy Paws Colorado,Fort Lupton,CO,WELD,Large Scale Dog Breeder,3/2/2026,40.1023183,-104.8715922,80621.0,2024.0,,,,,,,,
2897.0,Purrfurr'd Pet Services LLC,,Greeley,CO,WELD,Pet Grooming Facility - Primary Facility Owner,3/2/2026,40.4233142,-104.7091322,,2024.0,,,,,,,,
2898.0,"Purrrfect Paws, LLC",,Windsor,CO,WELD,Pet Grooming Facility - Primary Facility Owner,3/2/2026,40.4774,-104.91266,80550.0,2024.0,,,,,,,,
2899.0,Riptide Car and Pet wash,,Firestone,CO,WELD,Pet Grooming Facility - Self Wash Facility,3/2/2026,40.1610785,-104.9377218,80504.0,2024.0,,,,,,,,
2900.0,Robert L Lamb,,Greeley,CO,WELD,Small Scale Dog Breeder,3/2/2026,40.4233142,-104.7091322,,2024.0,,,,,,,,
2901.0,Rocky Hill Ranch Ltd.,,Erie,CO,WELD,Pet Boarding and/or Training,3/2/2026,40.0768051,-105.0363845,80516.0,2024.0,,,,,,,,
2902.0,Rocky Mountain House Rabbit Rescue,,Erie,CO,WELD,Pet Animal Small Shelter,3/2/2026,40.0146066,-104.9978049,80516.0,2024.0,,,,,,,,
2903.0,"Rocky Mountain Kennels, Inc.",,Longmont,CO,WELD,Pet Boarding and/or Training,3/2/2026,40.2178308,-105.035368,80504.0,2024.0,,,,,,,,
2904.0,"Rocky Mountain Kennels, Inc.",,Longmont,CO,WELD,Pet Grooming Facility - Primary Facility Owner,3/2/2026,40.2178308,-105.035368,80504.0,2024.0,,,,,,,,
2905.0,Rocky Mountain Ruff Cuts LLC,,Keenesburg,CO,WELD,Independent Contractor (IC) Pet Groomer,3/2/2026,40.1083158,-104.5199585,80643.0,2024.0,,,,,,,,
2906.0,"Rogue's Farm, Inc.",Rogue's Farm,Erie,CO,WELD,Pet Boarding and/or Training,3/2/2026,40.1024948,-105.0180735,80516.0,2024.0,,,,,,,,
2907.0,Roxanne Polland,Roxy Dawg's Pet Grooming,Evans,CO,WELD,Pet Grooming Facility - Primary Facility Owner,3/2/2026,40.3763701,-104.6921874,,2024.0,,,,,,,,
2908.0,Ruth DeCosse,,Loveland,CO,WELD,Pet Grooming Facility - Primary Facility Owner,3/2/2026,40.395451,-105.0745837,,2024.0,,,,,,,,
2909.0,Samuel J. Esh,S & E Construction,Nunn,CO,WELD,Small Scale Dog Breeder,3/2/2026,40.7035916,-104.7808024,80648.0,2024.0,,,,,,,,
2910.0,Scrub Up Pet Wash & Grooming LLC,,Gilcrest,CO,WELD,Pet Grooming Facility - Mobile Groomer,3/2/2026,40.2819266,-104.7777471,,2024.0,,,,,,,,
2911.0,"See Spot Sparkle, LLC",,Platteville,CO,WELD,Pet Grooming Facility - Mobile Groomer,3/2/2026,40.2149829,-104.8227494,,2024.0,,,,,,,,
2912.0,Shandy Poodles LLC,Benevolent Bark,Frederick,CO,WELD,Pet Boarding and/or Training,3/2/2026,40.0991506,-104.9371993,,2024.0,,,,,,,,
2913.0,Shannon Lutz,Spring Creek Kennels,Carr,CO,WELD,Pet Boarding and/or Training,3/2/2026,40.89321899999999,-104.8783379,80612.0,2024.0,,,,,,,,
2914.0,Shannon Lutz,Spring Creek Kennels,Carr,CO,WELD,Pet Grooming Facility - Primary Facility Owner,3/2/2026,40.89321899999999,-104.8783379,80612.0,2024.0,,,,,,,,
2915.0,Shelly M. Covelli,Shell's Pet Grooming,Greeley,CO,WELD,Pet Grooming Facility - Primary Facility Owner,3/2/2026,40.436681,-104.739378,80634.0,2024.0,,,,,,,,
2916.0,"Sit Means Sit Longmont Firestone, Inc.",Sit Means Sit Dog Training,Longmont,CO,WELD,Pet Boarding and/or Training,3/2/2026,40.1323981,-104.9741615,80504.0,2024.0,,,,,,,,
2917.0,"Sit Means Sit Longmont Firestone, Inc.",Sit Means Sit Dog Training,Longmont,CO,WELD,Pet Grooming Facility - Primary Facility Owner,3/2/2026,40.1323981,-104.9741615,80504.0,2024.0,,,,,,,,
2918.0,Soul Dog Rescue,,Fort Lupton,CO,WELD,Pet Animal Small Shelter,3/2/2026,40.0917209,-104.8156587,80621.0,2024.0,,,,,,,,
2919.0,"Southern Veterinary Partners, LLC",Valley View Animal Hospital,Windsor,CO,WELD,Pet Boarding and/or Training,3/2/2026,40.4774818,-104.9013617,,2024.0,,,,,,,,
2920.0,"Southern Veterinary Partners, LLC",Valley View Animal Hospital,Windsor,CO,WELD,Pet Grooming Facility - Primary Facility Owner,3/2/2026,40.4774818,-104.9013617,,2024.0,,,,,,,,
2921.0,Spalicious Pet Salon LLC,,Greeley,CO,WELD,Pet Grooming Facility - Primary Facility Owner,3/2/2026,40.4233142,-104.7091322,,2024.0,,,,,,,,
2922.0,"Stacie's Wagon Wash, LLC",,Fort Lupton,CO,WELD,Pet Grooming Facility - Mobile Groomer,3/2/2026,40.0847055,-104.8130275,80621.0,2024.0,,,,,,,,
2923.0,Stephanie Booth,Stephanie Booth,Greeley,CO,WELD,Aquarium Only,3/2/2026,40.4233142,-104.7091322,,2024.0,,,,,,,,
2924.0,Susan Maestas,Country Paws Kennel and Groom Shop,Fort Lupton,CO,WELD,Small Scale Dog Breeder,3/2/2026,40.0847055,-104.8130275,80621.0,2024.0,,,,,,,,
2925.0,Susan Maestas,Country Paws Kennel and Groom Shop,Fort Lupton,CO,WELD,Pet Grooming Facility - Primary Facility Owner,3/2/2026,40.0847055,-104.8130275,80621.0,2024.0,,,,,,,,
2926.0,Susan Renaud,Grateful Dog Grooming,Greeley,CO,WELD,Pet Grooming Facility - Primary Facility Owner,3/2/2026,40.4233142,-104.7091322,,2024.0,,,,,,,,
2927.0,Susanna L. Romanek,The Barking Barber Shop,Greeley,CO,WELD,Pet Grooming Facility - Primary Facility Owner,3/2/2026,40.4382169,-104.7387913,80631.0,2024.0,,,,,,,,
2928.0,Synergetic Canine Solutions LLC,,Greeley,CO,WELD,Pet Boarding and/or Training,3/2/2026,40.421878,-104.7590701,80634.0,2024.0,,,,,,,,
2929.0,Synergetic Canine Solutions LLC,,Greeley,CO,WELD,Pet Handler,3/2/2026,40.421878,-104.7590701,80634.0,2024.0,,,,,,,,
2930.0,Synergetic Canine Solutions LLC,,Greeley,CO,WELD,Pet Grooming Facility - Primary Facility Owner,3/2/2026,40.421878,-104.7590701,80634.0,2024.0,,,,,,,,
2931.0,"The Dog Barn, LLC",,Eaton,CO,WELD,Pet Boarding and/or Training,3/2/2026,40.5073231,-104.8317132,80615.0,2024.0,,,,,,,,
2932.0,"The Dog Barn, LLC",,Eaton,CO,WELD,Pet Grooming Facility - Primary Facility Owner,3/2/2026,40.5073231,-104.8317132,80615.0,2024.0,,,,,,,,
2933.0,"The Good Dog Rescue, LLC",,Fort Lupton,CO,WELD,Pet Animal Large Rescue,3/2/2026,40.0847055,-104.8130275,80621.0,2024.0,,,,,,,,
2934.0,"The Grooming Studio, LLC",,Brighton,CO,WELD,Pet Grooming Facility - Secondary Facility Owner,3/2/2026,39.9876594,-104.8836135,80602.0,2024.0,,,,,,,,
2935.0,The Healthy Bone LLC,,Erie,CO,WELD,Pet Handler,3/2/2026,40.0516991,-105.0479357,80516.0,2024.0,,,,,,,,
2936.0,The Healthy Bone LLC,,Erie,CO,WELD,Pet Grooming Facility - Primary Facility Owner,3/2/2026,40.0516991,-105.0479357,80516.0,2024.0,,,,,,,,
2937.0,The NOCO Paw Spa LLC,,Milliken,CO,WELD,Pet Grooming Facility - Mobile Groomer,3/2/2026,40.3294268,-104.85525,,2024.0,,,,,,,,
2938.0,Timbra's Grooming LLC,,Platteville,CO,WELD,Independent Contractor (IC) Pet Groomer,3/2/2026,40.2149829,-104.8227494,,2024.0,,,,,,,,
2939.0,Town of Platteville,,Platteville,CO,WELD,Pet Animal Small Shelter,3/2/2026,40.2149829,-104.8227494,,2024.0,,,,,,,,
2940.0,Tracy L. Thomas,Rocky Mountain Paw Spa,Greeley,CO,WELD,Pet Grooming Facility - Primary Facility Owner,3/2/2026,40.4382169,-104.7387913,80631.0,2024.0,,,,,,,,
2941.0,Tri Town Paws,Tri-Town Paws,Erie,CO,WELD,Pet Boarding and/or Training,3/2/2026,40.0115076,-104.9928709,80516.0,2024.0,,,,,,,,
2942.0,Tri Town Paws,Tri-Town Paws,Erie,CO,WELD,Pet Handler,3/2/2026,40.0115076,-104.9928709,80516.0,2024.0,,,,,,,,
2943.0,Trish's Grooming LLC,,Milliken,CO,WELD,Pet Grooming Facility - Primary Facility Owner,3/2/2026,40.3302723,-104.8564359,80543.0,2024.0,,,,,,,,
2944.0,TW MILES 7 INC,Earthwise Pet,Greeley,CO,WELD,Pet Grooming Facility - Primary Facility Owner,3/2/2026,40.399845,-104.6767521,80631.0,2024.0,,,,,,,,
2945.0,Wendy Mariscal,Chico's Grooming Spa,Frederick,CO,WELD,Pet Grooming Facility - Self Wash Facility,3/2/2026,40.0991506,-104.9371993,,2024.0,,,,,,,,
2946.0,"Westie Rescue Network, Inc.",,Erie,CO,WELD,Pet Animal Small Rescue,3/2/2026,40.0502623,-105.0499817,,2024.0,,,,,,,,
2947.0,White Face Farm & Retreat LLC,,Hudson,CO,WELD,Pet Boarding and/or Training,3/2/2026,40.0735941,-104.6430199,,2024.0,,,,,,,,
2948.0,White Face Farm & Retreat LLC,,Hudson,CO,WELD,Pet Grooming Facility - Primary Facility Owner,3/2/2026,40.0735941,-104.6430199,,2024.0,,,,,,,,
2949.0,Wild Willow Sanctuary,,Kersey,CO,WELD,Pet Animal Sanctuary,3/2/2026,40.387481,-104.5616256,,2024.0,,,,,,,,
2950.0,Woof and Willow Company,Woof and Willow Puppy Rescue,Mead,CO,WELD,Pet Animal Large Rescue,3/2/2026,40.2442131,-104.9915811,80542.0,2024.0,,,,,,,,
2951.0,Yuppi Puppi LLC,,Windsor,CO,WELD,Pet Grooming Facility - Primary Facility Owner,3/2/2026,40.4825602,-104.9067521,80550.0,2024.0,,,,,,,,
2952.0,Z Dawg LLC,Bark Busters Home Dog Training Northern Colorado,Windsor,CO,WELD,Pet Handler,3/2/2026,40.4774818,-104.9013617,,2024.0,,,,,,,,
2953.0,A Cat Rescue Out in the Sticks,,Eckley,CO,YUMA,Pet Handler,3/2/2026,40.1084398,-102.4869027,80727.0,2024.0,,,,,,,,
2954.0,A Cat Rescue Out in the Sticks,,Eckley,CO,YUMA,Pet Animal Small Shelter,3/2/2026,40.1084398,-102.4869027,80727.0,2024.0,,,,,,,,
2955.0,Brenda M. Baar,Baar None Weims,Joes,CO,YUMA,Small Scale Dog Breeder,3/2/2026,39.6559319,-102.678386,80822.0,2024.0,,,,,,,,
2956.0,City of Wray Animal Shelter,,Wray,CO,YUMA,Pet Animal Small Shelter,3/2/2026,40.0781959,-102.224466,80758.0,2024.0,,,,,,,,
2957.0,City Of Yuma Animal Shelter,,Yuma,CO,YUMA,Pet Animal Small Shelter,3/2/2026,32.6926512,-114.6276916,,2024.0,,,,,,,,
2958.0,City Of Yuma Animal Shelter,,Yuma,CO,YUMA,Pet Transporter,3/2/2026,32.6926512,-114.6276916,,2024.0,,,,,,,,
2959.0,Katy M Eyestone,,Wray,CO,YUMA,Pet Grooming Facility - Primary Facility Owner,3/2/2026,40.0758231,-102.2232495,80758.0,2024.0,,,,,,,,
2960.0,MJ Kennels LLC,,Wray,CO,YUMA,Pet Boarding and/or Training,3/2/2026,40.0549977,-102.2278845,80758.0,2024.0,,,,,,,,
2961.0,Prairie Winds Veterinary Clinic LLC,,Yuma,CO,YUMA,Pet Boarding and/or Training,3/2/2026,40.1383486,-102.7172815,80759.0,2024.0,,,,,,,,
2962.0,Riverview Ranch Rottweilers LLC,,Wray,CO,YUMA,Small Scale Dog Breeder,3/2/2026,39.86679609999999,-102.1838379,80758.0,2024.0,,,,,,,,
2963.0,Synergetic Canine Solutions LLC,,Greeley,CO,YUMA,Pet Boarding and/or Training,3/2/2026,40.421878,-104.7590701,80634.0,2024.0,,,,,,,,
2964.0,The Pampered Pup,,Yuma,CO,YUMA,Pet Grooming Facility - Primary Facility Owner,3/2/2026,40.121657,-102.7144864,80759.0,2024.0,,,,,,,,
2965.0,Wags & Whiskers Grooming (Petcare) LLC,Wags & Whiskers Grooming,Yuma,CO,YUMA,Pet Boarding and/or Training,3/2/2026,40.1222084,-102.7252096,80759.0,2024.0,,,,,,,,
2966.0,Wags & Whiskers Grooming (Petcare) LLC,Wags & Whiskers Grooming,Yuma,CO,YUMA,Pet Grooming Facility - Primary Facility Owner,3/2/2026,40.1222084,-102.7252096,80759.0,2024.0,,,,,,,,
,,,,,,,,,,,,White Rose Sanctuary,,,,,,,
,,,,,,,,,,,,Town of Meeker Animal Control Facility,,,,,,,
,,,,,,,,,,,,A Friend of Jack Rescue,,,,,,,
,,,,,,,,,,,,Exotic Bird Ranch Inc.,,,,,,,
,,,,,,,,,,,,Animal Rescue of the Rockies,,,,,,,
,,,,,,,,,,,,Save the Giants,,,,,,,
,,,,,,,,,,,,Mile High GSP Rescue,,,,,,,
,,,,,,,,,,,,Dogs Unbroken,,,,,,,
,,,,,,,,,,,,My Second Home Rescue,,,,,,,
,,,,,,,,,,,,Fort Lupton Police Department,,,,,,,
,,,,,,,,,,,,City of Walsenburg,,,,,,,
,,,,,,,,,,,,Humane Society of Fremont County,,,,,,,
,,,,,,,,,,,,summit dog rescue,,,,,,,
,,,,,,,,,,,,"The Humane Society of Pagosa Springs, Inc",,,,,,,
,,,,,,,,,,,,Soul Dog Rescue,,,,,,,
,,,,,,,,,,,,Friends of Retired Greyhounds,,,,,,,
,,,,,,,,,,,,All aboard Animal rescue,,,,,,,
,,,,,,,,,,,,Mountain Pet Rescue,,,,,,,
,,,,,,,,,,,,Pet World Inc.,,,,,,,
,,,,,,,,,,,,Fins & Feathers LLC,,,,,,,
,,,,,,,,,,,,Dumb Friends League - Malone Center,,,,,,,
,,,,,,,,,,,,Colorado Basenji Rescue,,,,,,,
,,,,,,,,,,,,Animal Hospital of Telluride,,,,,,,
,,,,,,,,,,,,Gunnison Valley Animal Welfare League,,,,,,,
,,,,,,,,,,,,Stay Animal Rescue,,,,,,,
,,,,,,,,,,,,San Luis Valley Animal Welfare Society,,,,,,,
,,,,,,,,,,,,Animal Attraction LLC.,,,,,,,
,,,,,,,,,,,,Blackhat Humane Society,,,,,,,
,,,,,,,,,,,,Polaris Alaskan Malamute Rescue,,,,,,,
,,,,,,,,,,,,Red Hill Animal Health Center,,,,,,,
,,,,,,,,,,,,Gray Muzzle Society,,,,,,,
,,,,,,,,,,,,Ark-Valley Humane Society,,,,,,,
,,,,,,,,,,,,MaxFund Cats,,,,,,,
,,,,,,,,,,,,W.O.L.F. Sanctuary,,,,,,,
,,,,,,,,,,,,Saving Dobermankind Animal Rescue,,,,,,,
,,,,,,,,,,,,City of Brush Animal Shelter,,,,,,,
,,,,,,,,,,,,Rescued for Life,,,,,,,
,,,,,,,,,,,,Eagle County Animal Shelter and Services,,,,,,,
,,,,,,,,,,,,Mattersville Yoder,,,,,,,
,,,,,,,,,,,,Snow Capped Shepherd Rescue,,,,,,,
,,,,,,,,,,,,"Dancing Dog Rescue and Recovery Ranch, Inc.",,,,,,,
,,,,,,,,,,,,iResQ RR,,,,,,,
,,,,,,,,,,,,Above and Beyond English Setter Rescie,,,,,,,
,,,,,,,,,,,,Rocky Mountain Puppy Rescue,,,,,,,
,,,,,,,,,,,,Forgotten Felines Rescue,,,,,,,
,,,,,,,,,,,,Longmont Humane Society,,,,,,,
,,,,,,,,,,,,My Fairy Dawg Mother Rescue,,,,,,,
,,,,,,,,,,,,The Gabriel Foundation,,,,,,,
,,,,,,,,,,,,Old Soul Canine Rescue,,,,,,,
,,,,,,,,,,,,"Rocky Mountain Cocker Rescue, Inc.",,,,,,,
,,,,,,,,,,,,Humane Society of the Pikes Peak Region,,,,,,,
,,,,,,,,,,,,JJs Helping Paws,,,,,,,
,,,,,,,,,,,,Happy Cats Haven,,,,,,,
,,,,,,,,,,,,Happy Little Rescue/Harmony,,,,,,,
,,,,,,,,,,,,Peanut’s Place Bully Rescue,,,,,,,
,,,,,,,,,,,,Moms and Mutts Colorado Rescue for Pregnant and Nursing Dogs,,,,,,,
,,,,,,,,,,,,Prison Trained K-9 Companion Program,,,,,,,
,,,,,,,,,,,,Aspen leaf Aviaries dba World of birds,,,,,,,
,,,,,,,,,,,,Wet Mountain Animal Welfare LLC,,,,,,,
,,,,,,,,,,,,National Mill Dog Rescue,,,,,,,
,,,,,,,,,,,,Front Range German Shepherd Rescue,,,,,,,
,,,,,,,,,,,,Paws On The Ground Colorado,,,,,,,
,,,,,,,,,,,,Small Senior Paws Retirement Village,,,,,,,
,,,,,,,,,,,,Dalmatian Rescue of Colorado,,,,,,,
,,,,,,,,,,,,Mile High Labrador Retriever Mission,,,,,,,
,,,,,,,,,,,,Animal Friends Alliance,,,,,,,
,,,,,,,,,,,,ST East,,,,,,,
,,,,,,,,,,,,Mutts N Such Rescue,,,,,,,
,,,,,,,,,,,,MidAmerica Boston Terrier Rescue,,,,,,,
,,,,,,,,,,,,Obe's Angels Rescue,,,,,,,
,,,,,,,,,,,,"Scroungy Dogs and Pretty Pups Rescue, Inc.",,,,,,,
,,,,,,,,,,,,Durango Animal Connection,,,,,,,
,,,,,,,,,,,,Pawsitive Restorations Animal Rescue,,,,,,,
,,,,,,,,,,,,Katmandu Paonia,,,,,,,
,,,,,,,,,,,,Animal Aid of Colorado,,,,,,,
,,,,,,,,,,,,Animal Kingdom,,,,,,,
,,,,,,,,,,,,Colorado Wyoming Vizsla Rescue Inc,,,,,,,
,,,,,,,,,,,,Grand County Animal Shelter,,,,,,,
,,,,,,,,,,,,Grey Ghost Weimaraner Rescue,,,,,,,
,,,,,,,,,,,,Bernese Mountain Dog Club of the Rockies,,,,,,,
,,,,,,,,,,,,Wild Willow Sanctuary,,,,,,,
,,,,,,,,,,,,DMK Rehoming,,,,,,,
,,,,,,,,,,,,Wagging Dog Rescue,,,,,,,
,,,,,,,,,,,,Charlene Wolfe,,,,,,,
,,,,,,,,,,,,Clear Water Reptiles LLC DBA: Scales N Tails Northglenn,,,,,,,
,,,,,,,,,,,,Western Border Collie Rescue,,,,,,,
,,,,,,,,,,,,pranadogs behavior & rehab ctr,,,,,,,
,,,,,,,,,,,,Estes Park Pet Lodge,,,,,,,
,,,,,,,,,,,,House of Exotics,,,,,,,
,,,,,,,,,,,,"Springer Spaniel Rescue, Inc",,,,,,,
,,,,,,,,,,,,Cats Alive SLV,,,,,,,
,,,,,,,,,,,,NOCO Humane - Larimer County,,,,,,,
,,,,,,,,,,,,Breeder Release Adoption Service,,,,,,,
,,,,,,,,,,,,Dumb Friends League - Veterinary Hospital at CSU Spur,,,,,,,
,,,,,,,,,,,,HearthFire Keep fka Happy Haven Farm & Sanctuary,,,,,,,
,,,,,,,,,,,,Do Over Dogs A Second Chance At Life,,,,,,,
,,,,,,,,,,,,Farfel's Farm & Rescue,,,,,,,
,,,,,,,,,,,,Upper Rio Grande Animal Society,,,,,,,
,,,,,,,,,,,,Highwind Exotics and Aquatics LLC dba Parker Exotic Pets,,,,,,,
,,,,,,,,,,,,All 4s Rescue League,,,,,,,
,,,,,,,,,,,,PETS R PEOPLE TOO,,,,,,,
,,,,,,,,,,,,Golden Retriever Freedom Rescue,,,,,,,
,,,,,,,,,,,,Teller County Regional Animal Shelter,,,,,,,
,,,,,,,,,,,,MaxFund Inc,,,,,,,
,,,,,,,,,,,,Running Dog Rescue,,,,,,,
,,,,,,,,,,,,Colorado Corgis and Friends,,,,,,,
,,,,,,,,,,,,L.O.L.A.'S Rescue,,,,,,,
,,,,,,,,,,,,Colorado Senior Dog Rescue and Hospice,,,,,,,
,,,,,,,,,,,,Colorado Springs All Breed Rescue,,,,,,,
,,,,,,,,,,,,Fureverdog Rescue,,,,,,,
,,,,,,,,,,,,City of Aurora Animal Services,,,,,,,
,,,,,,,,,,,,Purrfect Pause Cat Cafe,,,,,,,
,,,,,,,,,,,,Almost Home Adoptions,,,,,,,
,,,,,,,,,,,,El Paso County Canine Rescue,,,,,,,
,,,,,,,,,,,,Kot Kitten Korner,,,,,,,
,,,,,,,,,,,,Routt County Humane Society,,,,,,,
,,,,,,,,,,,,Pet Association Of Estes Park,,,,,,,
,,,,,,,,,,,,Colorado Feline Foster Rescue,,,,,,,
,,,,,,,,,,,,Mile High Weimaraner Rescue,,,,,,,
,,,,,,,,,,,,Yoga Animals Rescue Foundation,,,,,,,
,,,,,,,,,,,,Rocky Mountain House Rabbit Rescue,,,,,,,
,,,,,,,,,,,,Pound Pitties Dog Rescue,,,,,,,
,,,,,,,,,,,,Town of La Veta Animal Shelter,,,,,,,
,,,,,,,,,,,,Taysia Blue Rescue,,,,,,,
,,,,,,,,,,,,"English Springer Rescue America, Inc",,,,,,,
,,,,,,,,,,,,Perfect Pets,,,,,,,
,,,,,,,,,,,,City of Burlington Animal Shelter,,,,,,,
,,,,,,,,,,,,Amigos de los Animales Colorado,,,,,,,
,,,,,,,,,,,,For Pets' Sake Inc.,,,,,,,
,,,,,,,,,,,,Summit County Animal Control and Shelter,,,,,,,
,,,,,,,,,,,,Denver Kittens,,,,,,,
,,,,,,,,,,,,Paragon Service Dogs,,,,,,,
,,,,,,,,,,,,Meeker Cat Coalition,,,,,,,
,,,,,,,,,,,,Lifeline Puppy Rescue,,,,,,,
,,,,,,,,,,,,Animal Welfare and Protection Society,,,,,,,
,,,,,,,,,,,,Peak View Animal Hospital,,,,,,,
,,,,,,,,,,,,Australian Shepherds Furever,,,,,,,
,,,,,,,,,,,,Old Dogs New Digs,,,,,,,
,,,,,,,,,,,,Circle 2 Rescue,,,,,,,
,,,,,,,,,,,,Woof and Willow Company,,,,,,,
,,,,,,,,,,,,Southern Colorado Spay and Neuter Association,,,,,,,
,,,,,,,,,,,,Victory Service Dogs,,,,,,,
,,,,,,,,,,,,Rocky Mountain French Bulldog Rescue,,,,,,,
,,,,,,,,,,,,Colorado Animal Rescue,,,,,,,
,,,,,,,,,,,,Riverdale Animal Shelter,,,,,,,
,,,,,,,,,,,,Havok's Wolfpack,,,,,,,
,,,,,,,,,,,,Majestic Canine Rescue,,,,,,,
,,,,,,,,,,,,Blue Sky Satos Animal Rescue,,,,,,,
,,,,,,,,,,,,All mixed up dog rescue,,,,,,,
,,,,,,,,,,,,Red Fern Animal Rescue,,,,,,,
,,,,,,,,,,,,"2 Blondes All Breed Rescue, Inc.",,,,,,,
,,,,,,,,,,,,Planned Pethood,,,,,,,
,,,,,,,,,,,,POS Owner Dog Rescue,,,,,,,
,,,,,,,,,,,,Feline Rescue Network dba look what the cat brought in,,,,,,,
,,,,,,,,,,,,Evergreen Animal Protective League,,,,,,,
,,,,,,,,,,,,Rugby's Rescue House,,,,,,,
,,,,,,,,,,,,Rocky Mountain Old English Sheepdog Rescue,,,,,,,
,,,,,,,,,,,,Humane Society of Moab Valley dba Petco,,,,,,,
,,,,,,,,,,,,Oh Be Dogful,,,,,,,
,,,,,,,,,,,,"Mile High Canine Rescue, Inc.",,,,,,,
,,,,,,,,,,,,Paired Souls Animal Rescue and Rehabilitation,,,,,,,
,,,,,,,,,,,,Rocky Mountain Scottie Rescue,,,,,,,
,,,,,,,,,,,,"Westie Rescue Network, Inc.",,,,,,,
,,,,,,,,,,,,Rachel's Forgotten Felines,,,,,,,
,,,,,,,,,,,,Roice-Hurst Humane Society,,,,,,,
,,,,,,,,,,,,Eastern Plains Animal Welfare Alliance EPAWA,,,,,,,
,,,,,,,,,,,,Loma Cat House Inc,,,,,,,
,,,,,,,,,,,,"New Hope Cattle Dogs, Rescue & Rehoming",,,,,,,
,,,,,,,,,,,,Karl's Canine Krew,,,,,,,
,,,,,,,,,,,,"Rocky Mountain Collie and Sheltie Rescue, INC.",,,,,,,
,,,,,,,,,,,,Denver Dachshunds Rescue and Transport,,,,,,,
,,,,,,,,,,,,Lucy Peckham,,,,,,,
,,,,,,,,,,,,Paradise Animal Welfare Society,,,,,,,
,,,,,,,,,,,,Telluride Humane Society,,,,,,,
,,,,,,,,,,,,Hoof and Paw,,,,,,,
,,,,,,,,,,,,Whimpers to Wags,,,,,,,
,,,,,,,,,,,,County of Park Animal Shelter,,,,,,,
,,,,,,,,,,,,5280 Reptile Room West,,,,,,,
,,,,,,,,,,,,Colorado Puppy Rescue,,,,,,,
,,,,,,,,,,,,Clearwater Dog Training/ Nikenos Second Chances,,,,,,,
,,,,,,,,,,,,Little Paws Matter,,,,,,,
,,,,,,,,,,,,Chow Down Inc,,,,,,,
,,,,,,,,,,,,Journey Home Animal Care Center,,,,,,,
,,,,,,,,,,,,Peipeople Shar Pei Rescue,,,,,,,
,,,,,,,,,,,,Ark-Valley Humane Society - AVHS South,,,,,,,
,,,,,,,,,,,,Harley's Dream,,,,,,,
,,,,,,,,,,,,Town of Westcliffe,,,,,,,
,,,,,,,,,,,,Eagle Valley Humane Society,,,,,,,
,,,,,,,,,,,,Colorado Animal Care Foundation,,,,,,,
,,,,,,,,,,,,WALSH DOG POUND,,,,,,,
,,,,,,,,,,,,Archway Adventures,,,,,,,
,,,,,,,,,,,,Black Ops Rescue,,,,,,,
,,,,,,,,,,,,Colorado Bullies & More,,,,,,,
,,,,,,,,,,,,Great Pyrenees Rescue & Sanctuary,,,,,,,
,,,,,,,,,,,,Mile High Dachshunds Rescue Inc.,,,,,,,
,,,,,,,,,,,,Underdog Animal Rescue and Rehab,,,,,,,
,,,,,,,,,,,,Rocky Mountain Dachshund Rescue,,,,,,,
,,,,,,,,,,,,5280 Reptile Room North,,,,,,,
,,,,,,,,,,,,Beasties a pet store & more,,,,,,,
,,,,,,,,,,,,Ferret Dreams Rescue & Adoption,,,,,,,
,,,,,,,,,,,,CLAWS Furrever Home Sanctuary,,,,,,,
,,,,,,,,,,,,City of Cortez Animal Shelter,,,,,,,
,,,,,,,,,,,,Roice-Hurst Humane Society Delta,,,,,,,
,,,,,,,,,,,,Cooper's Companions,,,,,,,
,,,,,,,,,,,,Fort Morgan Humane Society,,,,,,,
,,,,,,,,,,,,RezDawg Rescue Inc,,,,,,,
,,,,,,,,,,,,San Nicola Dog Rescue Foundation,,,,,,,
,,,,,,,,,,,,Logan County Humane Society,,,,,,,
,,,,,,,,,,,,Pearl's Sunrize Sanctuary,,,,,,,
,,,,,,,,,,,,High Country Basset Hound Rescue & Adoption,,,,,,,
,,,,,,,,,,,,"International Hearing Dog, Inc.",,,,,,,
,,,,,,,,,,,,Stray and Orphaned Animal Rescue SOAR,,,,,,,
,,,,,,,,,,,,From forgotten to forever rescue,,,,,,,
,,,,,,,,,,,,Second Chance Humane Society,,,,,,,
,,,,,,,,,,,,Fens Haven,,,,,,,
,,,,,,,,,,,,Airedale Terrier Rescue and Adoption (ATRA),,,,,,,
,,,,,,,,,,,,Overturf Animal Sanctuary,,,,,,,
,,,,,,,,,,,,Annies Orphans,,,,,,,
,,,,,,,,,,,,Town of Limon Animal Shelter,,,,,,,
,,,,,,,,,,,,DELTA COUNTY HUMANE SOCIETY,,,,,,,
,,,,,,,,,,,,CLAWA Animal Rescue,,,,,,,
,,,,,,,,,,,,Colorado Kitty Coalition,,,,,,,
,,,,,,,,,,,,Acadiana Animal Aid,,,,,,,
,,,,,,,,,,,,Mesa County Animal Services,,,,,,,
,,,,,,,,,,,,PawsCo,,,,,,,
,,,,,,,,,,,,Paws and People,,,,,,,
,,,,,,,,,,,,Pointerrescue,,,,,,,
,,,,,,,,,,,,Hope for Animals-Clear Creek Rescue,,,,,,,
,,,,,,,,,,,,Platteville Police Department,,,,,,,
,,,,,,,,,,,,Town of Cheyenne Wells,,,,,,,
,,,,,,,,,,,,Stacy Marie Rochelle,,,,,,,
,,,,,,,,,,,,Demi's Animal Rescue,,,,,,,
,,,,,,,,,,,,Foster Kitten Mama Rescue,,,,,,,
,,,,,,,,,,,,Twice Purrfect,,,,,,,
,,,,,,,,,,,,"Humane Society of the South Platte Valley, Inc.",,,,,,,
,,,,,,,,,,,,Platte Valley Veterinary,,,,,,,
,,,,,,,,,,,,Avalon Aviary Bird Store,,,,,,,
,,,,,,,,,,,,Grand Rivers Humane Society,,,,,,,
,,,,,,,,,,,,Town of Akron,,,,,,,
,,,,,,,,,,,,Town of Springfield,,,,,,,
,,,,,,,,,,,,Wild Blue Cats,,,,,,,
,,,,,,,,,,,,Foothills Animal Shelter,,,,,,,
,,,,,,,,,,,,Trevor's Animal Rescue,,,,,,,
,,,,,,,,,,,,"Indigo Mountain Nature Center, Inc.",,,,,,,
,,,,,,,,,,,,William Adamson,,,,,,,
,,,,,,,,,,,,Cats League & Assistance of the Western Slope,,,,,,,
,,,,,,,,,,,,Front Range Freedom Rescue,,,,,,,
,,,,,,,,,,,,The Biscuit Factory Cat Lounge,,,,,,,
,,,,,,,,,,,,Mother Gaia Animal Rescue,,,,,,,
,,,,,,,,,,,,"SPCAInternational, PAWsitive Recovery Program",,,,,,,
,,,,,,,,,,,,Big Bones Canine Rescue,,,,,,,
,,,,,,,,,,,,Denver Cat Rescue,,,,,,,
,,,,,,,,,,,,"Soul Dogs, Inc",,,,,,,
,,,,,,,,,,,,Denkai Animal Sanctuary,,,,,,,
,,,,,,,,,,,,Pets Plus LLC,,,,,,,
,,,,,,,,,,,,Safe Harbor Lab Rescue,,,,,,,
,,,,,,,,,,,,The Montrose Bully Breed Club,,,,,,,
,,,,,,,,,,,,City of La Junta,,,,,,,
,,,,,,,,,,,,Sloppy Kisses Animal Rescue,,,,,,,
,,,,,,,,,,,,Denver Animal Shelter,,,,,,,
,,,,,,,,,,,,Colorado Reptile Humane Society,,,,,,,
,,,,,,,,,,,,Happy Hounds Rescue Inc.,,,,,,,
,,,,,,,,,,,,Sunrise Service Dogs,,,,,,,
,,,,,,,,,,,,"The Good Dog Rescue, LLC",,,,,,,
,,,,,,,,,,,,ST North,,,,,,,
,,,,,,,,,,,,Lightshine Canine: A Rez Dog Rescue,,,,,,,
,,,,,,,,,,,,Little rescues on the Prairie,,,,,,,
,,,,,,,,,,,,Animal Rescue of the Rockies Cat Casita,,,,,,,
,,,,,,,,,,,,Dumb Friends League - Buddy Center,,,,,,,
,,,,,,,,,,,,Second Chance Animal Rescue Foundation,,,,,,,
,,,,,,,,,,,,The Humane Society of Boulder Valley,,,,,,,
,,,,,,,,,,,,Angels with Paws,,,,,,,
,,,,,,,,,,,,Retriever Rescue of Colorado,,,,,,,
,,,,,,,,,,,,Leadville Lake County Animal Shelter,,,,,,,
,,,,,,,,,,,,HemoSolutions,,,,,,,
,,,,,,,,,,,,Feeders Unlimited,,,,,,,
,,,,,,,,,,,,Shiba Scout Rescue dba Colorado Shiba Inu Rescue,,,,,,,
,,,,,,,,,,,,ST Boulder,,,,,,,
,,,,,,,,,,,,Pepper's Senior Dog Sacntuary,,,,,,,
,,,,,,,,,,,,Delta County Citizens for Animal Welfare and Shelter,,,,,,,
,,,,,,,,,,,,Cavies and Canines Animal Rescue,,,,,,,
,,,,,,,,,,,,WolfWood,,,,,,,
,,,,,,,,,,,,Team Leo Animal Rescue,,,,,,,
,,,,,,,,,,,,All Points West German Shorthaired Pointer Rescue,,,,,,,
,,,,,,,,,,,,Pet Paradise Inc,,,,,,,
,,,,,,,,,,,,Rocky Mountain Yorkie Rescue,,,,,,,
,,,,,,,,,,,,valley pets,,,,,,,
,,,,,,,,,,,,"Pembroke Welsh Corgi Club of the Rockies Rescue, Inc.",,,,,,,
,,,,,,,,,,,,City of Wray Animal Shelter,,,,,,,
,,,,,,,,,,,,Humane Society of the Pikes Peak Region - Pueblo,,,,,,,
,,,,,,,,,,,,The Old Mutt Hut,,,,,,,
,,,,,,,,,,,,Laws4Paws,,,,,,,
,,,,,,,,,,,,Homeward Bound Rescue of Colorado,,,,,,,
,,,,,,,,,,,,City of Las Animas,,,,,,,
,,,,,,,,,,,,City of Yuma Animal Shelter,,,,,,,
,,,,,,,,,,,,Tortoise and the Hare Common to Exotic Pets LLC,,,,,,,
,,,,,,,,,,,,Life is Better Rescue,,,,,,,
,,,,,,,,,,,,City of Montrose,,,,,,,
,,,,,,,,,,,,Ho-Bo Care Boxer Resuce,,,,,,,
,,,,,,,,,,,,Cat Care Society,,,,,,,
,,,,,,,,,,,,Denver Cat Company,,,,,,,
,,,,,,,,,,,,NOCO Humane - Weld County,,,,,,,
,,,,,,,,,,,,Cats League&Assistance of the Western Slope,,,,,,,
,,,,,,,,,,,,Denver Dumb Friends League - San Luis Valley Animal Center,,,,,,,
,,,,,,,,,,,,Reptile & Amphibian Center of the Rockies,,,,,,,
,,,,,,,,,,,,Golden Growls Senior Rescue,,,,,,,
,,,,,,,,,,,,Colorado Herding Dog Rescue,,,,,,,
,,,,,,,,,,,,Town of Ordway,,,,,,,
,,,,,,,,,,,,Surface Creek Animal Shelter,,,,,,,
,,,,,,,,,,,,"Big Dogs Huge Paws, Inc",,,,,,,
,,,,,,,,,,,,Lamar Animal Shelter,,,,,,,
,,,,,,,,,,,,"Cavalier King Charles Spaniel Club Rescue, Inc.",,,,,,,
,,,,,,,,,,,,Safe Place for Pets,,,,,,,
,,,,,,,,,,,,"Vintage Dog Rescue, Inc",,,,,,,
,,,,,,,,,,,,Aspen/Pitkin County Animal Shelter,,,,,,,
,,,,,,,,,,,,Dizzy Dog Animal Rescue,,,,,,,
,,,,,,,,,,,,Evergreen Animal Protective League - Chow Down,,,,,,,
,,,,,,,,,,,,9 Lives Rescue,,,,,,,
,,,,,,,,,,,,County of Clear Creek Animal Shelter,,,,,,,
,,,,,,,,,,,,Paws N Hooves,,,,,,,
,,,,,,,,,,,,Colorado Greyhound Adoption,,,,,,,
,,,,,,,,,,,,A cat rescue out in the sticks,,,,,,,
,,,,,,,,,,,,Brighter Days Dog Rescue,,,,,,,
,,,,,,,,,,,,City of Cripple Creek Animal Shelter,,,,,,,
,,,,,,,,,,,,Rocky Mountain Lab Rescue,,,,,,,
,,,,,,,,,,,,Colorado Beagle Rescue,,,,,,,
,,,,,,,,,,,,Rocky Mountain Feline Rescue,,,,,,,
,,,,,,,,,,,,Golden Retriever Rescue of the Rockies,,,,,,,
,,,,,,,,,,,,Bounce Animal Rescue,,,,,,,
,,,,,,,,,,,,Jailbreak Husky Rescue,,,,,,,
,,,,,,,,,,,,Mattersville,,,,,,,
,,,,,,,,,,,,Special Needs Animal Rescue League-SNARL,,,,,,,
,,,,,,,,,,,,Parker's Animal Rescue,,,,,,,
,,,,,,,,,,,,Big Sky CARES,,,,,,,
,,,,,,,,,,,,"Rocky Mountain Great Dane Rescue, Inc",,,,,,,
,,,,,,,,,,,,City of Trinidad,,,,,,,
,,,,,,,,,,,,Colorado St Bernard Rescue Inc,,,,,,,
,,,,,,,,,,,,MaxFund Meow Manor,,,,,,,
,,,,,,,,,,,,pawsecond chance rescue,,,,,,,
,,,,,,,,,,,,Until They're Home,,,,,,,
,,,,,,,,,,,,Colorado Pug Rescue,,,,,,,
,,,,,,,,,,,,Town of Rangely Animal Shelter,,,,,,,
,,,,,,,,,,,,City of Rocky Ford Animal Shelter,,,,,,,
,,,,,,,,,,,,Cuddle Bug Chinchillas,,,,,,,
,,,,,,,,,,,,Cavy Care Inc,,,,,,,
,,,,,,,,,,,,The Misfits Dog Rescue,,,,,,,
,,,,,,,,,,,,Colorado Japanese Chin Rescue,,,,,,,
,,,,,,,,,,,,One Dog at a Time Colorado,,,,,,,
,,,,,,,,,,,,La Plata County Humane Society,,,,,,,
,,,,,,,,,,,,Cat Care Durango,,,,,,,
,,,,,,,,,,,,Blue Lion Rescue,,,,,,,
,,,,,,,,,,,,Spirit Keeper Animal Sanctuary,,,,,,,
,,,,,,,,,,,,Longmont Friends of Feral & Abandoned Cats,,,,,,,
,,,,,,,,,,,,Lucky Day Animal Rescue of Colorado,,,,,,,
,,,,,,,,,,,,4 Paws 4 Life Rescue,,,,,,,
,,,,,,,,,,,,Up Pup and Away,,,,,,,
,,,,,,,,,,,,Bear Creek Animal Hospital,,,,,,,
,,,,,,,,,,,,Eaton Animal Den,,,,,,,
,,,,,,,,,,,,Rancho Amistad,,,,,,,
,,,,,,,,,,,,The Feline Fix,,,,,,,
,,,,,,,,,,,,Someone2Love,,,,,,,
,,,,,,,,,,,,Town of Plattevile,,,,,,,
,,,,,,,,,,,,"VetCor of Colorado Springs LLC, Red Hill Animal Health Center",,,,,,,
,,,,,,,,,,,,Live Love Animal Rescue,,,,,,,
,,,,,,,,,,,,pranaDOGS Behavior & Rehab Ctr,,,,,,,
,,,,,,,,,,,,Summit County Animal Control,,,,,,,
,,,,,,,,,,,,KOT Kitten Korner,,,,,,,
,,,,,,,,,,,,City of Las Animas / Bent County Shelter,,,,,,,
,,,,,,,,,,,,5280 Reptile Room west,,,,,,,
,,,,,,,,,,,,Harmony Animal Matchmaker and Sanctuary,,,,,,,
,,,,,,,,,,,,Canine Partners of the Rockies,,,,,,,
,,,,,,,,,,,,"Pei People Shar Pei Rescue, Inc",,,,,,,
,,,,,,,,,,,,Humane Society of Pagosa Springs,,,,,,,
,,,,,,,,,,,,Dumb Friends League,,,,,,,
,,,,,,,,,,,,Eastern Plains Animal Welfare Alliance-EPAWA,,,,,,,
,,,,,,,,,,,,PAWSitive Reaction,,,,,,,
,,,,,,,,,,,,Paws on the Ground Colorado,,,,,,,
,,,,,,,,,,,,SLV Spay and Neuter Alliance,,,,,,,
,,,,,,,,,,,,nocokitties,,,,,,,
,,,,,,,,,,,,Special Needs Animal Rescue League- SNA,,,,,,,
,,,,,,,,,,,,NOCO Humane,,,,,,,
,,,,,,,,,,,,Douglas County Canine Rescue,,,,,,,
,,,,,,,,,,,,cats alive slv,,,,,,,
,,,,,,,,,,,,Colorado Animal Welfare League,,,,,,,
,,,,,,,,,,,,the Meeker Cat Coalition,,,,,,,
,,,,,,,,,,,,Peanut's Place Bully Rescue,,,,,,,
,,,,,,,,,,,,Humane Society of Weld County,,,,,,,
,,,,,,,,,,,,Harley's Hope Foundation,,,,,,,
,,,,,,,,,,,,City of La Junta Animal Shelter,,,,,,,
,,,,,,,,,,,,The Snuggle is Real Animal Rescue,,,,,,,
,,,,,,,,,,,,The Biscuit Factory,,,,,,,
,,,,,,,,,,,,Hope For Animals-Clear Creek Rescue,,,,,,,
,,,,,,,,,,,,Humane Society of the South Platte Valley,,,,,,,
,,,,,,,,,,,,Dumb Friends League Buddy Center,,,,,,,
,,,,,,,,,,,,RezDawg Rescue,,,,,,,
,,,,,,,,,,,,Chow Down - Evergreen,,,,,,,
,,,,,,,,,,,,"Wet Mountain Animal Welfare, LLC",,,,,,,
,,,,,,,,,,,,Tammy Swanson,,,,,,,
,,,,,,,,,,,,Northern Colorado Herpetological Society,,,,,,,
,,,,,,,,,,,,Rocky Mountain Leos/ Michelle A Thompson,,,,,,,
,,,,,,,,,,,,JJ Helping Paws Inc,,,,,,,
,,,,,,,,,,,,Front Range German Shepard Rescue,,,,,,,
,,,,,,,,,,,,Stacy Rochelle,,,,,,,
,,,,,,,,,,,,Indigo Mountain Nature Center,,,,,,,
,,,,,,,,,,,,Safe Place Inc,,,,,,,
,,,,,,,,,,,,"For Pets' Sake, Inc.",,,,,,,
,,,,,,,,,,,,Mile High German Shorthaired Pointer Rescue,,,,,,,
,,,,,,,,,,,,Animal Welfare & Protection Society,,,,,,,
,,,,,,,,,,,,Animal Attraction,,,,,,,
,,,,,,,,,,,,Walsenburg Animal Shelter,,,,,,,
,,,,,,,,,,,,Colorado Puppy Rescue of Colorado,,,,,,,
,,,,,,,,,,,,Ho-Bo Care Boxer Rescue,,,,,,,
,,,,,,,,,,,,Animal Rescue of the Rockies Just Cats Cat Cottage,,,,,,,
,,,,,,,,,,,,CITY OF YUMA ANIMAL SHELTER,,,,,,,
,,,,,,,,,,,,San Nicola Dog Rescue,,,,,,,
,,,,,,,,,,,,"Estes Park Pet Lodge, Inc",,,,,,,
,,,,,,,,,,,,InsideReef llc,,,,,,,
,,,,,,,,,,,,9 LIVES RESCUE,,,,,,,
,,,,,,,,,,,,"Chihuahua & Small Dog Rescue, Inc.",,,,,,,
,,,,,,,,,,,,Bernese Mountain Dog Club os the Rockies,,,,,,,
,,,,,,,,,,,,Moms and Mutts Colorado Rescue,,,,,,,
,,,,,,,,,,,,Fen's Haven,,,,,,,
,,,,,,,,,,,,"Dalmatian Rescue of Colorado, Inc.",,,,,,,
,,,,,,,,,,,,Mile High Meowies Inc,,,,,,,
,,,,,,,,,,,,POSO Dog Rescue,,,,,,,
,,,,,,,,,,,,High County Basset Hound Rescue,,,,,,,
,,,,,,,,,,,,Hoffmanns Little Have,,,,,,,
,,,,,,,,,,,,City Of Cripple Creek Animal Shelter,,,,,,,
,,,,,,,,,,,,Compassion Project Rescue,,,,,,,
,,,,,,,,,,,,Humane Society of Boulder Valley,,,,,,,
,,,,,,,,,,,,Happy Haven Farm & Sanctuary,,,,,,,
,,,,,,,,,,,,"Lightshine Canine, LLC",,,,,,,
,,,,,,,,,,,,Intermountain Humane001qm2,,,,,,,
,,,,,,,,,,,,Mile High Dachshunds Rescue.org,,,,,,,
,,,,,,,,,,,,all mixed up dog rescue,,,,,,,
,,,,,,,,,,,,Cats League and Assistance of the Western Slope Adoption Center,,,,,,,
,,,,,,,,,,,,Front Range Reptiles,,,,,,,
,,,,,,,,,,,,Adoptable Animal Rescue Force,,,,,,,
,,,,,,,,,,,,Foster Kitten Mama,,,,,,,
,,,,,,,,,,,,Inge Trump,,,,,,,
,,,,,,,,,,,,Taysia Blue Siberian Husky Rescue,,,,,,,
,,,,,,,,,,,,Town of Walden Animal Shelter,,,,,,,
,,,,,,,,,,,,Nikenos Second Chances,,,,,,,
,,,,,,,,,,,,NoCo Cat Cafe,,,,,,,
,,,,,,,,,,,,Willow Run Feed and Supply,,,,,,,
,,,,,,,,,,,,Purrendipity,,,,,,,
,,,,,,,,,,,,All Aboard Animal Rescue,,,,,,,
,,,,,,,,,,,,Little Rescue On The Prairie,,,,,,,
,,,,,,,,,,,,Safe Habrbor Lab Rescue,,,,,,,
,,,,,,,,,,,,lookwhatthecatbroughtin,,,,,,,
,,,,,,,,,,,,Pet World,,,,,,,
,,,,,,,,,,,,Above and Beyond English Setter Rescue,,,,,,,
,,,,,,,,,,,,Painted Paws for Veterans,,,,,,,
,,,,,,,,,,,,POLARIS Alaskan Malamute Rescue,,,,,,,
,,,,,,,,,,,,The Good Dog Rescue,,,,,,,
,,,,,,,,,,,,7 Paws Rescue Ranch,,,,,,,
,,,,,,,,,,,,Cavy Care Inc.,,,,,,,
,,,,,,,,,,,,Exotic Bird Ranch,,,,,,,
,,,,,,,,,,,,"Vintage Dog Rescue, Inc.",,,,,,,
,,,,,,,,,,,,Twice Purrfect Feline Rescue,,,,,,,
,,,,,,,,,,,,City of Lamar Animal Shelter,,,,,,,
,,,,,,,,,,,,Dumb Friends League San Luis Valley Animal Center,,,,,,,
,,,,,,,,,,,,Noah's Ark Animal Welfare Assn,,,,,,,
,,,,,,,,,,,,Whimpers to Wags Inc,,,,,,,
,,,,,,,,,,,,Colorado St Bernard Rescue,,,,,,,
,,,,,,,,,,,,No Hound Unhomed LLC,,,,,,,
,,,,,,,,,,,,New Favorite Day,,,,,,,
,,,,,,,,,,,,La Plata County Humanesociety,,,,,,,
,,,,,,,,,,,,COLORADO WYOMING VIZSLA RESCUE GROUP INC,,,,,,,
,,,,,,,,,,,,Agents of Chaos TNR,,,,,,,
,,,,,,,,,,,,Town of Walsh,,,,,,,
,,,,,,,,,,,,Feline Rescue Network dba Look What the Cat Brought in,,,,,,,
,,,,,,,,,,,,Pets R People Too,,,,,,,
,,,,,,,,,,,,Little rescue on the Prairie,,,,,,,
,,,,,,,,,,,,Feeders Unlimited LLC,,,,,,,
,,,,,,,,,,,,Vintage Dog Rescue Inc,,,,,,,
,,,,,,,,,,,,"High Country Basset Hound Rescue and Adoption Service, Inc.",,,,,,,
,,,,,,,,,,,,"Pet Association of Estes Park, Inc.",,,,,,,
,,,,,,,,,,,,Northern Colorado Herpetological Society (Fort Collins),,,,,,,
,,,,,,,,,,,,Golden Retriever Freedom rescue,,,,,,,
,,,,,,,,,,,,Town Of Westcliffe,,,,,,,
,,,,,,,,,,,,Springer Spaniel Rescue Inc,,,,,,,
,,,,,,,,,,,,Innocent Paws Puppy Rescue,,,,,,,
,,,,,,,,,,,,Agents Of Chaos TNR,,,,,,,
,,,,,,,,,,,,Paws And People,,,,,,,
,,,,,,,,,,,,Dakota Ranch Inc.,,,,,,,
,,,,,,,,,,,,Colorado Shiba Inu Rescue,,,,,,,
,,,,,,,,,,,,"DMK Rehoming, Inc.",,,,,,,
,,,,,,,,,,,,The Animal Debt Project,,,,,,,
,,,,,,,,,,,,MidAmerica boston Terrier rescue,,,,,,,
,,,,,,,,,,,,Blackhat Humane,,,,,,,
,,,,,,,,,,,,Rocky Mountain Great Dane Rescue,,,,,,,
,,,,,,,,,,,,Colorado Liaison for Animal Welfare Alliance,,,,,,,
,,,,,,,,,,,,The HOPS Project,,,,,,,
,,,,,,,,,,,,William Adamson/Six Paws Sanctuary,,,,,,,
,,,,,,,,,,,,Ruff Around the Edges,,,,,,,
,,,,,,,,,,,,City of Las Animas/Bent County Shelter,,,,,,,
,,,,,,,,,,,,Humane Society of Moab Valley,,,,,,,
,,,,,,,,,,,,Miami Animal Rescue Ranch,,,,,,,
,,,,,,,,,,,,Flanders's Flying Friends Co,,,,,,,
,,,,,,,,,,,,Humane Society of St Thomas,,,,,,,
,,,,,,,,,,,,For The Howl Of It Rescue,,,,,,,
,,,,,,,,,,,,Fureverdog Rescue & Boarding,,,,,,,
,,,,,,,,,,,,Hoffmann's Little Haven,,,,,,,
,,,,,,,,,,,,Soul Dogs Inc.,,,,,,,
,,,,,,,,,,,,Pawsecond Chance Rescue,,,,,,,
,,,,,,,,,,,,"JJs Helping Paws, Inc.",,,,,,,
,,,,,,,,,,,,The Meeker Cat Coalition,,,,,,,
,,,,,,,,,,,,Jewels Senior Dog Rescue,,,,,,,
,,,,,,,,,,,,TCRAS: Teller County Regional Animal Shelter,,,,,,,
,,,,,,,,,,,,CACF,,,,,,,
,,,,,,,,,,,,Cavalier King Charles Spaniel Club Rescue,,,,,,,
,,,,,,,,,,,,All Points West GSP Rescue,,,,,,,
,,,,,,,,,,,,From Forgotten to Forever Transport,,,,,,,
,,,,,,,,,,,,iResQ,,,,,,,
,,,,,,,,,,,,Cats Alive,,,,,,,
,,,,,,,,,,,,"Deanna Davidson-Callahan, Rainbow Otter Animal Sanctuary",,,,,,,
,,,,,,,,,,,,Stray and Orphaned Animal Rescue,,,,,,,
,,,,,,,,,,,,DogsUnbroken,,,,,,,
,,,,,,,,,,,,Gunnison Underdog Rescue,,,,,,,
,,,,,,,,,,,,ST East & ST North,,,,,,,
,,,,,,,,,,,,Town of Cheyenne wells,,,,,,,
,,,,,,,,,,,,Southern Colorado Spay & Neuter Coalition,,,,,,,
,,,,,,,,,,,,Eastern Plains Animal Welfare Alliance-EPAWA (Old Location),,,,,,,
,,,,,,,,,,,,All Mixed Up Dog Rescue,,,,,,,
,,,,,,,,,,,,Happily Ever After Canine Rescue,,,,,,,
,,,,,,,,,,,,Wild Blue Cats!,,,,,,,
,,,,,,,,,,,,Colorado Wyoming Viszsla Rescue Group Inc,,,,,,,
,,,,,,,,,,,,Animal Attraction LLC,,,,,,,
,,,,,,,,,,,,"Rocky Mountain Collie and Sheltie Rescue, Inc.",,,,,,,
,,,,,,,,,,,,KARRA,,,,,,,
,,,,,,,,,,,,Larimer Humane Society,,,,,,,
,,,,,,,,,,,,Rocky Mountian House Rabbit Rescue,,,,,,,
,,,,,,,,,,,,Mile High Dachshunds Rescue,,,,,,,
,,,,,,,,,,,,Gritty Pittie Rescue,,,,,,,
,,,,,,,,,,,,All Breed Rescue & Training,,,,,,,
,,,,,,,,,,,,Paired Souls Animal Rescue and Rehab,,,,,,,
,,,,,,,,,,,,Ark-Valley Humane Society - BV,,,,,,,
,,,,,,,,,,,,Tumbleweed Country Kennels,,,,,,,
,,,,,,,,,,,,Clearwater Dog Training,,,,,,,
,,,,,,,,,,,,Beasties,,,,,,,
,,,,,,,,,,,,Mountain High Service Dogs Inc,,,,,,,
,,,,,,,,,,,,Sunshine Canyon Dog Rescue,,,,,,,
,,,,,,,,,,,,Rocky Mountain Wildheart,,,,,,,
,,,,,,,,,,,,Live Love Animal Services Incorporated,,,,,,,
,,,,,,,,,,,,Steven J Bentley Homeward Bound Facility,,,,,,,
,,,,,,,,,,,,Mile High Canine Rescue,,,,,,,
,,,,,,,,,,,,Denver Dachshunds,,,,,,,
,,,,,,,,,,,,Echo Acres,,,,,,,
,,,,,,,,,,,,Montrose Animal Services,,,,,,,
,,,,,,,,,,,,"Chihuahua & Small Dog Rescue, Inv",,,,,,,
,,,,,,,,,,,,City of Aurora Animal Shelter,,,,,,,
,,,,,,,,,,,,Loma Cat House,,,,,,,
,,,,,,,,,,,,Delta County Humane Society,,,,,,,
,,,,,,,,,,,,Creature Box LLC,,,,,,,
,,,,,,,,,,,,Summit Dog Rescue,,,,,,,
,,,,,,,,,,,,Denver Samoyed Rescue,,,,,,,
,,,,,,,,,,,,Doggy Dog World Rescue,,,,,,,
,,,,,,,,,,,,Life is Better Rescue (Cat Shelter),,,,,,,
,,,,,,,,,,,,Pound Pitties dog rescue,,,,,,,
,,,,,,,,,,,,Journey Home Animal Care Center Inc,,,,,,,
,,,,,,,,,,,,Heart and Soul Dogs LLC,,,,,,,
,,,,,,,,,,,,Ark-Valley Humane Society - South,,,,,,,
,,,,,,,,,,,,Valley Pets,,,,,,,
,,,,,,,,,,,,Thunder Puppy K9 Rehabilitation and Rehoming Inc,,,,,,,
,,,,,,,,,,,,Town Of Ordway,,,,,,,
,,,,,,,,,,,,Underdogs,,,,,,,
,,,,,,,,,,,,LOLAS Rescue,,,,,,,
,,,,,,,,,,,,Moe Moe's Rescue of the Rockies,,,,,,,
,,,,,,,,,,,,"the good dog rescue, llc",,,,,,,
,,,,,,,,,,,,Ferret Dreams Rescue and Adoption,,,,,,,
,,,,,,,,,,,,Cats League of the Western Slope,,,,,,,
,,,,,,,,,,,,Roice-Hurst Humane Society-Delta,,,,,,,
,,,,,,,,,,,,Eastern Plains Animal Welfare Alliance-EPAWA (New Location),,,,,,,
,,,,,,,,,,,,David J. Jackson,,,,,,,
,,,,,,,,,,,,Ft Lupton Veterinary Hospital,,,,,,,
,,,,,,,,,,,,Noah's Ark Animal Welfare Assoc.,,,,,,,
,,,,,,,,,,,,Wolf Wood,,,,,,,
,,,,,,,,,,,,2nd Chance Vizsla Rescue Inc,,,,,,,
,,,,,,,,,,,,The Dog Ranch,,,,,,,
,,,,,,,,,,,,Hoof & Paw,,,,,,,
,,,,,,,,,,,,Aspen Boarding Kennel And Animal Shelter,,,,,,,
,,,,,,,,,,,,Intermountain Humane Soceity,,,,,,,
,,,,,,,,,,,,Northern Colorado Herpetological Society (Loveland),,,,,,,
,,,,,,,,,,,,The Forgotten Bull Terriers,,,,,,,
,,,,,,,,,,,,Snow Buddy,,,,,,,
,,,,,,,,,,,,Pembroke Welsh Corgi Club of the Rockies Rescue,,,,,,,
,,,,,,,,,,,,"National Canine Advocacy Group, Inc.",,,,,,,
,,,,,,,,,,,,Western Australian Shepherd Rescue,,,,,,,
,,,,,,,,,,,,Pearl’s Sunrize Sanctuary,,,,,,,
,,,,,,,,,,,,Rottie Aid,,,,,,,
,,,,,,,,,,,,City of Rocky Ford,,,,,,,
,,,,,,,,,,,,No Hound Unhomed,,,,,,,
,,,,,,,,,,,,Rocky Ford Animal Shelter,,,,,,,
,,,,,,,,,,,,"Whimpers to Wags Rescue, Inc.",,,,,,,
,,,,,,,,,,,,Farfels Farm & Rescue,,,,,,,
,,,,,,,,,,,,Montrose Animal Shelter,,,,,,,
,,,,,,,,,,,,Bill Davis / DBA Grand Valley Pit Crew,,,,,,,
,,,,,,,,,,,,Mile High Meowies,,,,,,,
,,,,,,,,,,,,Colorado Wyoming Vizsla Rescue Group Inc,,,,,,,
,,,,,,,,,,,,"2nd Chance Vizsla Rescue, Inc",,,,,,,
,,,,,,,,,,,,"Feline Rescue Network, dba",,,,,,,
,,,,,,,,,,,,Victory Service Dogs Inc,,,,,,,
,,,,,,,,,,,,Three Little Pitties Rescue,,,,,,,
,,,,,,,,,,,,Up Pup and Away Inc.,,,,,,,
,,,,,,,,,,,,Cayleb's Kindred Senior Dog Rescue,,,,,,,
,,,,,,,,,,,,The Tullios,,,,,,,
,,,,,,,,,,,,Scales N' Tails (ST East),,,,,,,
,,,,,,,,,,,,Cats Alive!,,,,,,,
,,,,,,,,,,,,Rocky Mountain WildHeart,,,,,,,
,,,,,,,,,,,,Paws and Effect Canine Rescue of Colorado,,,,,,,
,,,,,,,,,,,,A Cat Rescue Out in the Sticks,,,,,,,
,,,,,,,,,,,,Oh Be Dogful Pet Ranch,,,,,,,
,,,,,,,,,,,,La Plta County humane society,,,,,,,
,,,,,,,,,,,,Wild Things Exotic Pets,,,,,,,
,,,,,,,,,,,,"Vibrant Pet, LLC",,,,,,,
,,,,,,,,,,,,ARR Just Cats Cat Cottage,,,,,,,
,,,,,,,,,,,,David Jackson,,,,,,,
,,,,,,,,,,,,Rocky Mountain Cocker Rescue,,,,,,,
,,,,,,,,,,,,Scales N' Tails (ST Boulder),,,,,,,
,,,,,,,,,,,,Hoffmanns Little Haven,,,,,,,
,,,,,,,,,,,,Colorado Canine Rescue,,,,,,,
,,,,,,,,,,,,Two Girls Four Paws All Breed Rescue,,,,,,,
,,,,,,,,,,,,JJs Helping Paws Inc.,,,,,,,
,,,,,,,,,,,,MaxFund Cat Shelter,,,,,,,
,,,,,,,,,,,,Wolfwood,,,,,,,
,,,,,,,,,,,,Scales N' Tails (ST North),,,,,,,
,,,,,,,,,,,,Noah's Ark Animal Welfare Association,,,,,,,
,,,,,,,,,,,,Pets r people too,,,,,,,
,,,,,,,,,,,,Fromm Rescue to Forever,,,,,,,
,,,,,,,,,,,,Dumb Friends League (Denver),,,,,,,
,,,,,,,,,,,,Summit dog rescue,,,,,,,
,,,,,,,,,,,,L.O.L.A'S Rescue,,,,,,,
,,,,,,,,,,,,Under The Sun Doggie Daycare and Dog Park LLC,,,,,,,
,,,,,,,,,,,,The Sunrise Foundation,,,,,,,
,,,,,,,,,,,,"DMK Rehoming, Inc",,,,,,,
,,,,,,,,,,,,Ark-Valley Humane Society-BV,,,,,,,
,,,,,,,,,,,,Thunder Puppy K9 Rehabilitation and Rehoming,,,,,,,
,,,,,,,,,,,,Meow Manor,,,,,,,
,,,,,,,,,,,,Bark It Inc,,,,,,,
,,,,,,,,,,,,PetSmart Aurora Animal Shelter,,,,,,,
,,,,,,,,,,,,Ark-Valley Humane Society South,,,,,,,
,,,,,,,,,,,,Mile High German Shorthaired Rescue,,,,,,,
,,,,,,,,,,,,German Shepherd Rescue of the Rockies,,,,,,,
,,,,,,,,,,,,Intermountain Humane Society,,,,,,,
,,,,,,,,,,,,Roice-Hurst Humane Society at Delta,,,,,,,
,,,,,,,,,,,,Pawsecond chance rescue,,,,,,,
,,,,,,,,,,,,The Lazarus Fund,,,,,,,
,,,,,,,,,,,,Rifle Animal Shelter,,,,,,,
,,,,,,,,,,,,Colorado Rez Muttz,,,,,,,
,,,,,,,,,,,,High Country Basset Hound Rescue,,,,,,,
,,,,,,,,,,,,Sterling Ranch Specialty Shelter,,,,,,,
,,,,,,,,,,,,Izzys place senior dog rescue,,,,,,,
,,,,,,,,,,,,Wags & Whiskers Grooming/Boarding,,,,,,,
,,,,,,,,,,,,Cripple Creek Animal Shelter,,,,,,,
,,,,,,,,,,,,Snow Buddy Dog Sled Tours,,,,,,,
,,,,,,,,,,,,Graceland Animal Rescue and Sanctuary,,,,,,,
,,,,,,,,,,,,Pikes Peak Parrot Rescue,,,,,,,
,,,,,,,,,,,,"Big Bones Canine Rescue Service, Inc.",,,,,,,
,,,,,,,,,,,,Pals Forever Animal Rescue,,,,,,,
,,,,,,,,,,,,My Fairy Dawg Mother,,,,,,,
,,,,,,,,,,,,Life is Better Rescue Cat Shelter,,,,,,,
,,,,,,,,,,,,HearthFire Enterprises Inc dba Happy Haven Farm & Sanctuary,,,,,,,
,,,,,,,,,,,,Jemez Valley Animal Amigos,,,,,,,
,,,,,,,,,,,,MO Min Pin Rescue Corp,,,,,,,
,,,,,,,,,,,,From forgotten to Forever transport,,,,,,,
,,,,,,,,,,,,City Of Walsenburg Animal Shelter,,,,,,,
,,,,,,,,,,,,MaxFund Dog Shelter,,,,,,,
,,,,,,,,,,,,Town of Platteville,,,,,,,
,,,,,,,,,,,,NoCoKitties,,,,,,,
,,,,,,,,,,,,Fureverdog Rescue and Boarding,,,,,,,
,,,,,,,,,,,,"Feline Rescue Network, dba, Look What the Cat Brought In",,,,,,,
,,,,,,,,,,,,Polar Opposite Kennels llc,,,,,,,
,,,,,,,,,,,,"From Forgotton to Forever Transport, Inc",,,,,,,
,,,,,,,,,,,,Pet Project,,,,,,,
,,,,,,,,,,,,Wet Mountain Animal Welfare,,,,,,,
,,,,,,,,,,,,"Pet Association of Estes Park, Inc",,,,,,,
,,,,,,,,,,,,City of Montrose Animal Shelter,,,,,,,
,,,,,,,,,,,,Beaumont Pets Alive,,,,,,,
,,,,,,,,,,,,dakota ranch dog rescue,,,,,,,
,,,,,,,,,,,,New Hope Cattle Dogs Rescue & Rehoming,,,,,,,
,,,,,,,,,,,,Town Of Cheyenne Wells,,,,,,,
,,,,,,,,,,,,"2nd Chance Vizsla Rescue, Inc.",,,,,,,
,,,,,,,,,,,,Mile high Dachshunds Rescue,,,,,,,
,,,,,,,,,,,,"No Hound Unhomed, Inc.",,,,,,,
,,,,,,,,,,,,Airedale Terrier Rescue & Adoption,,,,,,,
,,,,,,,,,,,,Pearls Sunrize Sanctuary,,,,,,,
,,,,,,,,,,,,True Blue Pet Rescue,,,,,,,
,,,,,,,,,,,,Ark-Valley Humane Society - Main Shelter,,,,,,,
,,,,,,,,,,,,"Cavalier King Charles Spaniel Club Rescue, Inc",,,,,,,
,,,,,,,,,,,,"Southern Mutts Rescue, Inc.",,,,,,,
,,,,,,,,,,,,Animal Rescue of the Rockies Cat Cottage,,,,,,,
,,,,,,,,,,,,Broadview Kennels,,,,,,,
,,,,,,,,,,,,"Denver Samoyed Association, Inc. (Denver Samoyed Rescue)",,,,,,,
,,,,,,,,,,,,Aspen Boarding Kennel and Animal Shelter,,,,,,,
,,,,,,,,,,,,Big Bones Canine Rescue Service Inc.,,,,,,,
,,,,,,,,,,,,"Whimpers to wags Rescue, Inc",,,,,,,
,,,,,,,,,,,,Springfield,,,,,,,
,,,,,,,,,,,,Must Love Pups formerly New Wave Pups,,,,,,,
,,,,,,,,,,,,Natalia Kelly dba Colorado Animal Care Foundation,,,,,,,
,,,,,,,,,,,,Homeward Bound Rescue,,,,,,,
,,,,,,,,,,,,Graceland Animal Rescue & Sanctuary,,,,,,,
,,,,,,,,,,,,Lost Our Home Pet Rescue of Western Colorado,,,,,,,
,,,,,,,,,,,,Deborah A Hill,,,,,,,
,,,,,,,,,,,,Colorado Wyoming Vizsla Rescue Group Inc.,,,,,,,
,,,,,,,,,,,,"Second Chance Jack Animal Rescue, Inc.",,,,,,,
,,,,,,,,,,,,W.O.L.F.,,,,,,,
,,,,,,,,,,,,MaxFund Inc. (dba MaxFund Animal Adoption Center - Dog Shelter),,,,,,,
,,,,,,,,,,,,City Of Cortez Animal Shelter,,,,,,,
,,,,,,,,,,,,"The Sunrise Foundation, LTD",,,,,,,
,,,,,,,,,,,,JJs Helping Paws Inc,,,,,,,
,,,,,,,,,,,,Copper Fox Ranch Arctic Breed and Wolf Dog Rescue,,,,,,,
,,,,,,,,,,,,English Springer Rescue America Inc,,,,,,,
,,,,,,,,,,,,City of Walsenburg Animal Shelter,,,,,,,
,,,,,,,,,,,,Cooper's Companions Rescue,,,,,,,
,,,,,,,,,,,,Operation Secondhand Paws,,,,,,,
,,,,,,,,,,,,Cats League and Assistance of the Western Slope,,,,,,,
,,,,,,,,,,,,Placing Paws,,,,,,,
,,,,,,,,,,,,Garfield County Animal Welfare Foundation Inc DBA Rifle Animal Shelter,,,,,,,
,,,,,,,,,,,,Moe Moes Rescue of the Rockies,,,,,,,
,,,,,,,,,,,,Lifeline Pet Rescue,,,,,,,
,,,,,,,,,,,,For The Howl Of It Inc,,,,,,,
,,,,,,,,,,,,Maricopa County Animal Care and Control,,,,,,,
,,,,,,,,,,,,Colorado Rhodesian Ridgeback Rescue,,,,,,,
,,,,,,,,,,,,Life is Better Rescue (Dog Shelter),,,,,,,
,,,,,,,,,,,,Planned Pethood International,,,,,,,
,,,,,,,,,,,,"Rocky Mountain Collie and Sheltie Rescue, Inc",,,,,,,
,,,,,,,,,,,,Midamerica Boston Terrier Rescue,,,,,,,
,,,,,,,,,,,,Valley Humane League,,,,,,,
,,,,,,,,,,,,Under the sun,,,,,,,
,,,,,,,,,,,,For the Love of Birds,,,,,,,
,,,,,,,,,,,,Homeless Boxer Care,,,,,,,
,,,,,,,,,,,,Colorado Liaison for Animal Welfare Alliance Inc,,,,,,,
,,,,,,,,,,,,Grand Valley Pit Crew,,,,,,,
,,,,,,,,,,,,Rocky MTN German Shorthaired Pointer Rescue,,,,,,,
,,,,,,,,,,,,Little Rescue on the Prairie,,,,,,,
,,,,,,,,,,,,All Paws Matter,,,,,,,
,,,,,,,,,,,,Demi's Animal Rescue Inc,,,,,,,
,,,,,,,,,,,,Fromm Rescue To Forever,,,,,,,
,,,,,,,,,,,,Doberman Rescue of Colorado,,,,,,,
,,,,,,,,,,,,Running Dog Ranch,,,,,,,
,,,,,,,,,,,,Eastern Plains Animal Welfare Alliance - EPAWA,,,,,,,
,,,,,,,,,,,,New Hope Rescue Inc.,,,,,,,
,,,,,,,,,,,,RMYR,,,,,,,
,,,,,,,,,,,,Snow Buddy Sled Dog Adventures,,,,,,,
,,,,,,,,,,,,Operation Pets Alive,,,,,,,
,,,,,,,,,,,,The Denver Dumb Friends League,,,,,,,
,,,,,,,,,,,,iResQRR,,,,,,,
,,,,,,,,,,,,Low Riders of the West,,,,,,,
,,,,,,,,,,,,MaxFund Inc. (dba Cat Shelter),,,,,,,
,,,,,,,,,,,,Up Pup and Away Inc,,,,,,,
,,,,,,,,,,,,PetSmart-Aurora Animal Shelter,,,,,,,
,,,,,,,,,,,,"Land of Ahs Kennel, Inc.",,,,,,,
,,,,,,,,,,,,"Town of Westcliffe, Town of Westcliffe Animal",,,,,,,
,,,,,,,,,,,,Metro Denver Parrot Rescue -The Perch,,,,,,,
,,,,,,,,,,,,Friends of Cedaredge Animal Control,,,,,,,
,,,,,,,,,,,,Kloer Veterinary LLC,,,,,,,
,,,,,,,,,,,,"Canine Candor, Inc.",,,,,,,
,,,,,,,,,,,,Steel City Alley Cats Coalition,,,,,,,
,,,,,,,,,,,,Colorado House Rabbit Society,,,,,,,
,,,,,,,,,,,,Town of Telluride ,,,,,,,
,,,,,,,,,,,,Estes Park Pet Lodge Inc.,,,,,,,
,,,,,,,,,,,,Pet Association of Estes Park,,,,,,,
,,,,,,,,,,,,Broadview Kennels & Grooming & Blue Moon Akita Rescue,,,,,,,
,,,,,,,,,,,,CITY OF LAS ANIMAS/COUNTY OF BENT SHELTER,,,,,,,
,,,,,,,,,,,,The Animal Interest League and Sanctuary,,,,,,,
,,,,,,,,,,,,Homeless Boxer Care ,,,,,,,
,,,,,,,,,,,,"Safe Place, Inc. ",,,,,,,
,,,,,,,,,,,,"Maxfund, Inc",,,,,,,
,,,,,,,,,,,,Soul DOg Rescue,,,,,,,
,,,,,,,,,,,,Town of Naturita Animal Shelter,,,,,,,
,,,,,,,,,,,,Humane Society of Pagosa springs,,,,,,,
,,,,,,,,,,,,ROCKY MOUNTAIN PUPPY RESCUE,,,,,,,
,,,,,,,,,,,,Eagle County Animal Shelter,,,,,,,
,,,,,,,,,,,,The Animal Assistance League and Sanctuary,,,,,,,
,,,,,,,,,,,,Black Forest Animal Sanctuary DBA:Paws N Hooves DBA:Southern CO Animal Rescue,,,,,,,
,,,,,,,,,,,,"Ark-Valley Humane Society, Inc, Salida",,,,,,,
,,,,,,,,,,,,CITY OF LA JUNTA ANIMAL SHELTER,,,,,,,
,,,,,,,,,,,,AWR Cat Tails Rescue Inc.,,,,,,,
,,,,,,,,,,,,JJS Helping Paws Inc.,,,,,,,
,,,,,,,,,,,,MOUNTIAN HIGH SERVICE DOGS INC,,,,,,,
,,,,,,,,,,,,Dakota Ranch Dog Rescue,,,,,,,
,,,,,,,,,,,,Circle 2 Ranch - An Animal Sanctuary,,,,,,,
,,,,,,,,,,,,Feline rescue Network /dba Lookwhatthecatbroughtin,,,,,,,
,,,,,,,,,,,,Airedale Terrier Rescue and Adoption ,,,,,,,
,,,,,,,,,,,,"X and B Pets, Inc.",,,,,,,
,,,,,,,,,,,,"Humane Society of Weld County, INC.",,,,,,,
,,,,,,,,,,,,"Paws N Hooves, DBA Black Forest Animal Sanctuary,",,,,,,,
,,,,,,,,,,,,from forgotten to forever rescue and transport,,,,,,,
,,,,,,,,,,,,Peanut's Place Bully Rescue Inc,,,,,,,
,,,,,,,,,,,,REZDAWG RESCUE,,,,,,,
,,,,,,,,,,,,"Cavalier King Charles Spaniel Club Rescue, Inc. ",,,,,,,
,,,,,,,,,,,,Pueblo Animal Services,,,,,,,
,,,,,,,,,,,,Beasties LLC,,,,,,,
,,,,,,,,,,,,ANNIES ORPHANS,,,,,,,
,,,,,,,,,,,,PALS FOREVER ANIMAL RESCUE,,,,,,,
,,,,,,,,,,,,Happy Cats Haven Inc,,,,,,,
,,,,,,,,,,,,Sunshine Canyon Dog Rescue ,,,,,,,
,,,,,,,,,,,,"Denver Samoyed Association, Inc.",,,,,,,
,,,,,,,,,,,,"Rocky Mountain Great Dane Rescue, Inc.",,,,,,,
,,,,,,,,,,,,Pawsecond chance rescue and thrift,,,,,,,
,,,,,,,,,,,,Aurora Animal Shelter,,,,,,,
,,,,,,,,,,,,Perfect Unions Animal Rescue Foundation,,,,,,,
,,,,,,,,,,,,Animal Kingdom & Ponds by Jeff,,,,,,,
,,,,,,,,,,,,Chow Down Pet Supplies,,,,,,,
,,,,,,,,,,,,"CSZDVM, LLC",,,,,,,
,,,,,,,,,,,,Mile Higjh German Shorthaired Pointer Rescue,,,,,,,
,,,,,,,,,,,,Colorado St. Bernard Rescue,,,,,,,
,,,,,,,,,,,,Douglas County canine rescue ,,,,,,,
,,,,,,,,,,,,"Teller County Regional Animal Shelter, Inc.",,,,,,,
,,,,,,,,,,,,Rocky Mountain Siamese Rescue,,,,,,,
,,,,,,,,,,,,Pets First Animal Hospital,,,,,,,
,,,,,,,,,,,,"Kneady Kitten Rescue, Inc",,,,,,,
,,,,,,,,,,,,Rocky Mtn German Shorthaired Pointer Rescue,,,,,,,
,,,,,,,,,,,,Lucilles Voice Animal Education and Emergency Rescue Center,,,,,,,
,,,,,,,,,,,,"Second Chance Humane Society, Inc.",,,,,,,
,,,,,,,,,,,,Pointerrescue Org,,,,,,,
,,,,,,,,,,,,"Duncan's Place, a cat sanctuary",,,,,,,
,,,,,,,,,,,,Divide Creek Animal Hospital,,,,,,,
,,,,,,,,,,,,Puppies N Stuff llc,,,,,,,
,,,,,,,,,,,,William C Adamson,,,,,,,
,,,,,,,,,,,,"PAWSitive Reaction, Inc",,,,,,,
,,,,,,,,,,,,"THE ANIMAL DEBT PROJECT, INC.",,,,,,,
,,,,,,,,,,,,Lisa Parker's Puppies,,,,,,,
,,,,,,,,,,,,Fort Collins Cat Rescue and Spay/Neuter Clinic,,,,,,,
,,,,,,,,,,,,Adams County Animal Shelter & Adoption Center,,,,,,,
,,,,,,,,,,,,For The Howl Of It Inc.,,,,,,,
,,,,,,,,,,,,Found Nation Animal Rescue ,,,,,,,
,,,,,,,,,,,,Garfield County Animal Welfare Foundation Inc dba Rifle Animal Shelter,,,,,,,
,,,,,,,,,,,,"Colorado Beagle Rescue, Inc.",,,,,,,
,,,,,,,,,,,,Miami Animal Alliance Inc,,,,,,,
,,,,,,,,,,,,Town of Dove Creek,,,,,,,
,,,,,,,,,,,,National Brittany Rescue and Adoption Network,,,,,,,
,,,,,,,,,,,,Barnwater Cats Rescue Organization,,,,,,,
,,,,,,,,,,,,David and Mary Jackson,,,,,,,
,,,,,,,,,,,,Paws and People ,,,,,,,
,,,,,,,,,,,,"Buck'n-R-Ranch Animal Rescue, Inc",,,,,,,
,,,,,,,,,,,,Fort morgan Humane Society,,,,,,,
,,,,,,,,,,,,german shepherd rescue of the rockies,,,,,,,
,,,,,,,,,,,,The Animal Rescue Colorado,,,,,,,
,,,,,,,,,,,,"Gunnison Underdog Rescue, Inc.",,,,,,,
,,,,,,,,,,,,"Freedom Service Dogs, Inc.",,,,,,,
,,,,,,,,,,,,Exotic Bird Emporium,,,,,,,
,,,,,,,,,,,,Peaceful Animal Adoption Shelter,,,,,,,
,,,,,,,,,,,,"Ark-Valley Humane Society, Inc, Buena Vista",,,,,,,
,,,,,,,,,,,,No Feline Left Behind,,,,,,,
,,,,,,,,,,,,City of Leadville/lake County ,,,,,,,
,,,,,,,,,,,,TAGG Rescue Inc,,,,,,,
,,,,,,,,,,,,COUNTY OF PARK ANIMAL SHELTER,,,,,,,
,,,,,,,,,,,,"Willow Run, Ltd.",,,,,,,
,,,,,,,,,,,,Mile HIgh Dachshunds Rescue Inc,,,,,,,
,,,,,,,,,,,,Eastern Plains Animal Welfare Alliance,,,,,,,
,,,,,,,,,,,,Clearwater Dog Training LLC,,,,,,,
,,,,,,,,,,,,"GOOD SAMARITAN PET ADOPTION CENTER, INC.",,,,,,,
,,,,,,,,,,,,"HearthFire Enterprises, Inc dba Happy Haven Farm & Sanctuary",,,,,,,
,,,,,,,,,,,,Animal House Pets & Grooming,,,,,,,
,,,,,,,,,,,,"ASPEN/ PITKIN COUNTY ANIMAL SHELTER *, SACHSON, INC *",,,,,,,
,,,,,,,,,,,,HEADWATERS HOUNDS KENNEL,,,,,,,
,,,,,,,,,,,,"Mountain High Collie & Sheltie Rescue, Inc",,,,,,,
,,,,,,,,,,,,Small Paws Retirement Village,,,,,,,
,,,,,,,,,,,,Home Sweet Home Rescue LLC,,,,,,,
,,,,,,,,,,,,City of Yuma,,,,,,,
,,,,,,,,,,,,Colorado Sheltie Rescue,,,,,,,
,,,,,,,,,,,,Thunder Puppy K9 Rehabiitation and Rehoming,,,,,,,
,,,,,,,,,,,,Front Range German Shepherd Rescue ,,,,,,,
,,,,,,,,,,,,Walsh Police Department ,,,,,,,
,,,,,,,,,,,,All Paws Matter ,,,,,,,
,,,,,,,,,,,,OutPaws,,,,,,,
,,,,,,,,,,,,Leap of Faith Rescue Ranch,,,,,,,
,,,,,,,,,,,,Colorado Animal Rescue ,,,,,,,
,,,,,,,,,,,,"PAR Group, LLC",,,,,,,
,,,,,,,,,,,,Debi Stevens,,,,,,,
,,,,,,,,,,,,Rocky Mountain Society of Aviculture,,,,,,,
,,,,,,,,,,,,Shiba Scout Rescue (dba - Colorado Shiba Inu Rescue),,,,,,,
,,,,,,,,,,,,Town of Rangely ,,,,,,,
,,,,,,,,,,,,"MY SECOND HOME RESCUE, INC.",,,,,,,
,,,,,,,,,,,,True-Blue Pet Rescue ,,,,,,,
,,,,,,,,,,,,Moe Moe's Bulldog Rescue of the Rockies,,,,,,,
,,,,,,,,,,,,Shannon Cauthen,,,,,,,
,,,,,,,,,,,,BEAR CREEK ANIMAL HOSPITAL,,,,,,,
,,,,,,,,,,,,Izzy's place ,,,,,,,
,,,,,,,,,,,,"Moms and Mutts Colorado Rescue for Pregnant and Nursing Dogs, LLC.",,,,,,,
,,,,,,,,,,,,Hair Force One Dog Grooming Salon LLC,,,,,,,
,,,,,,,,,,,,Town of La Veta,,,,,,,
,,,,,,,,,,,,PEARL'S SUNRIZE SANCTUARY,,,,,,,
,,,,,,,,,,,,Taysia Blue Siberian Husky Rescue Nebraska,,,,,,,
